conversation_id,user_a_id,user_b_id,conversation_text,avg_response_times_minutes,message_count_a,message_count_b,conversation_days,avg_message_length,last_response_hours_ago,status
C0001,U044,U038,"[{""speaker"": ""A"", ""message"": ""What kind of practices are helping you lately?""}, {""speaker"": ""B"", ""message"": ""Trying to get back into meditation.""}, {""speaker"": ""A"", ""message"": ""Yeah I relate to that.""}, {""speaker"": ""B"", ""message"": ""Yeah I relate to that.""}, {""speaker"": ""A"", ""message"": ""Yeah I relate to that.""}, {""speaker"": ""B"", ""message"": ""What kind of practices are you into?""}, {""speaker"": ""A"", ""message"": ""What kind of practices are you into?""}]",2264.4,4,3,8,6.1,106,stalled
C0002,U049,U025,"[{""speaker"": ""A"", ""message"": ""What kind of practices are helping you lately?""}, {""speaker"": ""B"", ""message"": ""I got into meditation after feeling pretty burned out last year.""}, {""speaker"": ""A"", ""message"": ""I\u2019ve been wanting to meet people who care about inner growth.""}, {""speaker"": ""B"", ""message"": ""For sure""}, {""speaker"": ""A"", ""message"": ""I\u2019m trying to spend less time online and more time in real community.""}, {""speaker"": ""B"", ""message"": ""Yeah, I\u2019ve been wanting something that feels more intentional than just another meetup.""}, {""speaker"": ""A"", ""message"": ""I relate to that. It\u2019s easy to practice alone, but harder to stay consistent without support.""}, {""speaker"": ""B"", ""message"": ""I feel like I\u2019ve been searching for deeper connection.""}, {""speaker"": ""A"", ""message"": ""That makes sense. A lot of social spaces feel pretty surface-level.""}, {""speaker"": ""B"", ""message"": ""I got into meditation after feeling pretty burned out last year.""}]",302.3,5,5,8,10.5,2,ready_for_event
C0003,U189,U093,"[{""speaker"": ""B"", ""message"": ""What kind of practices are helping you lately?""}, {""speaker"": ""A"", ""message"": ""Yeah, still figuring it out.""}, {""speaker"": ""B"", ""message"": ""I think community makes practice feel more real.""}, {""speaker"": ""B"", ""message"": ""Most of my friends aren\u2019t really into this kind of stuff.""}, {""speaker"": ""B"", ""message"": ""I feel like I\u2019ve been searching for deeper connection.""}, {""speaker"": ""B"", ""message"": ""Same. I think finding aligned community is the hardest part.""}, {""speaker"": ""B"", ""message"": ""I relate to that. It\u2019s easy to practice alone, but harder to stay consistent without support.""}, {""speaker"": ""B"", ""message"": ""Most of my friends aren\u2019t really into this kind of stuff.""}, {""speaker"": ""B"", ""message"": ""Do you usually go to things like this?""}, {""speaker"": ""B"", ""message"": ""Same. I think finding aligned community is the hardest part.""}, {""speaker"": ""B"", ""message"": ""Mostly journaling, breathwork, and trying to be more present.""}]",316.7,1,10,10,9.5,36,one_sided
C0004,U188,U039,"[{""speaker"": ""A"", ""message"": ""What kind of practices are helping you lately?""}, {""speaker"": ""B"", ""message"": ""Yeah, still figuring it out.""}, {""speaker"": ""A"", ""message"": ""I\u2019m trying to spend less time online and more time in real community.""}, {""speaker"": ""A"", ""message"": ""I think community makes practice feel more real.""}, {""speaker"": ""A"", ""message"": ""I\u2019ve been wanting to meet people who care about inner growth.""}, {""speaker"": ""A"", ""message"": ""I feel like I\u2019ve been searching for deeper connection.""}, {""speaker"": ""A"", ""message"": ""Do you usually go to things like this?""}, {""speaker"": ""A"", ""message"": ""Mostly journaling, breathwork, and trying to be more present.""}, {""speaker"": ""A"", ""message"": ""I relate to that. It\u2019s easy to practice alone, but harder to stay consistent without support.""}, {""speaker"": ""A"", ""message"": ""Same. I think finding aligned community is the hardest part.""}]",301.8,9,1,14,9.7,36,one_sided
C0005,U037,U107,"[{""speaker"": ""A"", ""message"": ""Any plans this weekend?""}, {""speaker"": ""B"", ""message"": ""Love that""}, {""speaker"": ""A"", ""message"": ""Hey!""}, {""speaker"": ""B"", ""message"": ""How\u2019s your week going?""}, {""speaker"": ""A"", ""message"": ""Hey haha""}, {""speaker"": ""B"", ""message"": ""Hey!""}, {""speaker"": ""A"", ""message"": ""Same""}, {""speaker"": ""B"", ""message"": ""Same""}, {""speaker"": ""A"", ""message"": ""Any plans this weekend?""}]",2421.8,5,4,3,2.2,17,shallow
C0006,U029,U110,"[{""speaker"": ""A"", ""message"": ""Are you looking more for events, community, or personal practice right now?""}, {""speaker"": ""B"", ""message"": ""I feel like I\u2019ve been searching for deeper connection.""}, {""speaker"": ""A"", ""message"": ""For sure""}, {""speaker"": ""B"", ""message"": ""Totally""}, {""speaker"": ""A"", ""message"": ""Honestly I\u2019ve been craving more grounded community lately.""}, {""speaker"": ""B"", ""message"": ""Yeah""}, {""speaker"": ""A"", ""message"": ""Yeah""}, {""speaker"": ""B"", ""message"": ""Cool""}, {""speaker"": ""A"", ""message"": ""Love that""}, {""speaker"": ""B"", ""message"": ""Mostly journaling, breathwork, and trying to be more present.""}, {""speaker"": ""A"", ""message"": ""I got into meditation after feeling pretty burned out last year.""}, {""speaker"": ""B"", ""message"": ""That makes sense. A lot of social spaces feel pretty surface-level.""}, {""speaker"": ""A"", ""message"": ""Yeah""}, {""speaker"": ""B"", ""message"": ""Haha same""}, {""speaker"": ""A"", ""message"": ""Same. I think finding aligned community is the hardest part.""}, {""speaker"": ""B"", ""message"": ""I relate to that. It\u2019s easy to practice alone, but harder to stay consistent without support.""}, {""speaker"": ""A"", ""message"": ""Totally""}]",353.0,9,8,9,5.8,5,ready_for_event
C0007,U117,U094,"[{""speaker"": ""A"", ""message"": ""Hey!""}, {""speaker"": ""B"", ""message"": ""Yeah totally""}, {""speaker"": ""A"", ""message"": ""Yeah totally""}, {""speaker"": ""B"", ""message"": ""Not really haha""}, {""speaker"": ""A"", ""message"": ""How\u2019s your week going?""}, {""speaker"": ""B"", ""message"": ""Any plans this weekend?""}, {""speaker"": ""A"", ""message"": ""Busy honestly""}, {""speaker"": ""B"", ""message"": ""Nice""}, {""speaker"": ""A"", ""message"": ""How\u2019s your week going?""}, {""speaker"": ""B"", ""message"": ""Yeah totally""}]",2287.2,5,5,8,2.5,15,shallow
C0008,U200,U107,"[{""speaker"": ""A"", ""message"": ""What kind of practices are helping you lately?""}, {""speaker"": ""B"", ""message"": ""I\u2019ve been wanting more community honestly.""}, {""speaker"": ""A"", ""message"": ""That makes sense.""}, {""speaker"": ""B"", ""message"": ""Sorry just saw this.""}, {""speaker"": ""A"", ""message"": ""What kind of practices are you into?""}]",2761.6,3,2,1,5.6,153,stalled
C0009,U014,U151,"[{""speaker"": ""A"", ""message"": ""Are you looking more for events, community, or personal practice right now?""}, {""speaker"": ""B"", ""message"": ""Just exploring a bit.""}, {""speaker"": ""A"", ""message"": ""I feel like I\u2019ve been searching for deeper connection.""}, {""speaker"": ""A"", ""message"": ""Honestly I\u2019ve been craving more grounded community lately.""}, {""speaker"": ""B"", ""message"": ""Totally""}, {""speaker"": ""A"", ""message"": ""Yeah, I\u2019ve been wanting something that feels more intentional than just another meetup.""}, {""speaker"": ""A"", ""message"": ""Mostly journaling, breathwork, and trying to be more present.""}, {""speaker"": ""A"", ""message"": ""I\u2019ve been wanting to meet more intentional people honestly.""}, {""speaker"": ""A"", ""message"": ""Do you usually go to things like this?""}, {""speaker"": ""A"", ""message"": ""I\u2019ve been wanting to meet people who care about inner growth.""}, {""speaker"": ""A"", ""message"": ""Same. I think finding aligned community is the hardest part.""}, {""speaker"": ""A"", ""message"": ""I relate to that. It\u2019s easy to practice alone, but harder to stay consistent without support.""}, {""speaker"": ""A"", ""message"": ""I\u2019m trying to spend less time online and more time in real community.""}, {""speaker"": ""A"", ""message"": ""That\u2019s beautiful. I\u2019ve been realizing how much environment affects my practice.""}, {""speaker"": ""A"", ""message"": ""That makes sense. A lot of social spaces feel pretty surface-level.""}, {""speaker"": ""A"", ""message"": ""Same. I think finding aligned community is the hardest part.""}]",381.2,14,2,9,9.7,2,one_sided
C0010,U130,U180,"[{""speaker"": ""A"", ""message"": ""What kind of practices are helping you lately?""}, {""speaker"": ""B"", ""message"": ""I\u2019ve been wanting more community honestly.""}, {""speaker"": ""A"", ""message"": ""Sorry just saw this.""}, {""speaker"": ""B"", ""message"": ""What kind of practices are you into?""}]",1572.5,2,2,8,6.2,58,stalled
C0011,U192,U165,"[{""speaker"": ""A"", ""message"": ""What kind of practices are helping you lately?""}, {""speaker"": ""B"", ""message"": ""Trying to get back into meditation.""}, {""speaker"": ""A"", ""message"": ""I\u2019ve had a busy week.""}, {""speaker"": ""B"", ""message"": ""That makes sense.""}]",3588.4,2,2,8,5.5,149,stalled
C0012,U050,U118,"[{""speaker"": ""A"", ""message"": ""Any plans this weekend?""}, {""speaker"": ""B"", ""message"": ""How\u2019s your week going?""}, {""speaker"": ""A"", ""message"": ""How\u2019s your week going?""}, {""speaker"": ""B"", ""message"": ""Pretty good""}, {""speaker"": ""A"", ""message"": ""Love that""}, {""speaker"": ""B"", ""message"": ""How\u2019s your week going?""}, {""speaker"": ""A"", ""message"": ""Love that""}, {""speaker"": ""B"", ""message"": ""Not really haha""}, {""speaker"": ""A"", ""message"": ""Hey haha""}, {""speaker"": ""B"", ""message"": ""Hey haha""}, {""speaker"": ""A"", ""message"": ""Not really haha""}]",2031.9,6,5,4,2.9,4,shallow
C0013,U189,U106,"[{""speaker"": ""A"", ""message"": ""Do you usually go to wellness events?""}, {""speaker"": ""B"", ""message"": ""Mostly journaling, breathwork, and trying to be more present.""}, {""speaker"": ""A"", ""message"": ""I feel like I\u2019ve been searching for deeper connection.""}, {""speaker"": ""B"", ""message"": ""Mostly journaling, breathwork, and trying to be more present.""}, {""speaker"": ""A"", ""message"": ""That makes sense. A lot of social spaces feel pretty surface-level.""}, {""speaker"": ""B"", ""message"": ""Mostly journaling, breathwork, and trying to be more present.""}, {""speaker"": ""A"", ""message"": ""Mostly journaling, breathwork, and trying to be more present.""}, {""speaker"": ""B"", ""message"": ""Honestly I\u2019ve been craving more grounded community lately.""}, {""speaker"": ""A"", ""message"": ""I\u2019m trying to spend less time online and more time in real community.""}, {""speaker"": ""B"", ""message"": ""Yeah""}, {""speaker"": ""A"", ""message"": ""Cool""}]",378.5,6,5,11,7.8,4,ready_for_event
C0014,U135,U184,"[{""speaker"": ""A"", ""message"": ""Do you usually go to wellness events?""}, {""speaker"": ""B"", ""message"": ""I got into meditation after feeling pretty burned out last year.""}, {""speaker"": ""A"", ""message"": ""I got into meditation after feeling pretty burned out last year.""}, {""speaker"": ""B"", ""message"": ""Yeah""}, {""speaker"": ""A"", ""message"": ""For sure""}, {""speaker"": ""B"", ""message"": ""Yeah, I\u2019ve been wanting something that feels more intentional than just another meetup.""}, {""speaker"": ""A"", ""message"": ""Totally""}, {""speaker"": ""B"", ""message"": ""Mostly journaling, breathwork, and trying to be more present.""}, {""speaker"": ""A"", ""message"": ""Mostly journaling, breathwork, and trying to be more present.""}, {""speaker"": ""B"", ""message"": ""Mostly journaling, breathwork, and trying to be more present.""}, {""speaker"": ""A"", ""message"": ""Mostly journaling, breathwork, and trying to be more present.""}, {""speaker"": ""B"", ""message"": ""Yeah""}, {""speaker"": ""A"", ""message"": ""Haha same""}, {""speaker"": ""B"", ""message"": ""Haha same""}, {""speaker"": ""A"", ""message"": ""That\u2019s beautiful. I\u2019ve been realizing how much environment affects my practice.""}, {""speaker"": ""B"", ""message"": ""Love that""}, {""speaker"": ""A"", ""message"": ""Same. I think finding aligned community is the hardest part.""}]",165.5,9,8,1,6.5,15,healthy
C0015,U137,U063,"[{""speaker"": ""B"", ""message"": ""Have you been exploring spirituality for a while?""}, {""speaker"": ""A"", ""message"": ""Mostly curious.""}, {""speaker"": ""B"", ""message"": ""I\u2019m trying to spend less time online and more time in real community.""}, {""speaker"": ""B"", ""message"": ""Mostly journaling, breathwork, and trying to be more present.""}, {""speaker"": ""B"", ""message"": ""I\u2019ve been wanting to meet more intentional people honestly.""}, {""speaker"": ""B"", ""message"": ""I\u2019m trying to spend less time online and more time in real community.""}, {""speaker"": ""B"", ""message"": ""Mostly journaling, breathwork, and trying to be more present.""}, {""speaker"": ""B"", ""message"": ""Mostly journaling, breathwork, and trying to be more present.""}, {""speaker"": ""B"", ""message"": ""I\u2019ve been wanting to meet people who care about inner growth.""}, {""speaker"": ""B"", ""message"": ""I\u2019ve been wanting to meet more intentional people honestly.""}, {""speaker"": ""B"", ""message"": ""I relate to that. It\u2019s easy to practice alone, but harder to stay consistent without support.""}, {""speaker"": ""B"", ""message"": ""I relate to that. It\u2019s easy to practice alone, but harder to stay consistent without support.""}]",536.8,1,11,14,10.3,12,one_sided
C0016,U155,U030,"[{""speaker"": ""A"", ""message"": ""Are you looking more for events, community, or personal practice right now?""}, {""speaker"": ""B"", ""message"": ""Mostly journaling, breathwork, and trying to be more present.""}, {""speaker"": ""A"", ""message"": ""Makes sense""}, {""speaker"": ""B"", ""message"": ""Totally""}, {""speaker"": ""A"", ""message"": ""Yeah""}, {""speaker"": ""B"", ""message"": ""I\u2019m trying to spend less time online and more time in real community.""}, {""speaker"": ""A"", ""message"": ""That makes sense. A lot of social spaces feel pretty surface-level.""}, {""speaker"": ""B"", ""message"": ""I relate to that. It\u2019s easy to practice alone, but harder to stay consistent without support.""}, {""speaker"": ""A"", ""message"": ""Yeah, I\u2019ve been wanting something that feels more intentional than just another meetup.""}, {""speaker"": ""B"", ""message"": ""That\u2019s beautiful. I\u2019ve been realizing how much environment affects my practice.""}, {""speaker"": ""A"", ""message"": ""For sure""}, {""speaker"": ""B"", ""message"": ""Love that""}, {""speaker"": ""A"", ""message"": ""I\u2019ve been wanting to meet people who care about inner growth.""}]",160.2,7,6,10,8.0,12,ready_for_event
C0017,U089,U110,"[{""speaker"": ""A"", ""message"": ""What kind of practices are helping you lately?""}, {""speaker"": ""B"", ""message"": ""I\u2019m trying to spend less time online and more time in real community.""}, {""speaker"": ""A"", ""message"": ""Yeah, I\u2019ve been wanting something that feels more intentional than just another meetup.""}, {""speaker"": ""B"", ""message"": ""Mostly journaling, breathwork, and trying to be more present.""}, {""speaker"": ""A"", ""message"": ""Makes sense""}, {""speaker"": ""B"", ""message"": ""I\u2019ve been wanting to meet people who care about inner growth.""}, {""speaker"": ""A"", ""message"": ""Makes sense""}, {""speaker"": ""B"", ""message"": ""Mostly journaling, breathwork, and trying to be more present.""}, {""speaker"": ""A"", ""message"": ""I feel like I\u2019ve been searching for deeper connection.""}, {""speaker"": ""B"", ""message"": ""Mostly journaling, breathwork, and trying to be more present.""}, {""speaker"": ""A"", ""message"": ""Mostly journaling, breathwork, and trying to be more present.""}, {""speaker"": ""B"", ""message"": ""Yeah""}, {""speaker"": ""A"", ""message"": ""Makes sense""}, {""speaker"": ""B"", ""message"": ""Makes sense""}, {""speaker"": ""A"", ""message"": ""I\u2019ve been wanting to meet people who care about inner growth.""}]",159.4,8,7,9,7.3,6,ready_for_event
C0018,U173,U181,"[{""speaker"": ""A"", ""message"": ""Are you looking more for events, community, or personal practice right now?""}, {""speaker"": ""B"", ""message"": ""I\u2019ve been wanting to meet people who care about inner growth.""}, {""speaker"": ""A"", ""message"": ""Love that""}, {""speaker"": ""B"", ""message"": ""Yeah""}, {""speaker"": ""A"", ""message"": ""Yeah""}, {""speaker"": ""B"", ""message"": ""Haha same""}, {""speaker"": ""A"", ""message"": ""I feel like I\u2019ve been searching for deeper connection.""}, {""speaker"": ""B"", ""message"": ""I relate to that. It\u2019s easy to practice alone, but harder to stay consistent without support.""}, {""speaker"": ""A"", ""message"": ""Haha same""}, {""speaker"": ""B"", ""message"": ""Makes sense""}, {""speaker"": ""A"", ""message"": ""Yeah""}, {""speaker"": ""B"", ""message"": ""Honestly I\u2019ve been craving more grounded community lately.""}, {""speaker"": ""A"", ""message"": ""That makes sense. A lot of social spaces feel pretty surface-level.""}, {""speaker"": ""B"", ""message"": ""That\u2019s beautiful. I\u2019ve been realizing how much environment affects my practice.""}, {""speaker"": ""A"", ""message"": ""Same. I think finding aligned community is the hardest part.""}]",251.1,8,7,11,6.6,8,ready_for_event
C0019,U040,U049,"[{""speaker"": ""A"", ""message"": ""Are you looking more for events, community, or personal practice right now?""}, {""speaker"": ""B"", ""message"": ""I\u2019ve been wanting to meet people who care about inner growth.""}, {""speaker"": ""A"", ""message"": ""That makes sense. A lot of social spaces feel pretty surface-level.""}, {""speaker"": ""B"", ""message"": ""Yeah I\u2019ve been feeling that too. It would be nice to meet people in person.""}, {""speaker"": ""A"", ""message"": ""Would you ever want to go to a kirtan together sometime?""}, {""speaker"": ""B"", ""message"": ""Wait that actually sounds amazing.""}, {""speaker"": ""A"", ""message"": ""You should come if you\u2019re free.""}, {""speaker"": ""B"", ""message"": ""I\u2019d definitely be down.""}, {""speaker"": ""A"", ""message"": ""Amazing, I\u2019ll send you the details \ud83d\ude4f""}, {""speaker"": ""B"", ""message"": ""Perfect, thank you :)""}, {""speaker"": ""A"", ""message"": ""I think it could be a nice low-pressure way to meet.""}, {""speaker"": ""B"", ""message"": ""Agreed. I like that it\u2019s centered around practice, not just chatting.""}]",6.6,6,6,13,9.0,9,ready_for_event
C0020,U066,U072,"[{""speaker"": ""A"", ""message"": ""Have you been exploring spirituality for a while?""}, {""speaker"": ""B"", ""message"": ""Mostly journaling, breathwork, and trying to be more present.""}, {""speaker"": ""A"", ""message"": ""I relate to that. It\u2019s easy to practice alone, but harder to stay consistent without support.""}, {""speaker"": ""B"", ""message"": ""Yeah I\u2019ve been feeling that too. It would be nice to meet people in person.""}, {""speaker"": ""A"", ""message"": ""There\u2019s a meditation event next Thursday that looks really grounding.""}, {""speaker"": ""B"", ""message"": ""Wait that actually sounds amazing.""}, {""speaker"": ""A"", ""message"": ""You should come if you\u2019re free.""}, {""speaker"": ""B"", ""message"": ""I\u2019d definitely be down.""}, {""speaker"": ""A"", ""message"": ""Amazing, I\u2019ll send you the details \ud83d\ude4f""}, {""speaker"": ""B"", ""message"": ""Perfect, thank you :)""}]",11.2,5,5,8,8.4,11,ready_for_event
C0021,U175,U094,"[{""speaker"": ""A"", ""message"": ""Are you looking more for events, community, or personal practice right now?""}, {""speaker"": ""B"", ""message"": ""I feel like I\u2019ve been searching for deeper connection.""}, {""speaker"": ""A"", ""message"": ""I feel like I\u2019ve been searching for deeper connection.""}, {""speaker"": ""B"", ""message"": ""I feel like I\u2019ve been searching for deeper connection.""}, {""speaker"": ""A"", ""message"": ""Same. I think finding aligned community is the hardest part.""}, {""speaker"": ""B"", ""message"": ""Love that""}, {""speaker"": ""A"", ""message"": ""Totally""}, {""speaker"": ""B"", ""message"": ""I feel like I\u2019ve been searching for deeper connection.""}, {""speaker"": ""A"", ""message"": ""I\u2019m trying to spend less time online and more time in real community.""}, {""speaker"": ""B"", ""message"": ""I relate to that. It\u2019s easy to practice alone, but harder to stay consistent without support.""}, {""speaker"": ""A"", ""message"": ""Cool""}]",297.5,6,5,4,8.3,3,healthy
C0022,U055,U109,"[{""speaker"": ""A"", ""message"": ""What brought you to Sangha?""}, {""speaker"": ""B"", ""message"": ""I\u2019m trying to spend less time online and more time in real community.""}, {""speaker"": ""A"", ""message"": ""Haha same""}, {""speaker"": ""B"", ""message"": ""Yeah, I\u2019ve been wanting something that feels more intentional than just another meetup.""}, {""speaker"": ""A"", ""message"": ""Same. I think finding aligned community is the hardest part.""}, {""speaker"": ""B"", ""message"": ""Yeah""}, {""speaker"": ""A"", ""message"": ""Totally""}, {""speaker"": ""B"", ""message"": ""Yeah""}, {""speaker"": ""A"", ""message"": ""I relate to that. It\u2019s easy to practice alone, but harder to stay consistent without support.""}, {""speaker"": ""B"", ""message"": ""Makes sense""}, {""speaker"": ""A"", ""message"": ""Honestly I\u2019ve been craving more grounded community lately.""}]",478.5,6,5,9,6.5,14,ready_for_event
C0023,U024,U122,"[{""speaker"": ""A"", ""message"": ""Do you usually go to wellness events?""}, {""speaker"": ""B"", ""message"": ""Mostly journaling, breathwork, and trying to be more present.""}, {""speaker"": ""A"", ""message"": ""Same. I think finding aligned community is the hardest part.""}, {""speaker"": ""B"", ""message"": ""Yeah I\u2019ve been feeling that too. It would be nice to meet people in person.""}, {""speaker"": ""A"", ""message"": ""I saw a breathwork class nearby that feels pretty aligned.""}, {""speaker"": ""B"", ""message"": ""Wait that actually sounds amazing.""}, {""speaker"": ""A"", ""message"": ""You should come if you\u2019re free.""}, {""speaker"": ""B"", ""message"": ""I\u2019d definitely be down.""}, {""speaker"": ""A"", ""message"": ""Amazing, I\u2019ll send you the details \ud83d\ude4f""}, {""speaker"": ""B"", ""message"": ""Perfect, thank you :)""}]",115.5,5,5,14,7.7,1,ready_for_event
C0024,U153,U158,"[{""speaker"": ""A"", ""message"": ""What brought you to Sangha?""}, {""speaker"": ""B"", ""message"": ""I\u2019ve been wanting to meet people who care about inner growth.""}, {""speaker"": ""A"", ""message"": ""Cool""}, {""speaker"": ""B"", ""message"": ""That\u2019s beautiful. I\u2019ve been realizing how much environment affects my practice.""}, {""speaker"": ""A"", ""message"": ""Totally""}, {""speaker"": ""B"", ""message"": ""I got into meditation after feeling pretty burned out last year.""}, {""speaker"": ""A"", ""message"": ""Mostly journaling, breathwork, and trying to be more present.""}, {""speaker"": ""B"", ""message"": ""Makes sense""}, {""speaker"": ""A"", ""message"": ""I\u2019ve been wanting to meet people who care about inner growth.""}, {""speaker"": ""B"", ""message"": ""That\u2019s beautiful. I\u2019ve been realizing how much environment affects my practice.""}, {""speaker"": ""A"", ""message"": ""Cool""}, {""speaker"": ""B"", ""message"": ""Makes sense""}, {""speaker"": ""A"", ""message"": ""I\u2019m trying to spend less time online and more time in real community.""}, {""speaker"": ""B"", ""message"": ""I\u2019ve been wanting to meet people who care about inner growth.""}]",450.8,7,7,5,7.1,19,ready_for_event
C0025,U051,U012,"[{""speaker"": ""A"", ""message"": ""Do you usually go to wellness events?""}, {""speaker"": ""B"", ""message"": ""Trying to get back into meditation.""}]",1791.2,1,1,5,6.5,31,stalled
C0026,U187,U072,"[{""speaker"": ""A"", ""message"": ""Have you been exploring spirituality for a while?""}, {""speaker"": ""B"", ""message"": ""Mostly journaling, breathwork, and trying to be more present.""}, {""speaker"": ""A"", ""message"": ""Makes sense""}, {""speaker"": ""B"", ""message"": ""Yeah, I\u2019ve been wanting something that feels more intentional than just another meetup.""}, {""speaker"": ""A"", ""message"": ""Mostly journaling, breathwork, and trying to be more present.""}, {""speaker"": ""B"", ""message"": ""Honestly I\u2019ve been craving more grounded community lately.""}, {""speaker"": ""A"", ""message"": ""Totally""}, {""speaker"": ""B"", ""message"": ""I\u2019ve been wanting to meet people who care about inner growth.""}, {""speaker"": ""A"", ""message"": ""I\u2019ve been wanting to meet people who care about inner growth.""}, {""speaker"": ""B"", ""message"": ""For sure""}, {""speaker"": ""A"", ""message"": ""I\u2019m trying to spend less time online and more time in real community.""}, {""speaker"": ""B"", ""message"": ""I\u2019m trying to spend less time online and more time in real community.""}]",370.0,6,6,3,8.3,14,healthy
C0027,U006,U063,"[{""speaker"": ""A"", ""message"": ""Do you usually go to wellness events?""}, {""speaker"": ""B"", ""message"": ""Mostly journaling, breathwork, and trying to be more present.""}, {""speaker"": ""A"", ""message"": ""That makes sense. A lot of social spaces feel pretty surface-level.""}, {""speaker"": ""B"", ""message"": ""That makes sense. A lot of social spaces feel pretty surface-level.""}, {""speaker"": ""A"", ""message"": ""Love that""}, {""speaker"": ""B"", ""message"": ""I feel like I\u2019ve been searching for deeper connection.""}, {""speaker"": ""A"", ""message"": ""I\u2019ve been wanting to meet people who care about inner growth.""}, {""speaker"": ""B"", ""message"": ""Same. I think finding aligned community is the hardest part.""}, {""speaker"": ""A"", ""message"": ""I\u2019m trying to spend less time online and more time in real community.""}, {""speaker"": ""B"", ""message"": ""That\u2019s beautiful. I\u2019ve been realizing how much environment affects my practice.""}, {""speaker"": ""A"", ""message"": ""Love that""}, {""speaker"": ""B"", ""message"": ""Mostly journaling, breathwork, and trying to be more present.""}, {""speaker"": ""A"", ""message"": ""I feel like I\u2019ve been searching for deeper connection.""}, {""speaker"": ""B"", ""message"": ""Makes sense""}, {""speaker"": ""A"", ""message"": ""That makes sense. A lot of social spaces feel pretty surface-level.""}, {""speaker"": ""B"", ""message"": ""I feel like I\u2019ve been searching for deeper connection.""}]",168.3,8,8,5,8.5,17,ready_for_event
C0028,U128,U052,"[{""speaker"": ""A"", ""message"": ""What kind of practices are helping you lately?""}, {""speaker"": ""B"", ""message"": ""Trying to get back into meditation.""}, {""speaker"": ""A"", ""message"": ""What kind of practices are you into?""}, {""speaker"": ""B"", ""message"": ""I\u2019ve had a busy week.""}, {""speaker"": ""A"", ""message"": ""I\u2019ve had a busy week.""}]",1829.2,3,2,10,6.2,153,stalled
C0029,U140,U101,"[{""speaker"": ""A"", ""message"": ""What brought you to Sangha?""}, {""speaker"": ""B"", ""message"": ""Mostly journaling, breathwork, and trying to be more present.""}, {""speaker"": ""A"", ""message"": ""I got into meditation after feeling pretty burned out last year.""}, {""speaker"": ""B"", ""message"": ""Yeah, I\u2019ve been wanting something that feels more intentional than just another meetup.""}, {""speaker"": ""A"", ""message"": ""Honestly I\u2019ve been craving more grounded community lately.""}, {""speaker"": ""B"", ""message"": ""I feel like I\u2019ve been searching for deeper connection.""}, {""speaker"": ""A"", ""message"": ""Same. I think finding aligned community is the hardest part.""}, {""speaker"": ""B"", ""message"": ""Love that""}, {""speaker"": ""A"", ""message"": ""For sure""}, {""speaker"": ""B"", ""message"": ""Mostly journaling, breathwork, and trying to be more present.""}]",125.5,5,5,2,7.8,11,healthy
C0030,U112,U168,"[{""speaker"": ""A"", ""message"": ""Do you usually go to wellness events?""}, {""speaker"": ""B"", ""message"": ""Trying to get back into meditation.""}, {""speaker"": ""A"", ""message"": ""Yeah I relate to that.""}, {""speaker"": ""B"", ""message"": ""Sorry just saw this.""}, {""speaker"": ""A"", ""message"": ""That makes sense.""}, {""speaker"": ""B"", ""message"": ""What kind of practices are you into?""}, {""speaker"": ""A"", ""message"": ""Yeah I relate to that.""}]",5398.5,4,3,8,5.3,159,stalled
C0031,U002,U008,"[{""speaker"": ""A"", ""message"": ""Have you been exploring spirituality for a while?""}, {""speaker"": ""B"", ""message"": ""Mostly journaling, breathwork, and trying to be more present.""}, {""speaker"": ""A"", ""message"": ""I\u2019ve been wanting to meet people who care about inner growth.""}, {""speaker"": ""B"", ""message"": ""Yeah, I\u2019ve been wanting something that feels more intentional than just another meetup.""}, {""speaker"": ""A"", ""message"": ""I relate to that. It\u2019s easy to practice alone, but harder to stay consistent without support.""}, {""speaker"": ""B"", ""message"": ""I feel like I\u2019ve been searching for deeper connection.""}, {""speaker"": ""A"", ""message"": ""I relate to that. It\u2019s easy to practice alone, but harder to stay consistent without support.""}, {""speaker"": ""B"", ""message"": ""That makes sense. A lot of social spaces feel pretty surface-level.""}, {""speaker"": ""A"", ""message"": ""I feel like I\u2019ve been searching for deeper connection.""}, {""speaker"": ""B"", ""message"": ""Totally""}, {""speaker"": ""A"", ""message"": ""Honestly I\u2019ve been craving more grounded community lately.""}, {""speaker"": ""B"", ""message"": ""I relate to that. It\u2019s easy to practice alone, but harder to stay consistent without support.""}]",193.4,6,6,2,10.6,6,healthy
C0032,U113,U044,"[{""speaker"": ""A"", ""message"": ""What kind of practices are helping you lately?""}, {""speaker"": ""B"", ""message"": ""I got into meditation after feeling pretty burned out last year.""}, {""speaker"": ""A"", ""message"": ""Same. I think finding aligned community is the hardest part.""}, {""speaker"": ""B"", ""message"": ""Love that""}, {""speaker"": ""A"", ""message"": ""I feel like I\u2019ve been searching for deeper connection.""}, {""speaker"": ""B"", ""message"": ""Yeah, I\u2019ve been wanting something that feels more intentional than just another meetup.""}, {""speaker"": ""A"", ""message"": ""That\u2019s beautiful. I\u2019ve been realizing how much environment affects my practice.""}, {""speaker"": ""B"", ""message"": ""I got into meditation after feeling pretty burned out last year.""}, {""speaker"": ""A"", ""message"": ""I\u2019ve been wanting to meet people who care about inner growth.""}, {""speaker"": ""B"", ""message"": ""I feel like I\u2019ve been searching for deeper connection.""}, {""speaker"": ""A"", ""message"": ""Yeah""}]",265.9,6,5,7,8.7,17,ready_for_event
C0033,U017,U044,"[{""speaker"": ""A"", ""message"": ""Are you looking more for events, community, or personal practice right now?""}, {""speaker"": ""B"", ""message"": ""I feel like I\u2019ve been searching for deeper connection.""}, {""speaker"": ""A"", ""message"": ""Love that""}, {""speaker"": ""B"", ""message"": ""That makes sense. A lot of social spaces feel pretty surface-level.""}, {""speaker"": ""A"", ""message"": ""That\u2019s beautiful. I\u2019ve been realizing how much environment affects my practice.""}, {""speaker"": ""B"", ""message"": ""Honestly I\u2019ve been craving more grounded community lately.""}, {""speaker"": ""A"", ""message"": ""Nice""}, {""speaker"": ""B"", ""message"": ""That makes sense. A lot of social spaces feel pretty surface-level.""}, {""speaker"": ""A"", ""message"": ""Nice""}, {""speaker"": ""B"", ""message"": ""Cool""}, {""speaker"": ""A"", ""message"": ""That makes sense. A lot of social spaces feel pretty surface-level.""}, {""speaker"": ""B"", ""message"": ""Same. I think finding aligned community is the hardest part.""}]",177.0,6,6,9,7.3,6,ready_for_event
C0034,U119,U035,"[{""speaker"": ""A"", ""message"": ""Do you usually go to wellness events?""}, {""speaker"": ""B"", ""message"": ""I feel like I\u2019ve been searching for deeper connection.""}, {""speaker"": ""A"", ""message"": ""That\u2019s beautiful. I\u2019ve been realizing how much environment affects my practice.""}, {""speaker"": ""B"", ""message"": ""That makes sense. A lot of social spaces feel pretty surface-level.""}, {""speaker"": ""A"", ""message"": ""Yeah, I\u2019ve been wanting something that feels more intentional than just another meetup.""}, {""speaker"": ""B"", ""message"": ""I relate to that. It\u2019s easy to practice alone, but harder to stay consistent without support.""}, {""speaker"": ""A"", ""message"": ""Same. I think finding aligned community is the hardest part.""}, {""speaker"": ""B"", ""message"": ""I\u2019m trying to spend less time online and more time in real community.""}]",240.6,4,4,2,11.2,8,healthy
C0035,U195,U103,"[{""speaker"": ""A"", ""message"": ""Nice""}, {""speaker"": ""B"", ""message"": ""How\u2019s your week going?""}, {""speaker"": ""A"", ""message"": ""Hey haha""}, {""speaker"": ""B"", ""message"": ""Love that""}, {""speaker"": ""A"", ""message"": ""Yeah totally""}, {""speaker"": ""B"", ""message"": ""Any plans this weekend?""}, {""speaker"": ""A"", ""message"": ""Same""}, {""speaker"": ""B"", ""message"": ""Love that""}, {""speaker"": ""A"", ""message"": ""Busy honestly""}, {""speaker"": ""B"", ""message"": ""Same""}, {""speaker"": ""A"", ""message"": ""Hey!""}]",929.2,6,5,7,2.0,25,stalled
C0036,U061,U013,"[{""speaker"": ""A"", ""message"": ""What kind of practices are helping you lately?""}, {""speaker"": ""B"", ""message"": ""Mostly journaling, breathwork, and trying to be more present.""}, {""speaker"": ""A"", ""message"": ""That\u2019s beautiful. I\u2019ve been realizing how much environment affects my practice.""}, {""speaker"": ""B"", ""message"": ""Love that""}, {""speaker"": ""A"", ""message"": ""I relate to that. It\u2019s easy to practice alone, but harder to stay consistent without support.""}, {""speaker"": ""B"", ""message"": ""Totally""}, {""speaker"": ""A"", ""message"": ""That\u2019s beautiful. I\u2019ve been realizing how much environment affects my practice.""}, {""speaker"": ""B"", ""message"": ""That\u2019s beautiful. I\u2019ve been realizing how much environment affects my practice.""}, {""speaker"": ""A"", ""message"": ""Totally""}, {""speaker"": ""B"", ""message"": ""Honestly I\u2019ve been craving more grounded community lately.""}, {""speaker"": ""A"", ""message"": ""Mostly journaling, breathwork, and trying to be more present.""}]",293.6,6,5,11,7.9,14,ready_for_event
C0037,U075,U143,"[{""speaker"": ""A"", ""message"": ""Are you looking more for events, community, or personal practice right now?""}, {""speaker"": ""B"", ""message"": ""I feel like I\u2019ve been searching for deeper connection.""}, {""speaker"": ""A"", ""message"": ""Same. I think finding aligned community is the hardest part.""}, {""speaker"": ""B"", ""message"": ""Yeah I\u2019ve been feeling that too. It would be nice to meet people in person.""}, {""speaker"": ""A"", ""message"": ""I saw a breathwork class nearby that feels pretty aligned.""}, {""speaker"": ""B"", ""message"": ""Wait that actually sounds amazing.""}, {""speaker"": ""A"", ""message"": ""You should come if you\u2019re free.""}, {""speaker"": ""B"", ""message"": ""I\u2019d definitely be down.""}, {""speaker"": ""A"", ""message"": ""Amazing, I\u2019ll send you the details \ud83d\ude4f""}, {""speaker"": ""B"", ""message"": ""Perfect, thank you :)""}]",105.6,5,5,14,8.2,3,ready_for_event
C0038,U145,U065,"[{""speaker"": ""A"", ""message"": ""Do you usually go to wellness events?""}, {""speaker"": ""B"", ""message"": ""I got into meditation after feeling pretty burned out last year.""}, {""speaker"": ""A"", ""message"": ""Love that""}, {""speaker"": ""B"", ""message"": ""That\u2019s beautiful. I\u2019ve been realizing how much environment affects my practice.""}, {""speaker"": ""A"", ""message"": ""Love that""}, {""speaker"": ""B"", ""message"": ""Honestly I\u2019ve been craving more grounded community lately.""}, {""speaker"": ""A"", ""message"": ""Same. I think finding aligned community is the hardest part.""}, {""speaker"": ""B"", ""message"": ""For sure""}, {""speaker"": ""A"", ""message"": ""Haha same""}, {""speaker"": ""B"", ""message"": ""I relate to that. It\u2019s easy to practice alone, but harder to stay consistent without support.""}, {""speaker"": ""A"", ""message"": ""Same. I think finding aligned community is the hardest part.""}, {""speaker"": ""B"", ""message"": ""Yeah""}, {""speaker"": ""A"", ""message"": ""Totally""}, {""speaker"": ""B"", ""message"": ""I\u2019m trying to spend less time online and more time in real community.""}, {""speaker"": ""A"", ""message"": ""Haha same""}, {""speaker"": ""B"", ""message"": ""Cool""}, {""speaker"": ""A"", ""message"": ""For sure""}, {""speaker"": ""B"", ""message"": ""I\u2019ve been wanting to meet people who care about inner growth.""}]",111.3,9,9,2,6.2,10,healthy
C0039,U097,U165,"[{""speaker"": ""A"", ""message"": ""Are you looking more for events, community, or personal practice right now?""}, {""speaker"": ""B"", ""message"": ""I got into meditation after feeling pretty burned out last year.""}, {""speaker"": ""A"", ""message"": ""That makes sense. A lot of social spaces feel pretty surface-level.""}, {""speaker"": ""B"", ""message"": ""Yeah I\u2019ve been feeling that too. It would be nice to meet people in person.""}, {""speaker"": ""A"", ""message"": ""There\u2019s actually a sound bath this weekend I was thinking of going to.""}, {""speaker"": ""B"", ""message"": ""Wait that actually sounds amazing.""}, {""speaker"": ""A"", ""message"": ""You should come if you\u2019re free.""}, {""speaker"": ""B"", ""message"": ""I\u2019d definitely be down.""}, {""speaker"": ""A"", ""message"": ""Amazing, I\u2019ll send you the details \ud83d\ude4f""}, {""speaker"": ""B"", ""message"": ""Perfect, thank you :)""}, {""speaker"": ""A"", ""message"": ""I think it could be a nice low-pressure way to meet.""}, {""speaker"": ""B"", ""message"": ""Agreed. I like that it\u2019s centered around practice, not just chatting.""}]",58.3,6,6,21,9.2,2,ready_for_event
C0040,U065,U101,"[{""speaker"": ""A"", ""message"": ""Yeah totally""}, {""speaker"": ""B"", ""message"": ""Yeah totally""}, {""speaker"": ""A"", ""message"": ""Same""}, {""speaker"": ""B"", ""message"": ""Hey haha""}, {""speaker"": ""A"", ""message"": ""How\u2019s your week going?""}, {""speaker"": ""B"", ""message"": ""Nice""}, {""speaker"": ""A"", ""message"": ""How\u2019s your week going?""}, {""speaker"": ""B"", ""message"": ""That\u2019s cool""}, {""speaker"": ""A"", ""message"": ""Same""}]",1801.6,5,4,2,2.1,14,shallow
C0041,U168,U145,"[{""speaker"": ""A"", ""message"": ""Not really haha""}, {""speaker"": ""B"", ""message"": ""Not really haha""}, {""speaker"": ""A"", ""message"": ""Yeah totally""}, {""speaker"": ""B"", ""message"": ""Hey!""}, {""speaker"": ""A"", ""message"": ""Same""}, {""speaker"": ""B"", ""message"": ""Hey!""}]",1926.3,3,3,6,1.8,24,shallow
C0042,U036,U048,"[{""speaker"": ""A"", ""message"": ""What kind of practices are helping you lately?""}, {""speaker"": ""B"", ""message"": ""I feel like I\u2019ve been searching for deeper connection.""}, {""speaker"": ""A"", ""message"": ""Same. I think finding aligned community is the hardest part.""}, {""speaker"": ""B"", ""message"": ""That\u2019s beautiful. I\u2019ve been realizing how much environment affects my practice.""}, {""speaker"": ""A"", ""message"": ""I feel like I\u2019ve been searching for deeper connection.""}, {""speaker"": ""B"", ""message"": ""Cool""}, {""speaker"": ""A"", ""message"": ""Cool""}, {""speaker"": ""B"", ""message"": ""I got into meditation after feeling pretty burned out last year.""}, {""speaker"": ""A"", ""message"": ""Honestly I\u2019ve been craving more grounded community lately.""}, {""speaker"": ""B"", ""message"": ""Love that""}, {""speaker"": ""A"", ""message"": ""That makes sense. A lot of social spaces feel pretty surface-level.""}, {""speaker"": ""B"", ""message"": ""Cool""}, {""speaker"": ""A"", ""message"": ""I\u2019ve been wanting to meet people who care about inner growth.""}, {""speaker"": ""B"", ""message"": ""Love that""}, {""speaker"": ""A"", ""message"": ""Mostly journaling, breathwork, and trying to be more present.""}]",389.9,8,7,11,6.9,20,ready_for_event
C0043,U026,U067,"[{""speaker"": ""A"", ""message"": ""What brought you to Sangha?""}, {""speaker"": ""B"", ""message"": ""I got into meditation after feeling pretty burned out last year.""}, {""speaker"": ""A"", ""message"": ""Same. I think finding aligned community is the hardest part.""}, {""speaker"": ""B"", ""message"": ""Yeah I\u2019ve been feeling that too. It would be nice to meet people in person.""}, {""speaker"": ""A"", ""message"": ""There\u2019s a meditation event next Thursday that looks really grounding.""}, {""speaker"": ""B"", ""message"": ""Wait that actually sounds amazing.""}, {""speaker"": ""A"", ""message"": ""You should come if you\u2019re free.""}, {""speaker"": ""B"", ""message"": ""I\u2019d definitely be down.""}, {""speaker"": ""A"", ""message"": ""Amazing, I\u2019ll send you the details \ud83d\ude4f""}, {""speaker"": ""B"", ""message"": ""Perfect, thank you :)""}, {""speaker"": ""A"", ""message"": ""I think it could be a nice low-pressure way to meet.""}, {""speaker"": ""B"", ""message"": ""Agreed. I like that it\u2019s centered around practice, not just chatting.""}]",8.6,6,6,16,8.2,5,ready_for_event
C0044,U186,U077,"[{""speaker"": ""A"", ""message"": ""What kind of practices are helping you lately?""}, {""speaker"": ""B"", ""message"": ""Just exploring a bit.""}, {""speaker"": ""A"", ""message"": ""Same. I think finding aligned community is the hardest part.""}, {""speaker"": ""A"", ""message"": ""I think community makes practice feel more real.""}, {""speaker"": ""A"", ""message"": ""Yeah, I\u2019ve been wanting something that feels more intentional than just another meetup.""}, {""speaker"": ""A"", ""message"": ""I relate to that. It\u2019s easy to practice alone, but harder to stay consistent without support.""}, {""speaker"": ""B"", ""message"": ""Totally""}, {""speaker"": ""A"", ""message"": ""That\u2019s beautiful. I\u2019ve been realizing how much environment affects my practice.""}, {""speaker"": ""A"", ""message"": ""I\u2019m trying to spend less time online and more time in real community.""}, {""speaker"": ""A"", ""message"": ""Do you usually go to things like this?""}, {""speaker"": ""A"", ""message"": ""Same. I think finding aligned community is the hardest part.""}]",532.0,9,2,12,9.3,12,one_sided
C0045,U142,U128,"[{""speaker"": ""A"", ""message"": ""Are you looking more for events, community, or personal practice right now?""}, {""speaker"": ""B"", ""message"": ""Trying to get back into meditation.""}, {""speaker"": ""A"", ""message"": ""That makes sense.""}, {""speaker"": ""B"", ""message"": ""Yeah I relate to that.""}]",4002.6,2,2,7,6.5,46,stalled
C0046,U196,U117,"[{""speaker"": ""A"", ""message"": ""What brought you to Sangha?""}, {""speaker"": ""B"", ""message"": ""I\u2019ve been wanting more community honestly.""}, {""speaker"": ""A"", ""message"": ""I\u2019ve had a busy week.""}, {""speaker"": ""B"", ""message"": ""Sorry just saw this.""}, {""speaker"": ""A"", ""message"": ""What kind of practices are you into?""}, {""speaker"": ""B"", ""message"": ""Yeah I relate to that.""}, {""speaker"": ""A"", ""message"": ""Sorry just saw this.""}]",1956.2,4,3,1,5.1,124,stalled
C0047,U028,U153,"[{""speaker"": ""A"", ""message"": ""Do you usually go to wellness events?""}, {""speaker"": ""B"", ""message"": ""I got into meditation after feeling pretty burned out last year.""}, {""speaker"": ""A"", ""message"": ""That makes sense. A lot of social spaces feel pretty surface-level.""}, {""speaker"": ""B"", ""message"": ""Yeah I\u2019ve been feeling that too. It would be nice to meet people in person.""}, {""speaker"": ""A"", ""message"": ""There\u2019s a meditation event next Thursday that looks really grounding.""}, {""speaker"": ""B"", ""message"": ""Wait that actually sounds amazing.""}, {""speaker"": ""A"", ""message"": ""You should come if you\u2019re free.""}, {""speaker"": ""B"", ""message"": ""I\u2019d definitely be down.""}, {""speaker"": ""A"", ""message"": ""Amazing, I\u2019ll send you the details \ud83d\ude4f""}, {""speaker"": ""B"", ""message"": ""Perfect, thank you :)""}, {""speaker"": ""A"", ""message"": ""I think it could be a nice low-pressure way to meet.""}, {""speaker"": ""B"", ""message"": ""Agreed. I like that it\u2019s centered around practice, not just chatting.""}]",62.2,6,6,10,8.5,2,ready_for_event
C0048,U096,U117,"[{""speaker"": ""A"", ""message"": ""Do you usually go to wellness events?""}, {""speaker"": ""B"", ""message"": ""Trying to get back into meditation.""}]",5330.6,1,1,7,6.5,104,stalled
C0049,U105,U062,"[{""speaker"": ""A"", ""message"": ""Do you usually go to wellness events?""}, {""speaker"": ""B"", ""message"": ""Mostly just exploring right now.""}, {""speaker"": ""A"", ""message"": ""Sorry just saw this.""}]",1448.4,2,1,2,5.3,75,stalled
C0050,U017,U022,"[{""speaker"": ""A"", ""message"": ""What kind of practices are helping you lately?""}, {""speaker"": ""B"", ""message"": ""I feel like I\u2019ve been searching for deeper connection.""}, {""speaker"": ""A"", ""message"": ""That makes sense. A lot of social spaces feel pretty surface-level.""}, {""speaker"": ""B"", ""message"": ""Haha same""}, {""speaker"": ""A"", ""message"": ""I\u2019ve been wanting to meet people who care about inner growth.""}, {""speaker"": ""B"", ""message"": ""Mostly journaling, breathwork, and trying to be more present.""}, {""speaker"": ""A"", ""message"": ""That\u2019s beautiful. I\u2019ve been realizing how much environment affects my practice.""}, {""speaker"": ""B"", ""message"": ""Makes sense""}, {""speaker"": ""A"", ""message"": ""I\u2019m trying to spend less time online and more time in real community.""}, {""speaker"": ""B"", ""message"": ""Nice""}, {""speaker"": ""A"", ""message"": ""Love that""}, {""speaker"": ""B"", ""message"": ""Makes sense""}]",468.3,6,6,12,6.8,17,ready_for_event
C0051,U064,U034,"[{""speaker"": ""A"", ""message"": ""Have you been exploring spirituality for a while?""}, {""speaker"": ""B"", ""message"": ""I got into meditation after feeling pretty burned out last year.""}, {""speaker"": ""A"", ""message"": ""That\u2019s beautiful. I\u2019ve been realizing how much environment affects my practice.""}, {""speaker"": ""B"", ""message"": ""Honestly I\u2019ve been craving more grounded community lately.""}, {""speaker"": ""A"", ""message"": ""Haha same""}, {""speaker"": ""B"", ""message"": ""Yeah""}, {""speaker"": ""A"", ""message"": ""I got into meditation after feeling pretty burned out last year.""}, {""speaker"": ""B"", ""message"": ""Honestly I\u2019ve been craving more grounded community lately.""}, {""speaker"": ""A"", ""message"": ""Same. I think finding aligned community is the hardest part.""}, {""speaker"": ""B"", ""message"": ""I\u2019m trying to spend less time online and more time in real community.""}, {""speaker"": ""A"", ""message"": ""I\u2019ve been wanting to meet people who care about inner growth.""}, {""speaker"": ""B"", ""message"": ""Yeah""}, {""speaker"": ""A"", ""message"": ""Yeah""}, {""speaker"": ""B"", ""message"": ""Honestly I\u2019ve been craving more grounded community lately.""}]",234.1,7,7,6,7.4,5,ready_for_event
C0052,U053,U170,"[{""speaker"": ""A"", ""message"": ""Have you been exploring spirituality for a while?""}, {""speaker"": ""B"", ""message"": ""I got into meditation after feeling pretty burned out last year.""}, {""speaker"": ""A"", ""message"": ""I\u2019ve been wanting to meet people who care about inner growth.""}, {""speaker"": ""B"", ""message"": ""I got into meditation after feeling pretty burned out last year.""}, {""speaker"": ""A"", ""message"": ""Cool""}, {""speaker"": ""B"", ""message"": ""That\u2019s beautiful. I\u2019ve been realizing how much environment affects my practice.""}, {""speaker"": ""A"", ""message"": ""I got into meditation after feeling pretty burned out last year.""}, {""speaker"": ""B"", ""message"": ""Totally""}, {""speaker"": ""A"", ""message"": ""Cool""}, {""speaker"": ""B"", ""message"": ""For sure""}, {""speaker"": ""A"", ""message"": ""Yeah""}, {""speaker"": ""B"", ""message"": ""That makes sense. A lot of social spaces feel pretty surface-level.""}, {""speaker"": ""A"", ""message"": ""Honestly I\u2019ve been craving more grounded community lately.""}, {""speaker"": ""B"", ""message"": ""Yeah""}]",435.8,7,7,5,6.4,7,ready_for_event
C0053,U018,U010,"[{""speaker"": ""A"", ""message"": ""What kind of practices are helping you lately?""}, {""speaker"": ""B"", ""message"": ""Mostly journaling, breathwork, and trying to be more present.""}, {""speaker"": ""A"", ""message"": ""I relate to that. It\u2019s easy to practice alone, but harder to stay consistent without support.""}, {""speaker"": ""B"", ""message"": ""Love that""}, {""speaker"": ""A"", ""message"": ""That makes sense. A lot of social spaces feel pretty surface-level.""}, {""speaker"": ""B"", ""message"": ""That\u2019s beautiful. I\u2019ve been realizing how much environment affects my practice.""}, {""speaker"": ""A"", ""message"": ""Yeah, I\u2019ve been wanting something that feels more intentional than just another meetup.""}, {""speaker"": ""B"", ""message"": ""Nice""}, {""speaker"": ""A"", ""message"": ""I\u2019ve been wanting to meet people who care about inner growth.""}, {""speaker"": ""B"", ""message"": ""Love that""}, {""speaker"": ""A"", ""message"": ""I got into meditation after feeling pretty burned out last year.""}]",325.5,6,5,9,8.6,11,ready_for_event
C0054,U022,U015,"[{""speaker"": ""A"", ""message"": ""What brought you to Sangha?""}, {""speaker"": ""B"", ""message"": ""I got into meditation after feeling pretty burned out last year.""}, {""speaker"": ""A"", ""message"": ""Yeah""}, {""speaker"": ""B"", ""message"": ""I feel like I\u2019ve been searching for deeper connection.""}, {""speaker"": ""A"", ""message"": ""Same. I think finding aligned community is the hardest part.""}, {""speaker"": ""B"", ""message"": ""Makes sense""}, {""speaker"": ""A"", ""message"": ""That makes sense. A lot of social spaces feel pretty surface-level.""}, {""speaker"": ""B"", ""message"": ""Yeah, I\u2019ve been wanting something that feels more intentional than just another meetup.""}, {""speaker"": ""A"", ""message"": ""Mostly journaling, breathwork, and trying to be more present.""}, {""speaker"": ""B"", ""message"": ""I\u2019ve been wanting to meet people who care about inner growth.""}, {""speaker"": ""A"", ""message"": ""That\u2019s beautiful. I\u2019ve been realizing how much environment affects my practice.""}, {""speaker"": ""B"", ""message"": ""I\u2019ve been wanting to meet people who care about inner growth.""}]",362.9,6,6,7,8.7,1,ready_for_event
C0055,U184,U119,"[{""speaker"": ""B"", ""message"": ""Do you usually go to wellness events?""}, {""speaker"": ""A"", ""message"": ""Mostly curious.""}, {""speaker"": ""B"", ""message"": ""Yeah, I\u2019ve been wanting something that feels more intentional than just another meetup.""}, {""speaker"": ""B"", ""message"": ""I relate to that. It\u2019s easy to practice alone, but harder to stay consistent without support.""}, {""speaker"": ""A"", ""message"": ""Totally""}, {""speaker"": ""B"", ""message"": ""Do you usually go to things like this?""}, {""speaker"": ""B"", ""message"": ""I relate to that. It\u2019s easy to practice alone, but harder to stay consistent without support.""}, {""speaker"": ""B"", ""message"": ""I got into meditation after feeling pretty burned out last year.""}, {""speaker"": ""A"", ""message"": ""Totally""}, {""speaker"": ""B"", ""message"": ""I think community makes practice feel more real.""}, {""speaker"": ""B"", ""message"": ""Most of my friends aren\u2019t really into this kind of stuff.""}, {""speaker"": ""B"", ""message"": ""Honestly I\u2019ve been craving more grounded community lately.""}, {""speaker"": ""B"", ""message"": ""That\u2019s beautiful. I\u2019ve been realizing how much environment affects my practice.""}, {""speaker"": ""B"", ""message"": ""I got into meditation after feeling pretty burned out last year.""}]",925.6,3,11,14,8.9,4,one_sided
C0056,U016,U102,"[{""speaker"": ""B"", ""message"": ""Do you usually go to wellness events?""}, {""speaker"": ""A"", ""message"": ""Mostly curious.""}, {""speaker"": ""B"", ""message"": ""Yeah, I\u2019ve been wanting something that feels more intentional than just another meetup.""}, {""speaker"": ""B"", ""message"": ""I relate to that. It\u2019s easy to practice alone, but harder to stay consistent without support.""}, {""speaker"": ""B"", ""message"": ""Yeah, I\u2019ve been wanting something that feels more intentional than just another meetup.""}, {""speaker"": ""A"", ""message"": ""Yeah""}, {""speaker"": ""B"", ""message"": ""Honestly I\u2019ve been craving more grounded community lately.""}, {""speaker"": ""B"", ""message"": ""I feel like I\u2019ve been searching for deeper connection.""}, {""speaker"": ""B"", ""message"": ""Honestly I\u2019ve been craving more grounded community lately.""}, {""speaker"": ""B"", ""message"": ""Honestly I\u2019ve been craving more grounded community lately.""}, {""speaker"": ""B"", ""message"": ""I relate to that. It\u2019s easy to practice alone, but harder to stay consistent without support.""}, {""speaker"": ""B"", ""message"": ""I got into meditation after feeling pretty burned out last year.""}, {""speaker"": ""B"", ""message"": ""Mostly journaling, breathwork, and trying to be more present.""}, {""speaker"": ""B"", ""message"": ""I\u2019m trying to spend less time online and more time in real community.""}]",567.1,2,12,7,9.6,32,one_sided
C0057,U131,U114,"[{""speaker"": ""A"", ""message"": ""What brought you to Sangha?""}, {""speaker"": ""B"", ""message"": ""Just exploring a bit.""}, {""speaker"": ""A"", ""message"": ""That makes sense. A lot of social spaces feel pretty surface-level.""}, {""speaker"": ""A"", ""message"": ""I\u2019ve been wanting to meet people who care about inner growth.""}, {""speaker"": ""A"", ""message"": ""Mostly journaling, breathwork, and trying to be more present.""}, {""speaker"": ""A"", ""message"": ""Mostly journaling, breathwork, and trying to be more present.""}, {""speaker"": ""B"", ""message"": ""Totally""}, {""speaker"": ""A"", ""message"": ""That makes sense. A lot of social spaces feel pretty surface-level.""}, {""speaker"": ""A"", ""message"": ""I\u2019ve been wanting to meet more intentional people honestly.""}, {""speaker"": ""B"", ""message"": ""Yeah""}, {""speaker"": ""A"", ""message"": ""I\u2019ve been wanting to meet more intentional people honestly.""}]",402.6,8,3,4,7.3,16,one_sided
C0058,U107,U200,"[{""speaker"": ""A"", ""message"": ""How\u2019s your week going?""}, {""speaker"": ""B"", ""message"": ""Nice""}, {""speaker"": ""A"", ""message"": ""Yeah totally""}, {""speaker"": ""B"", ""message"": ""Hey!""}, {""speaker"": ""A"", ""message"": ""Hey haha""}, {""speaker"": ""B"", ""message"": ""That\u2019s cool""}, {""speaker"": ""A"", ""message"": ""Love that""}, {""speaker"": ""B"", ""message"": ""Not really haha""}, {""speaker"": ""A"", ""message"": ""Busy honestly""}]",772.9,5,4,6,2.1,6,healthy
C0059,U011,U186,"[{""speaker"": ""A"", ""message"": ""What brought you to Sangha?""}, {""speaker"": ""B"", ""message"": ""I\u2019m trying to spend less time online and more time in real community.""}, {""speaker"": ""A"", ""message"": ""That\u2019s beautiful. I\u2019ve been realizing how much environment affects my practice.""}, {""speaker"": ""B"", ""message"": ""Yeah I\u2019ve been feeling that too. It would be nice to meet people in person.""}, {""speaker"": ""A"", ""message"": ""There\u2019s a meditation event next Thursday that looks really grounding.""}, {""speaker"": ""B"", ""message"": ""Wait that actually sounds amazing.""}, {""speaker"": ""A"", ""message"": ""You should come if you\u2019re free.""}, {""speaker"": ""B"", ""message"": ""I\u2019d definitely be down.""}, {""speaker"": ""A"", ""message"": ""Amazing, I\u2019ll send you the details \ud83d\ude4f""}, {""speaker"": ""B"", ""message"": ""Perfect, thank you :)""}, {""speaker"": ""A"", ""message"": ""I think it could be a nice low-pressure way to meet.""}, {""speaker"": ""B"", ""message"": ""Agreed. I like that it\u2019s centered around practice, not just chatting.""}]",57.6,6,6,11,8.5,11,ready_for_event
C0060,U030,U134,"[{""speaker"": ""A"", ""message"": ""What brought you to Sangha?""}, {""speaker"": ""B"", ""message"": ""Trying to get back into meditation.""}, {""speaker"": ""A"", ""message"": ""What kind of practices are you into?""}, {""speaker"": ""B"", ""message"": ""What kind of practices are you into?""}]",4115.8,2,2,3,6.2,33,stalled
C0061,U105,U035,"[{""speaker"": ""A"", ""message"": ""Do you usually go to wellness events?""}, {""speaker"": ""B"", ""message"": ""I\u2019m trying to spend less time online and more time in real community.""}, {""speaker"": ""A"", ""message"": ""Nice""}, {""speaker"": ""B"", ""message"": ""For sure""}, {""speaker"": ""A"", ""message"": ""Haha same""}, {""speaker"": ""B"", ""message"": ""Same. I think finding aligned community is the hardest part.""}, {""speaker"": ""A"", ""message"": ""I\u2019ve been wanting to meet people who care about inner growth.""}, {""speaker"": ""B"", ""message"": ""Honestly I\u2019ve been craving more grounded community lately.""}, {""speaker"": ""A"", ""message"": ""Haha same""}, {""speaker"": ""B"", ""message"": ""Totally""}]",192.6,5,5,7,5.7,11,ready_for_event
C0062,U116,U192,"[{""speaker"": ""A"", ""message"": ""What kind of practices are helping you lately?""}, {""speaker"": ""B"", ""message"": ""Just exploring a bit.""}, {""speaker"": ""A"", ""message"": ""Yeah, I\u2019ve been wanting something that feels more intentional than just another meetup.""}, {""speaker"": ""A"", ""message"": ""I\u2019ve been wanting to meet people who care about inner growth.""}, {""speaker"": ""B"", ""message"": ""Makes sense""}, {""speaker"": ""A"", ""message"": ""Most of my friends aren\u2019t really into this kind of stuff.""}, {""speaker"": ""B"", ""message"": ""Totally""}, {""speaker"": ""A"", ""message"": ""I relate to that. It\u2019s easy to practice alone, but harder to stay consistent without support.""}, {""speaker"": ""A"", ""message"": ""I\u2019m trying to spend less time online and more time in real community.""}, {""speaker"": ""A"", ""message"": ""Yeah, I\u2019ve been wanting something that feels more intentional than just another meetup.""}, {""speaker"": ""A"", ""message"": ""Honestly I\u2019ve been craving more grounded community lately.""}, {""speaker"": ""A"", ""message"": ""I\u2019m trying to spend less time online and more time in real community.""}, {""speaker"": ""A"", ""message"": ""Same. I think finding aligned community is the hardest part.""}, {""speaker"": ""A"", ""message"": ""Same. I think finding aligned community is the hardest part.""}, {""speaker"": ""A"", ""message"": ""I got into meditation after feeling pretty burned out last year.""}]",285.4,12,3,9,9.6,23,one_sided
C0063,U185,U066,"[{""speaker"": ""A"", ""message"": ""What kind of practices are helping you lately?""}, {""speaker"": ""B"", ""message"": ""Trying to get back into meditation.""}, {""speaker"": ""A"", ""message"": ""Yeah I relate to that.""}]",5098.9,2,1,3,6.3,134,stalled
C0064,U065,U128,"[{""speaker"": ""A"", ""message"": ""Have you been exploring spirituality for a while?""}, {""speaker"": ""B"", ""message"": ""Mostly journaling, breathwork, and trying to be more present.""}, {""speaker"": ""A"", ""message"": ""Yeah, I\u2019ve been wanting something that feels more intentional than just another meetup.""}, {""speaker"": ""B"", ""message"": ""Yeah I\u2019ve been feeling that too. It would be nice to meet people in person.""}, {""speaker"": ""A"", ""message"": ""I saw a breathwork class nearby that feels pretty aligned.""}, {""speaker"": ""B"", ""message"": ""Wait that actually sounds amazing.""}, {""speaker"": ""A"", ""message"": ""You should come if you\u2019re free.""}, {""speaker"": ""B"", ""message"": ""I\u2019d definitely be down.""}, {""speaker"": ""A"", ""message"": ""Amazing, I\u2019ll send you the details \ud83d\ude4f""}, {""speaker"": ""B"", ""message"": ""Perfect, thank you :)""}, {""speaker"": ""A"", ""message"": ""I think it could be a nice low-pressure way to meet.""}, {""speaker"": ""B"", ""message"": ""Agreed. I like that it\u2019s centered around practice, not just chatting.""}]",42.5,6,6,25,8.6,8,ready_for_event
C0065,U170,U044,"[{""speaker"": ""A"", ""message"": ""Do you usually go to wellness events?""}, {""speaker"": ""B"", ""message"": ""I\u2019ve been wanting to meet people who care about inner growth.""}, {""speaker"": ""A"", ""message"": ""That makes sense. A lot of social spaces feel pretty surface-level.""}, {""speaker"": ""B"", ""message"": ""Yeah I\u2019ve been feeling that too. It would be nice to meet people in person.""}, {""speaker"": ""A"", ""message"": ""There\u2019s a meditation event next Thursday that looks really grounding.""}, {""speaker"": ""B"", ""message"": ""Wait that actually sounds amazing.""}, {""speaker"": ""A"", ""message"": ""You should come if you\u2019re free.""}, {""speaker"": ""B"", ""message"": ""I\u2019d definitely be down.""}, {""speaker"": ""A"", ""message"": ""Amazing, I\u2019ll send you the details \ud83d\ude4f""}, {""speaker"": ""B"", ""message"": ""Perfect, thank you :)""}]",57.1,5,5,5,8.0,7,ready_for_event
C0066,U145,U156,"[{""speaker"": ""A"", ""message"": ""Love that""}, {""speaker"": ""B"", ""message"": ""Pretty good""}, {""speaker"": ""A"", ""message"": ""Love that""}, {""speaker"": ""B"", ""message"": ""Not really haha""}, {""speaker"": ""A"", ""message"": ""Hey!""}, {""speaker"": ""B"", ""message"": ""Hey haha""}, {""speaker"": ""A"", ""message"": ""Any plans this weekend?""}]",2479.3,4,3,4,2.3,26,stalled
C0067,U195,U137,"[{""speaker"": ""A"", ""message"": ""Have you been exploring spirituality for a while?""}, {""speaker"": ""B"", ""message"": ""Trying to get back into meditation.""}, {""speaker"": ""A"", ""message"": ""That makes sense.""}]",4933.4,2,1,7,5.7,162,stalled
C0068,U020,U195,"[{""speaker"": ""A"", ""message"": ""Have you been exploring spirituality for a while?""}, {""speaker"": ""B"", ""message"": ""Mostly journaling, breathwork, and trying to be more present.""}, {""speaker"": ""A"", ""message"": ""Haha same""}, {""speaker"": ""B"", ""message"": ""That makes sense. A lot of social spaces feel pretty surface-level.""}, {""speaker"": ""A"", ""message"": ""For sure""}, {""speaker"": ""B"", ""message"": ""I got into meditation after feeling pretty burned out last year.""}, {""speaker"": ""A"", ""message"": ""Yeah""}, {""speaker"": ""B"", ""message"": ""Same. I think finding aligned community is the hardest part.""}, {""speaker"": ""A"", ""message"": ""Nice""}, {""speaker"": ""B"", ""message"": ""I feel like I\u2019ve been searching for deeper connection.""}, {""speaker"": ""A"", ""message"": ""Yeah""}, {""speaker"": ""B"", ""message"": ""Honestly I\u2019ve been craving more grounded community lately.""}, {""speaker"": ""A"", ""message"": ""Love that""}, {""speaker"": ""B"", ""message"": ""Yeah""}, {""speaker"": ""A"", ""message"": ""Totally""}, {""speaker"": ""B"", ""message"": ""For sure""}]",306.6,8,8,4,4.9,13,healthy
C0069,U018,U066,"[{""speaker"": ""A"", ""message"": ""Are you looking more for events, community, or personal practice right now?""}, {""speaker"": ""B"", ""message"": ""I feel like I\u2019ve been searching for deeper connection.""}, {""speaker"": ""A"", ""message"": ""That\u2019s beautiful. I\u2019ve been realizing how much environment affects my practice.""}, {""speaker"": ""B"", ""message"": ""Yeah I\u2019ve been feeling that too. It would be nice to meet people in person.""}, {""speaker"": ""A"", ""message"": ""There\u2019s actually a sound bath this weekend I was thinking of going to.""}, {""speaker"": ""B"", ""message"": ""Wait that actually sounds amazing.""}, {""speaker"": ""A"", ""message"": ""You should come if you\u2019re free.""}, {""speaker"": ""B"", ""message"": ""I\u2019d definitely be down.""}, {""speaker"": ""A"", ""message"": ""Amazing, I\u2019ll send you the details \ud83d\ude4f""}, {""speaker"": ""B"", ""message"": ""Perfect, thank you :)""}]",24.4,5,5,6,8.6,11,ready_for_event
C0070,U136,U058,"[{""speaker"": ""A"", ""message"": ""Are you looking more for events, community, or personal practice right now?""}, {""speaker"": ""B"", ""message"": ""Trying to get back into meditation.""}]",2424.3,1,1,10,9.0,36,stalled
C0071,U179,U072,"[{""speaker"": ""B"", ""message"": ""Do you usually go to wellness events?""}, {""speaker"": ""A"", ""message"": ""Just exploring a bit.""}, {""speaker"": ""B"", ""message"": ""Do you usually go to things like this?""}, {""speaker"": ""B"", ""message"": ""I feel like I\u2019ve been searching for deeper connection.""}, {""speaker"": ""A"", ""message"": ""Totally""}, {""speaker"": ""B"", ""message"": ""That makes sense. A lot of social spaces feel pretty surface-level.""}, {""speaker"": ""B"", ""message"": ""I\u2019ve been wanting to meet people who care about inner growth.""}, {""speaker"": ""B"", ""message"": ""I\u2019ve been wanting to meet more intentional people honestly.""}, {""speaker"": ""B"", ""message"": ""I\u2019m trying to spend less time online and more time in real community.""}, {""speaker"": ""B"", ""message"": ""That\u2019s beautiful. I\u2019ve been realizing how much environment affects my practice.""}, {""speaker"": ""B"", ""message"": ""Mostly journaling, breathwork, and trying to be more present.""}, {""speaker"": ""B"", ""message"": ""That makes sense. A lot of social spaces feel pretty surface-level.""}]",922.6,2,10,1,8.7,18,one_sided
C0072,U107,U067,"[{""speaker"": ""A"", ""message"": ""What brought you to Sangha?""}, {""speaker"": ""B"", ""message"": ""Mostly just exploring right now.""}]",4854.9,1,1,10,5.0,58,stalled
C0073,U061,U003,"[{""speaker"": ""A"", ""message"": ""What brought you to Sangha?""}, {""speaker"": ""B"", ""message"": ""Mostly just exploring right now.""}, {""speaker"": ""A"", ""message"": ""I\u2019ve had a busy week.""}]",5313.9,2,1,3,5.0,65,stalled
C0074,U196,U012,"[{""speaker"": ""A"", ""message"": ""Have you been exploring spirituality for a while?""}, {""speaker"": ""B"", ""message"": ""Mostly just exploring right now.""}, {""speaker"": ""A"", ""message"": ""Yeah I relate to that.""}, {""speaker"": ""B"", ""message"": ""I\u2019ve had a busy week.""}, {""speaker"": ""A"", ""message"": ""That makes sense.""}, {""speaker"": ""B"", ""message"": ""That makes sense.""}]",1330.1,3,3,8,4.8,167,stalled
C0075,U115,U198,"[{""speaker"": ""A"", ""message"": ""What kind of practices are helping you lately?""}, {""speaker"": ""B"", ""message"": ""I got into meditation after feeling pretty burned out last year.""}, {""speaker"": ""A"", ""message"": ""Nice""}, {""speaker"": ""B"", ""message"": ""Yeah""}, {""speaker"": ""A"", ""message"": ""Makes sense""}, {""speaker"": ""B"", ""message"": ""Mostly journaling, breathwork, and trying to be more present.""}, {""speaker"": ""A"", ""message"": ""Mostly journaling, breathwork, and trying to be more present.""}, {""speaker"": ""B"", ""message"": ""Yeah, I\u2019ve been wanting something that feels more intentional than just another meetup.""}, {""speaker"": ""A"", ""message"": ""I relate to that. It\u2019s easy to practice alone, but harder to stay consistent without support.""}, {""speaker"": ""B"", ""message"": ""Mostly journaling, breathwork, and trying to be more present.""}, {""speaker"": ""A"", ""message"": ""That\u2019s beautiful. I\u2019ve been realizing how much environment affects my practice.""}, {""speaker"": ""B"", ""message"": ""For sure""}, {""speaker"": ""A"", ""message"": ""I got into meditation after feeling pretty burned out last year.""}, {""speaker"": ""B"", ""message"": ""I\u2019m trying to spend less time online and more time in real community.""}, {""speaker"": ""A"", ""message"": ""Haha same""}, {""speaker"": ""B"", ""message"": ""Love that""}, {""speaker"": ""A"", ""message"": ""I feel like I\u2019ve been searching for deeper connection.""}]",316.3,9,8,3,7.6,5,healthy
C0076,U121,U029,"[{""speaker"": ""A"", ""message"": ""Do you usually go to wellness events?""}, {""speaker"": ""B"", ""message"": ""I got into meditation after feeling pretty burned out last year.""}, {""speaker"": ""A"", ""message"": ""Mostly journaling, breathwork, and trying to be more present.""}, {""speaker"": ""B"", ""message"": ""Mostly journaling, breathwork, and trying to be more present.""}, {""speaker"": ""A"", ""message"": ""Yeah""}, {""speaker"": ""B"", ""message"": ""Nice""}, {""speaker"": ""A"", ""message"": ""Totally""}, {""speaker"": ""B"", ""message"": ""That\u2019s beautiful. I\u2019ve been realizing how much environment affects my practice.""}, {""speaker"": ""A"", ""message"": ""Cool""}, {""speaker"": ""B"", ""message"": ""That makes sense. A lot of social spaces feel pretty surface-level.""}]",179.5,5,5,4,6.2,8,healthy
C0077,U070,U189,"[{""speaker"": ""A"", ""message"": ""Are you looking more for events, community, or personal practice right now?""}, {""speaker"": ""B"", ""message"": ""Honestly I\u2019ve been craving more grounded community lately.""}, {""speaker"": ""A"", ""message"": ""Mostly journaling, breathwork, and trying to be more present.""}, {""speaker"": ""B"", ""message"": ""Honestly I\u2019ve been craving more grounded community lately.""}, {""speaker"": ""A"", ""message"": ""For sure""}, {""speaker"": ""B"", ""message"": ""Yeah, I\u2019ve been wanting something that feels more intentional than just another meetup.""}, {""speaker"": ""A"", ""message"": ""I relate to that. It\u2019s easy to practice alone, but harder to stay consistent without support.""}, {""speaker"": ""B"", ""message"": ""Honestly I\u2019ve been craving more grounded community lately.""}, {""speaker"": ""A"", ""message"": ""Honestly I\u2019ve been craving more grounded community lately.""}, {""speaker"": ""B"", ""message"": ""That makes sense. A lot of social spaces feel pretty surface-level.""}, {""speaker"": ""A"", ""message"": ""Totally""}, {""speaker"": ""B"", ""message"": ""Totally""}, {""speaker"": ""A"", ""message"": ""I got into meditation after feeling pretty burned out last year.""}, {""speaker"": ""B"", ""message"": ""Mostly journaling, breathwork, and trying to be more present.""}, {""speaker"": ""A"", ""message"": ""Honestly I\u2019ve been craving more grounded community lately.""}, {""speaker"": ""B"", ""message"": ""Yeah""}, {""speaker"": ""A"", ""message"": ""Makes sense""}]",444.0,9,8,3,7.5,3,healthy
C0078,U074,U177,"[{""speaker"": ""A"", ""message"": ""Are you looking more for events, community, or personal practice right now?""}, {""speaker"": ""B"", ""message"": ""Yeah, still figuring it out.""}, {""speaker"": ""A"", ""message"": ""That makes sense. A lot of social spaces feel pretty surface-level.""}, {""speaker"": ""A"", ""message"": ""Same. I think finding aligned community is the hardest part.""}, {""speaker"": ""A"", ""message"": ""I\u2019ve been wanting to meet people who care about inner growth.""}, {""speaker"": ""A"", ""message"": ""Yeah, I\u2019ve been wanting something that feels more intentional than just another meetup.""}, {""speaker"": ""A"", ""message"": ""I\u2019ve been wanting to meet people who care about inner growth.""}, {""speaker"": ""A"", ""message"": ""I\u2019ve been wanting to meet people who care about inner growth.""}, {""speaker"": ""A"", ""message"": ""Most of my friends aren\u2019t really into this kind of stuff.""}, {""speaker"": ""A"", ""message"": ""Do you usually go to things like this?""}, {""speaker"": ""A"", ""message"": ""I got into meditation after feeling pretty burned out last year.""}, {""speaker"": ""A"", ""message"": ""I got into meditation after feeling pretty burned out last year.""}, {""speaker"": ""A"", ""message"": ""Most of my friends aren\u2019t really into this kind of stuff.""}, {""speaker"": ""A"", ""message"": ""That makes sense. A lot of social spaces feel pretty surface-level.""}]",200.1,13,1,1,10.5,25,one_sided
C0079,U086,U083,"[{""speaker"": ""A"", ""message"": ""Hey!""}, {""speaker"": ""B"", ""message"": ""Pretty good""}, {""speaker"": ""A"", ""message"": ""That\u2019s cool""}, {""speaker"": ""B"", ""message"": ""Busy honestly""}, {""speaker"": ""A"", ""message"": ""Hey haha""}, {""speaker"": ""B"", ""message"": ""Hey!""}, {""speaker"": ""A"", ""message"": ""Not really haha""}, {""speaker"": ""B"", ""message"": ""Any plans this weekend?""}, {""speaker"": ""A"", ""message"": ""That\u2019s cool""}]",1763.6,5,4,1,2.1,14,shallow
C0080,U092,U037,"[{""speaker"": ""B"", ""message"": ""Have you been exploring spirituality for a while?""}, {""speaker"": ""A"", ""message"": ""Yeah, still figuring it out.""}, {""speaker"": ""B"", ""message"": ""Do you usually go to things like this?""}, {""speaker"": ""A"", ""message"": ""Makes sense""}, {""speaker"": ""B"", ""message"": ""Yeah, I\u2019ve been wanting something that feels more intentional than just another meetup.""}, {""speaker"": ""B"", ""message"": ""I\u2019m trying to spend less time online and more time in real community.""}, {""speaker"": ""A"", ""message"": ""Yeah""}, {""speaker"": ""B"", ""message"": ""Do you usually go to things like this?""}, {""speaker"": ""B"", ""message"": ""Most of my friends aren\u2019t really into this kind of stuff.""}, {""speaker"": ""B"", ""message"": ""I\u2019ve been wanting to meet people who care about inner growth.""}, {""speaker"": ""B"", ""message"": ""Yeah, I\u2019ve been wanting something that feels more intentional than just another meetup.""}, {""speaker"": ""B"", ""message"": ""Honestly I\u2019ve been craving more grounded community lately.""}, {""speaker"": ""B"", ""message"": ""I\u2019m trying to spend less time online and more time in real community.""}, {""speaker"": ""B"", ""message"": ""Most of my friends aren\u2019t really into this kind of stuff.""}, {""speaker"": ""B"", ""message"": ""That\u2019s beautiful. I\u2019ve been realizing how much environment affects my practice.""}, {""speaker"": ""B"", ""message"": ""I got into meditation after feeling pretty burned out last year.""}, {""speaker"": ""B"", ""message"": ""I feel like I\u2019ve been searching for deeper connection.""}]",861.0,3,14,12,9.2,5,one_sided
C0081,U072,U168,"[{""speaker"": ""A"", ""message"": ""Do you usually go to wellness events?""}, {""speaker"": ""B"", ""message"": ""I got into meditation after feeling pretty burned out last year.""}, {""speaker"": ""A"", ""message"": ""Yeah, I\u2019ve been wanting something that feels more intentional than just another meetup.""}, {""speaker"": ""B"", ""message"": ""Yeah I\u2019ve been feeling that too. It would be nice to meet people in person.""}, {""speaker"": ""A"", ""message"": ""Would you ever want to go to a kirtan together sometime?""}, {""speaker"": ""B"", ""message"": ""Wait that actually sounds amazing.""}, {""speaker"": ""A"", ""message"": ""You should come if you\u2019re free.""}, {""speaker"": ""B"", ""message"": ""I\u2019d definitely be down.""}, {""speaker"": ""A"", ""message"": ""Amazing, I\u2019ll send you the details \ud83d\ude4f""}, {""speaker"": ""B"", ""message"": ""Perfect, thank you :)""}]",30.0,5,5,6,8.3,3,ready_for_event
C0082,U074,U163,"[{""speaker"": ""A"", ""message"": ""Have you been exploring spirituality for a while?""}, {""speaker"": ""B"", ""message"": ""I got into meditation after feeling pretty burned out last year.""}, {""speaker"": ""A"", ""message"": ""Totally""}, {""speaker"": ""B"", ""message"": ""Cool""}, {""speaker"": ""A"", ""message"": ""Yeah, I\u2019ve been wanting something that feels more intentional than just another meetup.""}, {""speaker"": ""B"", ""message"": ""I relate to that. It\u2019s easy to practice alone, but harder to stay consistent without support.""}, {""speaker"": ""A"", ""message"": ""Mostly journaling, breathwork, and trying to be more present.""}, {""speaker"": ""B"", ""message"": ""Honestly I\u2019ve been craving more grounded community lately.""}, {""speaker"": ""A"", ""message"": ""Mostly journaling, breathwork, and trying to be more present.""}, {""speaker"": ""B"", ""message"": ""That makes sense. A lot of social spaces feel pretty surface-level.""}, {""speaker"": ""A"", ""message"": ""Yeah""}, {""speaker"": ""B"", ""message"": ""Makes sense""}, {""speaker"": ""A"", ""message"": ""Yeah, I\u2019ve been wanting something that feels more intentional than just another meetup.""}, {""speaker"": ""B"", ""message"": ""I got into meditation after feeling pretty burned out last year.""}, {""speaker"": ""A"", ""message"": ""I relate to that. It\u2019s easy to practice alone, but harder to stay consistent without support.""}]",416.4,8,7,2,8.7,14,healthy
C0083,U135,U020,"[{""speaker"": ""A"", ""message"": ""What brought you to Sangha?""}, {""speaker"": ""B"", ""message"": ""Mostly journaling, breathwork, and trying to be more present.""}, {""speaker"": ""A"", ""message"": ""I got into meditation after feeling pretty burned out last year.""}, {""speaker"": ""B"", ""message"": ""Cool""}, {""speaker"": ""A"", ""message"": ""That\u2019s beautiful. I\u2019ve been realizing how much environment affects my practice.""}, {""speaker"": ""B"", ""message"": ""Love that""}, {""speaker"": ""A"", ""message"": ""Haha same""}, {""speaker"": ""B"", ""message"": ""I feel like I\u2019ve been searching for deeper connection.""}, {""speaker"": ""A"", ""message"": ""Yeah""}, {""speaker"": ""B"", ""message"": ""That makes sense. A lot of social spaces feel pretty surface-level.""}, {""speaker"": ""A"", ""message"": ""I\u2019ve been wanting to meet people who care about inner growth.""}]",153.0,6,5,12,6.6,13,healthy
C0084,U192,U196,"[{""speaker"": ""A"", ""message"": ""What brought you to Sangha?""}, {""speaker"": ""B"", ""message"": ""Mostly journaling, breathwork, and trying to be more present.""}, {""speaker"": ""A"", ""message"": ""Yeah, I\u2019ve been wanting something that feels more intentional than just another meetup.""}, {""speaker"": ""B"", ""message"": ""Yeah I\u2019ve been feeling that too. It would be nice to meet people in person.""}, {""speaker"": ""A"", ""message"": ""There\u2019s a meditation event next Thursday that looks really grounding.""}, {""speaker"": ""B"", ""message"": ""Wait that actually sounds amazing.""}, {""speaker"": ""A"", ""message"": ""You should come if you\u2019re free.""}, {""speaker"": ""B"", ""message"": ""I\u2019d definitely be down.""}, {""speaker"": ""A"", ""message"": ""Amazing, I\u2019ll send you the details \ud83d\ude4f""}, {""speaker"": ""B"", ""message"": ""Perfect, thank you :)""}]",66.2,5,5,8,7.8,2,ready_for_event
C0085,U007,U089,"[{""speaker"": ""A"", ""message"": ""Are you looking more for events, community, or personal practice right now?""}, {""speaker"": ""B"", ""message"": ""I got into meditation after feeling pretty burned out last year.""}, {""speaker"": ""A"", ""message"": ""Yeah, I\u2019ve been wanting something that feels more intentional than just another meetup.""}, {""speaker"": ""B"", ""message"": ""Yeah I\u2019ve been feeling that too. It would be nice to meet people in person.""}, {""speaker"": ""A"", ""message"": ""There\u2019s a meditation event next Thursday that looks really grounding.""}, {""speaker"": ""B"", ""message"": ""Wait that actually sounds amazing.""}, {""speaker"": ""A"", ""message"": ""You should come if you\u2019re free.""}, {""speaker"": ""B"", ""message"": ""I\u2019d definitely be down.""}, {""speaker"": ""A"", ""message"": ""Amazing, I\u2019ll send you the details \ud83d\ude4f""}, {""speaker"": ""B"", ""message"": ""Perfect, thank you :)""}]",47.7,5,5,19,8.7,4,ready_for_event
C0086,U174,U200,"[{""speaker"": ""A"", ""message"": ""What kind of practices are helping you lately?""}, {""speaker"": ""B"", ""message"": ""I feel like I\u2019ve been searching for deeper connection.""}, {""speaker"": ""A"", ""message"": ""Yeah, I\u2019ve been wanting something that feels more intentional than just another meetup.""}, {""speaker"": ""B"", ""message"": ""Yeah I\u2019ve been feeling that too. It would be nice to meet people in person.""}, {""speaker"": ""A"", ""message"": ""There\u2019s actually a sound bath this weekend I was thinking of going to.""}, {""speaker"": ""B"", ""message"": ""Wait that actually sounds amazing.""}, {""speaker"": ""A"", ""message"": ""You should come if you\u2019re free.""}, {""speaker"": ""B"", ""message"": ""I\u2019d definitely be down.""}, {""speaker"": ""A"", ""message"": ""Amazing, I\u2019ll send you the details \ud83d\ude4f""}, {""speaker"": ""B"", ""message"": ""Perfect, thank you :)""}, {""speaker"": ""A"", ""message"": ""I think it could be a nice low-pressure way to meet.""}, {""speaker"": ""B"", ""message"": ""Agreed. I like that it\u2019s centered around practice, not just chatting.""}]",92.4,6,6,15,8.8,5,ready_for_event
C0087,U094,U091,"[{""speaker"": ""A"", ""message"": ""Are you looking more for events, community, or personal practice right now?""}, {""speaker"": ""B"", ""message"": ""Mostly journaling, breathwork, and trying to be more present.""}, {""speaker"": ""A"", ""message"": ""Makes sense""}, {""speaker"": ""B"", ""message"": ""Yeah""}, {""speaker"": ""A"", ""message"": ""Yeah""}, {""speaker"": ""B"", ""message"": ""I\u2019ve been wanting to meet people who care about inner growth.""}, {""speaker"": ""A"", ""message"": ""Mostly journaling, breathwork, and trying to be more present.""}, {""speaker"": ""B"", ""message"": ""Makes sense""}, {""speaker"": ""A"", ""message"": ""Makes sense""}, {""speaker"": ""B"", ""message"": ""Mostly journaling, breathwork, and trying to be more present.""}, {""speaker"": ""A"", ""message"": ""I\u2019ve been wanting to meet people who care about inner growth.""}]",364.9,6,5,11,6.3,19,healthy
C0088,U042,U027,"[{""speaker"": ""B"", ""message"": ""Have you been exploring spirituality for a while?""}, {""speaker"": ""A"", ""message"": ""Just exploring a bit.""}, {""speaker"": ""B"", ""message"": ""That\u2019s beautiful. I\u2019ve been realizing how much environment affects my practice.""}, {""speaker"": ""A"", ""message"": ""Totally""}, {""speaker"": ""B"", ""message"": ""I got into meditation after feeling pretty burned out last year.""}, {""speaker"": ""B"", ""message"": ""I relate to that. It\u2019s easy to practice alone, but harder to stay consistent without support.""}, {""speaker"": ""B"", ""message"": ""I\u2019ve been wanting to meet people who care about inner growth.""}, {""speaker"": ""B"", ""message"": ""Honestly I\u2019ve been craving more grounded community lately.""}, {""speaker"": ""B"", ""message"": ""I got into meditation after feeling pretty burned out last year.""}, {""speaker"": ""B"", ""message"": ""Yeah, I\u2019ve been wanting something that feels more intentional than just another meetup.""}, {""speaker"": ""B"", ""message"": ""I\u2019ve been wanting to meet people who care about inner growth.""}, {""speaker"": ""A"", ""message"": ""Yeah""}, {""speaker"": ""B"", ""message"": ""Do you usually go to things like this?""}, {""speaker"": ""B"", ""message"": ""Mostly journaling, breathwork, and trying to be more present.""}, {""speaker"": ""B"", ""message"": ""I\u2019ve been wanting to meet people who care about inner growth.""}, {""speaker"": ""B"", ""message"": ""I got into meditation after feeling pretty burned out last year.""}, {""speaker"": ""B"", ""message"": ""I got into meditation after feeling pretty burned out last year.""}]",486.2,3,14,12,9.2,31,one_sided
C0089,U045,U069,"[{""speaker"": ""A"", ""message"": ""Have you been exploring spirituality for a while?""}, {""speaker"": ""B"", ""message"": ""Trying to get back into meditation.""}, {""speaker"": ""A"", ""message"": ""What kind of practices are you into?""}]",1972.9,2,1,9,7.0,147,stalled
C0090,U121,U048,"[{""speaker"": ""A"", ""message"": ""What brought you to Sangha?""}, {""speaker"": ""B"", ""message"": ""I\u2019m trying to spend less time online and more time in real community.""}, {""speaker"": ""A"", ""message"": ""I\u2019ve been wanting to meet people who care about inner growth.""}, {""speaker"": ""B"", ""message"": ""I\u2019m trying to spend less time online and more time in real community.""}, {""speaker"": ""A"", ""message"": ""That\u2019s beautiful. I\u2019ve been realizing how much environment affects my practice.""}, {""speaker"": ""B"", ""message"": ""Yeah""}, {""speaker"": ""A"", ""message"": ""Totally""}, {""speaker"": ""B"", ""message"": ""Haha same""}, {""speaker"": ""A"", ""message"": ""Yeah, I\u2019ve been wanting something that feels more intentional than just another meetup.""}, {""speaker"": ""B"", ""message"": ""Nice""}, {""speaker"": ""A"", ""message"": ""That makes sense. A lot of social spaces feel pretty surface-level.""}, {""speaker"": ""B"", ""message"": ""That makes sense. A lot of social spaces feel pretty surface-level.""}, {""speaker"": ""A"", ""message"": ""I got into meditation after feeling pretty burned out last year.""}]",349.4,7,6,11,8.0,2,ready_for_event
C0091,U022,U069,"[{""speaker"": ""A"", ""message"": ""What kind of practices are helping you lately?""}, {""speaker"": ""B"", ""message"": ""Mostly curious.""}, {""speaker"": ""A"", ""message"": ""I relate to that. It\u2019s easy to practice alone, but harder to stay consistent without support.""}, {""speaker"": ""A"", ""message"": ""Yeah, I\u2019ve been wanting something that feels more intentional than just another meetup.""}, {""speaker"": ""B"", ""message"": ""Totally""}, {""speaker"": ""A"", ""message"": ""Honestly I\u2019ve been craving more grounded community lately.""}, {""speaker"": ""A"", ""message"": ""I\u2019m trying to spend less time online and more time in real community.""}, {""speaker"": ""A"", ""message"": ""I think community makes practice feel more real.""}, {""speaker"": ""B"", ""message"": ""Totally""}, {""speaker"": ""A"", ""message"": ""I\u2019ve been wanting to meet more intentional people honestly.""}, {""speaker"": ""A"", ""message"": ""Mostly journaling, breathwork, and trying to be more present.""}, {""speaker"": ""A"", ""message"": ""I feel like I\u2019ve been searching for deeper connection.""}, {""speaker"": ""A"", ""message"": ""I\u2019ve been wanting to meet people who care about inner growth.""}, {""speaker"": ""A"", ""message"": ""Honestly I\u2019ve been craving more grounded community lately.""}]",250.3,11,3,8,8.3,5,one_sided
C0092,U057,U059,"[{""speaker"": ""A"", ""message"": ""Are you looking more for events, community, or personal practice right now?""}, {""speaker"": ""B"", ""message"": ""I got into meditation after feeling pretty burned out last year.""}, {""speaker"": ""A"", ""message"": ""I relate to that. It\u2019s easy to practice alone, but harder to stay consistent without support.""}, {""speaker"": ""B"", ""message"": ""Yeah I\u2019ve been feeling that too. It would be nice to meet people in person.""}, {""speaker"": ""A"", ""message"": ""There\u2019s a community yoga and tea gathering this weekend.""}, {""speaker"": ""B"", ""message"": ""Wait that actually sounds amazing.""}, {""speaker"": ""A"", ""message"": ""You should come if you\u2019re free.""}, {""speaker"": ""B"", ""message"": ""I\u2019d definitely be down.""}, {""speaker"": ""A"", ""message"": ""Amazing, I\u2019ll send you the details \ud83d\ude4f""}, {""speaker"": ""B"", ""message"": ""Perfect, thank you :)""}, {""speaker"": ""A"", ""message"": ""I think it could be a nice low-pressure way to meet.""}, {""speaker"": ""B"", ""message"": ""Agreed. I like that it\u2019s centered around practice, not just chatting.""}]",52.7,6,6,9,9.2,5,ready_for_event
C0093,U119,U169,"[{""speaker"": ""A"", ""message"": ""Are you looking more for events, community, or personal practice right now?""}, {""speaker"": ""B"", ""message"": ""Honestly I\u2019ve been craving more grounded community lately.""}, {""speaker"": ""A"", ""message"": ""That makes sense. A lot of social spaces feel pretty surface-level.""}, {""speaker"": ""B"", ""message"": ""Yeah, I\u2019ve been wanting something that feels more intentional than just another meetup.""}, {""speaker"": ""A"", ""message"": ""Yeah, I\u2019ve been wanting something that feels more intentional than just another meetup.""}, {""speaker"": ""B"", ""message"": ""That makes sense. A lot of social spaces feel pretty surface-level.""}, {""speaker"": ""A"", ""message"": ""I relate to that. It\u2019s easy to practice alone, but harder to stay consistent without support.""}, {""speaker"": ""B"", ""message"": ""Same. I think finding aligned community is the hardest part.""}, {""speaker"": ""A"", ""message"": ""Totally""}, {""speaker"": ""B"", ""message"": ""That makes sense. A lot of social spaces feel pretty surface-level.""}, {""speaker"": ""A"", ""message"": ""Yeah""}, {""speaker"": ""B"", ""message"": ""Mostly journaling, breathwork, and trying to be more present.""}, {""speaker"": ""A"", ""message"": ""Haha same""}]",202.5,7,6,6,9.1,19,ready_for_event
C0094,U044,U048,"[{""speaker"": ""A"", ""message"": ""Yeah totally""}, {""speaker"": ""B"", ""message"": ""Hey!""}, {""speaker"": ""A"", ""message"": ""Love that""}, {""speaker"": ""B"", ""message"": ""Pretty good""}, {""speaker"": ""A"", ""message"": ""How\u2019s your week going?""}, {""speaker"": ""B"", ""message"": ""Same""}, {""speaker"": ""A"", ""message"": ""Hey!""}]",2330.2,4,3,7,1.9,5,shallow
C0095,U043,U077,"[{""speaker"": ""A"", ""message"": ""What brought you to Sangha?""}, {""speaker"": ""B"", ""message"": ""Mostly just exploring right now.""}, {""speaker"": ""A"", ""message"": ""Yeah I relate to that.""}, {""speaker"": ""B"", ""message"": ""I\u2019ve had a busy week.""}, {""speaker"": ""A"", ""message"": ""What kind of practices are you into?""}, {""speaker"": ""B"", ""message"": ""Sorry just saw this.""}, {""speaker"": ""A"", ""message"": ""I\u2019ve had a busy week.""}]",4639.1,4,3,3,5.1,62,stalled
C0096,U133,U033,"[{""speaker"": ""A"", ""message"": ""Do you usually go to wellness events?""}, {""speaker"": ""B"", ""message"": ""I\u2019m trying to spend less time online and more time in real community.""}, {""speaker"": ""A"", ""message"": ""Haha same""}, {""speaker"": ""B"", ""message"": ""That makes sense. A lot of social spaces feel pretty surface-level.""}, {""speaker"": ""A"", ""message"": ""Mostly journaling, breathwork, and trying to be more present.""}, {""speaker"": ""B"", ""message"": ""Cool""}, {""speaker"": ""A"", ""message"": ""Makes sense""}, {""speaker"": ""B"", ""message"": ""Same. I think finding aligned community is the hardest part.""}, {""speaker"": ""A"", ""message"": ""Yeah, I\u2019ve been wanting something that feels more intentional than just another meetup.""}, {""speaker"": ""B"", ""message"": ""Yeah""}, {""speaker"": ""A"", ""message"": ""I relate to that. It\u2019s easy to practice alone, but harder to stay consistent without support.""}, {""speaker"": ""B"", ""message"": ""I relate to that. It\u2019s easy to practice alone, but harder to stay consistent without support.""}, {""speaker"": ""A"", ""message"": ""Totally""}, {""speaker"": ""B"", ""message"": ""I feel like I\u2019ve been searching for deeper connection.""}, {""speaker"": ""A"", ""message"": ""I\u2019m trying to spend less time online and more time in real community.""}]",354.8,8,7,7,8.3,12,ready_for_event
C0097,U117,U132,"[{""speaker"": ""A"", ""message"": ""Are you looking more for events, community, or personal practice right now?""}, {""speaker"": ""B"", ""message"": ""I feel like I\u2019ve been searching for deeper connection.""}, {""speaker"": ""A"", ""message"": ""Same. I think finding aligned community is the hardest part.""}, {""speaker"": ""B"", ""message"": ""Yeah I\u2019ve been feeling that too. It would be nice to meet people in person.""}, {""speaker"": ""A"", ""message"": ""I saw a breathwork class nearby that feels pretty aligned.""}, {""speaker"": ""B"", ""message"": ""Wait that actually sounds amazing.""}, {""speaker"": ""A"", ""message"": ""You should come if you\u2019re free.""}, {""speaker"": ""B"", ""message"": ""I\u2019d definitely be down.""}, {""speaker"": ""A"", ""message"": ""Amazing, I\u2019ll send you the details \ud83d\ude4f""}, {""speaker"": ""B"", ""message"": ""Perfect, thank you :)""}]",104.3,5,5,9,8.2,4,ready_for_event
C0098,U034,U115,"[{""speaker"": ""A"", ""message"": ""Have you been exploring spirituality for a while?""}, {""speaker"": ""B"", ""message"": ""I\u2019ve been wanting more community honestly.""}, {""speaker"": ""A"", ""message"": ""What kind of practices are you into?""}]",2041.0,2,1,10,7.0,129,stalled
C0099,U049,U057,"[{""speaker"": ""A"", ""message"": ""Do you usually go to wellness events?""}, {""speaker"": ""B"", ""message"": ""Trying to get back into meditation.""}, {""speaker"": ""A"", ""message"": ""Yeah I relate to that.""}]",4546.1,2,1,5,6.0,138,stalled
C0100,U142,U023,"[{""speaker"": ""A"", ""message"": ""Have you been exploring spirituality for a while?""}, {""speaker"": ""B"", ""message"": ""I got into meditation after feeling pretty burned out last year.""}, {""speaker"": ""A"", ""message"": ""Yeah, I\u2019ve been wanting something that feels more intentional than just another meetup.""}, {""speaker"": ""B"", ""message"": ""Yeah I\u2019ve been feeling that too. It would be nice to meet people in person.""}, {""speaker"": ""A"", ""message"": ""I saw a breathwork class nearby that feels pretty aligned.""}, {""speaker"": ""B"", ""message"": ""Wait that actually sounds amazing.""}, {""speaker"": ""A"", ""message"": ""You should come if you\u2019re free.""}, {""speaker"": ""B"", ""message"": ""I\u2019d definitely be down.""}, {""speaker"": ""A"", ""message"": ""Amazing, I\u2019ll send you the details \ud83d\ude4f""}, {""speaker"": ""B"", ""message"": ""Perfect, thank you :)""}]",35.8,5,5,22,8.3,3,ready_for_event
C0101,U081,U194,"[{""speaker"": ""A"", ""message"": ""Have you been exploring spirituality for a while?""}, {""speaker"": ""B"", ""message"": ""I got into meditation after feeling pretty burned out last year.""}, {""speaker"": ""A"", ""message"": ""That makes sense. A lot of social spaces feel pretty surface-level.""}, {""speaker"": ""B"", ""message"": ""Yeah I\u2019ve been feeling that too. It would be nice to meet people in person.""}, {""speaker"": ""A"", ""message"": ""Would you ever want to go to a kirtan together sometime?""}, {""speaker"": ""B"", ""message"": ""Wait that actually sounds amazing.""}, {""speaker"": ""A"", ""message"": ""You should come if you\u2019re free.""}, {""speaker"": ""B"", ""message"": ""I\u2019d definitely be down.""}, {""speaker"": ""A"", ""message"": ""Amazing, I\u2019ll send you the details \ud83d\ude4f""}, {""speaker"": ""B"", ""message"": ""Perfect, thank you :)""}]",6.7,5,5,21,8.2,3,ready_for_event
C0102,U150,U140,"[{""speaker"": ""A"", ""message"": ""What brought you to Sangha?""}, {""speaker"": ""B"", ""message"": ""I\u2019ve been wanting more community honestly.""}, {""speaker"": ""A"", ""message"": ""I\u2019ve had a busy week.""}, {""speaker"": ""B"", ""message"": ""Sorry just saw this.""}, {""speaker"": ""A"", ""message"": ""Sorry just saw this.""}, {""speaker"": ""B"", ""message"": ""I\u2019ve had a busy week.""}]",4307.9,3,3,5,4.8,135,stalled
C0103,U108,U131,"[{""speaker"": ""A"", ""message"": ""What brought you to Sangha?""}, {""speaker"": ""B"", ""message"": ""Trying to get back into meditation.""}, {""speaker"": ""A"", ""message"": ""Yeah I relate to that.""}, {""speaker"": ""B"", ""message"": ""Yeah I relate to that.""}]",3721.4,2,2,9,5.2,140,stalled
C0104,U094,U128,"[{""speaker"": ""A"", ""message"": ""What kind of practices are helping you lately?""}, {""speaker"": ""B"", ""message"": ""I feel like I\u2019ve been searching for deeper connection.""}, {""speaker"": ""A"", ""message"": ""Same. I think finding aligned community is the hardest part.""}, {""speaker"": ""B"", ""message"": ""Yeah I\u2019ve been feeling that too. It would be nice to meet people in person.""}, {""speaker"": ""A"", ""message"": ""I saw a breathwork class nearby that feels pretty aligned.""}, {""speaker"": ""B"", ""message"": ""Wait that actually sounds amazing.""}, {""speaker"": ""A"", ""message"": ""You should come if you\u2019re free.""}, {""speaker"": ""B"", ""message"": ""I\u2019d definitely be down.""}, {""speaker"": ""A"", ""message"": ""Amazing, I\u2019ll send you the details \ud83d\ude4f""}, {""speaker"": ""B"", ""message"": ""Perfect, thank you :)""}, {""speaker"": ""A"", ""message"": ""I think it could be a nice low-pressure way to meet.""}, {""speaker"": ""B"", ""message"": ""Agreed. I like that it\u2019s centered around practice, not just chatting.""}]",40.4,6,6,18,8.3,9,ready_for_event
C0105,U082,U046,"[{""speaker"": ""A"", ""message"": ""What kind of practices are helping you lately?""}, {""speaker"": ""B"", ""message"": ""Trying to get back into meditation.""}]",2151.5,1,1,5,7.0,126,stalled
C0106,U176,U150,"[{""speaker"": ""B"", ""message"": ""Have you been exploring spirituality for a while?""}, {""speaker"": ""A"", ""message"": ""Mostly curious.""}, {""speaker"": ""B"", ""message"": ""Honestly I\u2019ve been craving more grounded community lately.""}, {""speaker"": ""B"", ""message"": ""I\u2019m trying to spend less time online and more time in real community.""}, {""speaker"": ""B"", ""message"": ""Do you usually go to things like this?""}, {""speaker"": ""A"", ""message"": ""Totally""}, {""speaker"": ""B"", ""message"": ""I think community makes practice feel more real.""}, {""speaker"": ""B"", ""message"": ""I\u2019m trying to spend less time online and more time in real community.""}, {""speaker"": ""B"", ""message"": ""Do you usually go to things like this?""}, {""speaker"": ""B"", ""message"": ""Yeah, I\u2019ve been wanting something that feels more intentional than just another meetup.""}]",484.5,2,8,2,8.2,25,one_sided
C0107,U149,U047,"[{""speaker"": ""B"", ""message"": ""What kind of practices are helping you lately?""}, {""speaker"": ""A"", ""message"": ""Yeah, still figuring it out.""}, {""speaker"": ""B"", ""message"": ""I got into meditation after feeling pretty burned out last year.""}, {""speaker"": ""B"", ""message"": ""I\u2019ve been wanting to meet people who care about inner growth.""}, {""speaker"": ""B"", ""message"": ""Honestly I\u2019ve been craving more grounded community lately.""}, {""speaker"": ""B"", ""message"": ""I\u2019m trying to spend less time online and more time in real community.""}, {""speaker"": ""B"", ""message"": ""That makes sense. A lot of social spaces feel pretty surface-level.""}, {""speaker"": ""B"", ""message"": ""I\u2019ve been wanting to meet more intentional people honestly.""}, {""speaker"": ""B"", ""message"": ""Same. I think finding aligned community is the hardest part.""}, {""speaker"": ""B"", ""message"": ""Most of my friends aren\u2019t really into this kind of stuff.""}]",913.8,1,9,14,9.7,15,one_sided
C0108,U125,U057,"[{""speaker"": ""A"", ""message"": ""Do you usually go to wellness events?""}, {""speaker"": ""B"", ""message"": ""Honestly I\u2019ve been craving more grounded community lately.""}, {""speaker"": ""A"", ""message"": ""Haha same""}, {""speaker"": ""B"", ""message"": ""Haha same""}, {""speaker"": ""A"", ""message"": ""Haha same""}, {""speaker"": ""B"", ""message"": ""I relate to that. It\u2019s easy to practice alone, but harder to stay consistent without support.""}, {""speaker"": ""A"", ""message"": ""Yeah""}, {""speaker"": ""B"", ""message"": ""I\u2019m trying to spend less time online and more time in real community.""}, {""speaker"": ""A"", ""message"": ""Haha same""}, {""speaker"": ""B"", ""message"": ""I relate to that. It\u2019s easy to practice alone, but harder to stay consistent without support.""}, {""speaker"": ""A"", ""message"": ""That\u2019s beautiful. I\u2019ve been realizing how much environment affects my practice.""}, {""speaker"": ""B"", ""message"": ""I relate to that. It\u2019s easy to practice alone, but harder to stay consistent without support.""}, {""speaker"": ""A"", ""message"": ""For sure""}, {""speaker"": ""B"", ""message"": ""Totally""}, {""speaker"": ""A"", ""message"": ""I relate to that. It\u2019s easy to practice alone, but harder to stay consistent without support.""}, {""speaker"": ""B"", ""message"": ""Yeah, I\u2019ve been wanting something that feels more intentional than just another meetup.""}, {""speaker"": ""A"", ""message"": ""Totally""}]",207.3,9,8,10,7.6,7,ready_for_event
C0109,U061,U004,"[{""speaker"": ""A"", ""message"": ""Have you been exploring spirituality for a while?""}, {""speaker"": ""B"", ""message"": ""I got into meditation after feeling pretty burned out last year.""}, {""speaker"": ""A"", ""message"": ""Same. I think finding aligned community is the hardest part.""}, {""speaker"": ""B"", ""message"": ""Yeah I\u2019ve been feeling that too. It would be nice to meet people in person.""}, {""speaker"": ""A"", ""message"": ""There\u2019s a meditation event next Thursday that looks really grounding.""}, {""speaker"": ""B"", ""message"": ""Wait that actually sounds amazing.""}, {""speaker"": ""A"", ""message"": ""You should come if you\u2019re free.""}, {""speaker"": ""B"", ""message"": ""I\u2019d definitely be down.""}, {""speaker"": ""A"", ""message"": ""Amazing, I\u2019ll send you the details \ud83d\ude4f""}, {""speaker"": ""B"", ""message"": ""Perfect, thank you :)""}]",22.9,5,5,21,8.0,9,ready_for_event
C0110,U158,U161,"[{""speaker"": ""A"", ""message"": ""Are you looking more for events, community, or personal practice right now?""}, {""speaker"": ""B"", ""message"": ""I feel like I\u2019ve been searching for deeper connection.""}, {""speaker"": ""A"", ""message"": ""That makes sense. A lot of social spaces feel pretty surface-level.""}, {""speaker"": ""B"", ""message"": ""Mostly journaling, breathwork, and trying to be more present.""}, {""speaker"": ""A"", ""message"": ""I relate to that. It\u2019s easy to practice alone, but harder to stay consistent without support.""}, {""speaker"": ""B"", ""message"": ""I feel like I\u2019ve been searching for deeper connection.""}, {""speaker"": ""A"", ""message"": ""I relate to that. It\u2019s easy to practice alone, but harder to stay consistent without support.""}, {""speaker"": ""B"", ""message"": ""I feel like I\u2019ve been searching for deeper connection.""}, {""speaker"": ""A"", ""message"": ""For sure""}, {""speaker"": ""B"", ""message"": ""Totally""}, {""speaker"": ""A"", ""message"": ""I feel like I\u2019ve been searching for deeper connection.""}, {""speaker"": ""B"", ""message"": ""That\u2019s beautiful. I\u2019ve been realizing how much environment affects my practice.""}, {""speaker"": ""A"", ""message"": ""Haha same""}, {""speaker"": ""B"", ""message"": ""Love that""}, {""speaker"": ""A"", ""message"": ""Mostly journaling, breathwork, and trying to be more present.""}]",228.8,8,7,4,8.5,14,healthy
C0111,U066,U020,"[{""speaker"": ""A"", ""message"": ""Have you been exploring spirituality for a while?""}, {""speaker"": ""B"", ""message"": ""Mostly just exploring right now.""}]",3821.6,1,1,3,6.5,165,stalled
C0112,U197,U105,"[{""speaker"": ""A"", ""message"": ""What kind of practices are helping you lately?""}, {""speaker"": ""B"", ""message"": ""Just exploring a bit.""}, {""speaker"": ""A"", ""message"": ""Mostly journaling, breathwork, and trying to be more present.""}, {""speaker"": ""A"", ""message"": ""I relate to that. It\u2019s easy to practice alone, but harder to stay consistent without support.""}, {""speaker"": ""A"", ""message"": ""That\u2019s beautiful. I\u2019ve been realizing how much environment affects my practice.""}, {""speaker"": ""A"", ""message"": ""I\u2019ve been wanting to meet more intentional people honestly.""}, {""speaker"": ""A"", ""message"": ""I\u2019m trying to spend less time online and more time in real community.""}, {""speaker"": ""A"", ""message"": ""That\u2019s beautiful. I\u2019ve been realizing how much environment affects my practice.""}, {""speaker"": ""A"", ""message"": ""That makes sense. A lot of social spaces feel pretty surface-level.""}, {""speaker"": ""A"", ""message"": ""Do you usually go to things like this?""}, {""speaker"": ""A"", ""message"": ""Same. I think finding aligned community is the hardest part.""}]",879.0,10,1,13,10.0,36,one_sided
C0113,U099,U148,"[{""speaker"": ""A"", ""message"": ""Do you usually go to wellness events?""}, {""speaker"": ""B"", ""message"": ""Yeah, still figuring it out.""}, {""speaker"": ""A"", ""message"": ""That\u2019s beautiful. I\u2019ve been realizing how much environment affects my practice.""}, {""speaker"": ""A"", ""message"": ""I\u2019m trying to spend less time online and more time in real community.""}, {""speaker"": ""A"", ""message"": ""I\u2019m trying to spend less time online and more time in real community.""}, {""speaker"": ""B"", ""message"": ""Makes sense""}, {""speaker"": ""A"", ""message"": ""Do you usually go to things like this?""}, {""speaker"": ""A"", ""message"": ""That makes sense. A lot of social spaces feel pretty surface-level.""}, {""speaker"": ""A"", ""message"": ""I\u2019ve been wanting to meet people who care about inner growth.""}, {""speaker"": ""A"", ""message"": ""I feel like I\u2019ve been searching for deeper connection.""}, {""speaker"": ""A"", ""message"": ""I got into meditation after feeling pretty burned out last year.""}, {""speaker"": ""A"", ""message"": ""Do you usually go to things like this?""}, {""speaker"": ""A"", ""message"": ""I think community makes practice feel more real.""}, {""speaker"": ""A"", ""message"": ""That makes sense. A lot of social spaces feel pretty surface-level.""}, {""speaker"": ""A"", ""message"": ""Most of my friends aren\u2019t really into this kind of stuff.""}, {""speaker"": ""A"", ""message"": ""I\u2019ve been wanting to meet more intentional people honestly.""}]",675.0,14,2,9,9.2,24,one_sided
C0114,U083,U102,"[{""speaker"": ""A"", ""message"": ""What brought you to Sangha?""}, {""speaker"": ""B"", ""message"": ""Mostly just exploring right now.""}]",2156.0,1,1,2,5.0,76,stalled
C0115,U176,U056,"[{""speaker"": ""B"", ""message"": ""Are you looking more for events, community, or personal practice right now?""}, {""speaker"": ""A"", ""message"": ""Mostly curious.""}, {""speaker"": ""B"", ""message"": ""Most of my friends aren\u2019t really into this kind of stuff.""}, {""speaker"": ""A"", ""message"": ""Totally""}, {""speaker"": ""B"", ""message"": ""I\u2019m trying to spend less time online and more time in real community.""}, {""speaker"": ""B"", ""message"": ""I think community makes practice feel more real.""}, {""speaker"": ""B"", ""message"": ""That\u2019s beautiful. I\u2019ve been realizing how much environment affects my practice.""}, {""speaker"": ""A"", ""message"": ""Yeah""}, {""speaker"": ""B"", ""message"": ""Do you usually go to things like this?""}, {""speaker"": ""B"", ""message"": ""I\u2019ve been wanting to meet more intentional people honestly.""}, {""speaker"": ""B"", ""message"": ""I\u2019m trying to spend less time online and more time in real community.""}, {""speaker"": ""B"", ""message"": ""I feel like I\u2019ve been searching for deeper connection.""}]",497.6,3,9,2,8.2,21,one_sided
C0116,U129,U191,"[{""speaker"": ""A"", ""message"": ""Hey!""}, {""speaker"": ""B"", ""message"": ""Hey!""}, {""speaker"": ""A"", ""message"": ""That\u2019s cool""}, {""speaker"": ""B"", ""message"": ""Any plans this weekend?""}, {""speaker"": ""A"", ""message"": ""That\u2019s cool""}, {""speaker"": ""B"", ""message"": ""Nice""}, {""speaker"": ""A"", ""message"": ""Same""}, {""speaker"": ""B"", ""message"": ""Same""}, {""speaker"": ""A"", ""message"": ""Nice""}, {""speaker"": ""B"", ""message"": ""Same""}, {""speaker"": ""A"", ""message"": ""Pretty good""}, {""speaker"": ""B"", ""message"": ""Not really haha""}]",1781.1,6,6,6,1.7,18,shallow
C0117,U005,U052,"[{""speaker"": ""A"", ""message"": ""Are you looking more for events, community, or personal practice right now?""}, {""speaker"": ""B"", ""message"": ""I\u2019m trying to spend less time online and more time in real community.""}, {""speaker"": ""A"", ""message"": ""I\u2019m trying to spend less time online and more time in real community.""}, {""speaker"": ""B"", ""message"": ""I\u2019ve been wanting to meet people who care about inner growth.""}, {""speaker"": ""A"", ""message"": ""I\u2019m trying to spend less time online and more time in real community.""}, {""speaker"": ""B"", ""message"": ""Love that""}, {""speaker"": ""A"", ""message"": ""I\u2019ve been wanting to meet people who care about inner growth.""}, {""speaker"": ""B"", ""message"": ""That\u2019s beautiful. I\u2019ve been realizing how much environment affects my practice.""}, {""speaker"": ""A"", ""message"": ""That makes sense. A lot of social spaces feel pretty surface-level.""}, {""speaker"": ""B"", ""message"": ""For sure""}, {""speaker"": ""A"", ""message"": ""Same. I think finding aligned community is the hardest part.""}, {""speaker"": ""B"", ""message"": ""I relate to that. It\u2019s easy to practice alone, but harder to stay consistent without support.""}, {""speaker"": ""A"", ""message"": ""I relate to that. It\u2019s easy to practice alone, but harder to stay consistent without support.""}, {""speaker"": ""B"", ""message"": ""For sure""}, {""speaker"": ""A"", ""message"": ""Yeah, I\u2019ve been wanting something that feels more intentional than just another meetup.""}, {""speaker"": ""B"", ""message"": ""I got into meditation after feeling pretty burned out last year.""}, {""speaker"": ""A"", ""message"": ""Makes sense""}]",469.5,9,8,11,9.9,8,ready_for_event
C0118,U109,U098,"[{""speaker"": ""A"", ""message"": ""What kind of practices are helping you lately?""}, {""speaker"": ""B"", ""message"": ""I\u2019m trying to spend less time online and more time in real community.""}, {""speaker"": ""A"", ""message"": ""I\u2019ve been wanting to meet people who care about inner growth.""}, {""speaker"": ""B"", ""message"": ""That makes sense. A lot of social spaces feel pretty surface-level.""}, {""speaker"": ""A"", ""message"": ""I relate to that. It\u2019s easy to practice alone, but harder to stay consistent without support.""}, {""speaker"": ""B"", ""message"": ""That makes sense. A lot of social spaces feel pretty surface-level.""}, {""speaker"": ""A"", ""message"": ""Love that""}, {""speaker"": ""B"", ""message"": ""I\u2019ve been wanting to meet people who care about inner growth.""}, {""speaker"": ""A"", ""message"": ""Makes sense""}, {""speaker"": ""B"", ""message"": ""Yeah, I\u2019ve been wanting something that feels more intentional than just another meetup.""}, {""speaker"": ""A"", ""message"": ""Haha same""}]",181.7,6,5,7,9.1,15,ready_for_event
C0119,U004,U103,"[{""speaker"": ""A"", ""message"": ""What brought you to Sangha?""}, {""speaker"": ""B"", ""message"": ""Honestly I\u2019ve been craving more grounded community lately.""}, {""speaker"": ""A"", ""message"": ""Same. I think finding aligned community is the hardest part.""}, {""speaker"": ""B"", ""message"": ""Yeah I\u2019ve been feeling that too. It would be nice to meet people in person.""}, {""speaker"": ""A"", ""message"": ""There\u2019s a community yoga and tea gathering this weekend.""}, {""speaker"": ""B"", ""message"": ""Wait that actually sounds amazing.""}, {""speaker"": ""A"", ""message"": ""You should come if you\u2019re free.""}, {""speaker"": ""B"", ""message"": ""I\u2019d definitely be down.""}, {""speaker"": ""A"", ""message"": ""Amazing, I\u2019ll send you the details \ud83d\ude4f""}, {""speaker"": ""B"", ""message"": ""Perfect, thank you :)""}]",11.8,5,5,25,7.3,11,ready_for_event
C0120,U038,U177,"[{""speaker"": ""A"", ""message"": ""What brought you to Sangha?""}, {""speaker"": ""B"", ""message"": ""I\u2019ve been wanting more community honestly.""}, {""speaker"": ""A"", ""message"": ""Yeah I relate to that.""}, {""speaker"": ""B"", ""message"": ""What kind of practices are you into?""}]",4499.1,2,2,4,5.8,59,stalled
C0121,U188,U178,"[{""speaker"": ""A"", ""message"": ""Are you looking more for events, community, or personal practice right now?""}, {""speaker"": ""B"", ""message"": ""Trying to get back into meditation.""}, {""speaker"": ""A"", ""message"": ""That makes sense.""}, {""speaker"": ""B"", ""message"": ""What kind of practices are you into?""}, {""speaker"": ""A"", ""message"": ""What kind of practices are you into?""}]",3076.1,3,2,6,7.0,138,stalled
C0122,U012,U064,"[{""speaker"": ""A"", ""message"": ""Have you been exploring spirituality for a while?""}, {""speaker"": ""B"", ""message"": ""Mostly just exploring right now.""}, {""speaker"": ""A"", ""message"": ""I\u2019ve had a busy week.""}, {""speaker"": ""B"", ""message"": ""That makes sense.""}, {""speaker"": ""A"", ""message"": ""That makes sense.""}, {""speaker"": ""B"", ""message"": ""What kind of practices are you into?""}]",4840.9,3,3,1,5.2,60,stalled
C0123,U173,U154,"[{""speaker"": ""A"", ""message"": ""Hey!""}, {""speaker"": ""B"", ""message"": ""Pretty good""}, {""speaker"": ""A"", ""message"": ""Not really haha""}, {""speaker"": ""B"", ""message"": ""Hey!""}, {""speaker"": ""A"", ""message"": ""Busy honestly""}, {""speaker"": ""B"", ""message"": ""How\u2019s your week going?""}, {""speaker"": ""A"", ""message"": ""Hey!""}, {""speaker"": ""B"", ""message"": ""Love that""}, {""speaker"": ""A"", ""message"": ""Hey haha""}, {""speaker"": ""B"", ""message"": ""Busy honestly""}, {""speaker"": ""A"", ""message"": ""Any plans this weekend?""}, {""speaker"": ""B"", ""message"": ""Pretty good""}]",968.8,6,6,2,2.2,21,shallow
C0124,U189,U196,"[{""speaker"": ""A"", ""message"": ""Any plans this weekend?""}, {""speaker"": ""B"", ""message"": ""Not really haha""}, {""speaker"": ""A"", ""message"": ""Busy honestly""}, {""speaker"": ""B"", ""message"": ""That\u2019s cool""}, {""speaker"": ""A"", ""message"": ""That\u2019s cool""}, {""speaker"": ""B"", ""message"": ""Any plans this weekend?""}, {""speaker"": ""A"", ""message"": ""Pretty good""}, {""speaker"": ""B"", ""message"": ""Yeah totally""}, {""speaker"": ""A"", ""message"": ""Busy honestly""}, {""speaker"": ""B"", ""message"": ""Love that""}, {""speaker"": ""A"", ""message"": ""Yeah totally""}, {""speaker"": ""B"", ""message"": ""Any plans this weekend?""}]",2181.7,6,6,2,2.6,4,shallow
C0125,U153,U069,"[{""speaker"": ""A"", ""message"": ""What kind of practices are helping you lately?""}, {""speaker"": ""B"", ""message"": ""I\u2019ve been wanting to meet people who care about inner growth.""}, {""speaker"": ""A"", ""message"": ""Same. I think finding aligned community is the hardest part.""}, {""speaker"": ""B"", ""message"": ""Yeah I\u2019ve been feeling that too. It would be nice to meet people in person.""}, {""speaker"": ""A"", ""message"": ""I saw a breathwork class nearby that feels pretty aligned.""}, {""speaker"": ""B"", ""message"": ""Wait that actually sounds amazing.""}, {""speaker"": ""A"", ""message"": ""You should come if you\u2019re free.""}, {""speaker"": ""B"", ""message"": ""I\u2019d definitely be down.""}, {""speaker"": ""A"", ""message"": ""Amazing, I\u2019ll send you the details \ud83d\ude4f""}, {""speaker"": ""B"", ""message"": ""Perfect, thank you :)""}]",117.8,5,5,15,8.0,11,ready_for_event
C0126,U135,U024,"[{""speaker"": ""A"", ""message"": ""Have you been exploring spirituality for a while?""}, {""speaker"": ""B"", ""message"": ""I\u2019ve been wanting to meet people who care about inner growth.""}, {""speaker"": ""A"", ""message"": ""Yeah, I\u2019ve been wanting something that feels more intentional than just another meetup.""}, {""speaker"": ""B"", ""message"": ""Mostly journaling, breathwork, and trying to be more present.""}, {""speaker"": ""A"", ""message"": ""I\u2019ve been wanting to meet people who care about inner growth.""}, {""speaker"": ""B"", ""message"": ""I feel like I\u2019ve been searching for deeper connection.""}, {""speaker"": ""A"", ""message"": ""I\u2019m trying to spend less time online and more time in real community.""}, {""speaker"": ""B"", ""message"": ""That\u2019s beautiful. I\u2019ve been realizing how much environment affects my practice.""}, {""speaker"": ""A"", ""message"": ""That makes sense. A lot of social spaces feel pretty surface-level.""}, {""speaker"": ""B"", ""message"": ""I relate to that. It\u2019s easy to practice alone, but harder to stay consistent without support.""}, {""speaker"": ""A"", ""message"": ""I got into meditation after feeling pretty burned out last year.""}, {""speaker"": ""B"", ""message"": ""Yeah""}, {""speaker"": ""A"", ""message"": ""Mostly journaling, breathwork, and trying to be more present.""}]",222.1,7,6,7,10.2,3,ready_for_event
C0127,U137,U157,"[{""speaker"": ""A"", ""message"": ""What brought you to Sangha?""}, {""speaker"": ""B"", ""message"": ""I\u2019m trying to spend less time online and more time in real community.""}, {""speaker"": ""A"", ""message"": ""Nice""}, {""speaker"": ""B"", ""message"": ""I relate to that. It\u2019s easy to practice alone, but harder to stay consistent without support.""}, {""speaker"": ""A"", ""message"": ""Yeah""}, {""speaker"": ""B"", ""message"": ""I got into meditation after feeling pretty burned out last year.""}, {""speaker"": ""A"", ""message"": ""Love that""}, {""speaker"": ""B"", ""message"": ""Same. I think finding aligned community is the hardest part.""}, {""speaker"": ""A"", ""message"": ""Totally""}, {""speaker"": ""B"", ""message"": ""I feel like I\u2019ve been searching for deeper connection.""}, {""speaker"": ""A"", ""message"": ""I\u2019ve been wanting to meet people who care about inner growth.""}, {""speaker"": ""B"", ""message"": ""I got into meditation after feeling pretty burned out last year.""}, {""speaker"": ""A"", ""message"": ""Cool""}, {""speaker"": ""B"", ""message"": ""I feel like I\u2019ve been searching for deeper connection.""}, {""speaker"": ""A"", ""message"": ""That\u2019s beautiful. I\u2019ve been realizing how much environment affects my practice.""}, {""speaker"": ""B"", ""message"": ""Mostly journaling, breathwork, and trying to be more present.""}, {""speaker"": ""A"", ""message"": ""I\u2019ve been wanting to meet people who care about inner growth.""}]",135.2,9,8,1,7.8,6,healthy
C0128,U043,U049,"[{""speaker"": ""A"", ""message"": ""What kind of practices are helping you lately?""}, {""speaker"": ""B"", ""message"": ""I\u2019ve been wanting more community honestly.""}, {""speaker"": ""A"", ""message"": ""That makes sense.""}, {""speaker"": ""B"", ""message"": ""What kind of practices are you into?""}]",1961.5,2,2,8,6.0,69,stalled
C0129,U100,U180,"[{""speaker"": ""A"", ""message"": ""What brought you to Sangha?""}, {""speaker"": ""B"", ""message"": ""Mostly journaling, breathwork, and trying to be more present.""}, {""speaker"": ""A"", ""message"": ""I relate to that. It\u2019s easy to practice alone, but harder to stay consistent without support.""}, {""speaker"": ""B"", ""message"": ""Honestly I\u2019ve been craving more grounded community lately.""}, {""speaker"": ""A"", ""message"": ""That\u2019s beautiful. I\u2019ve been realizing how much environment affects my practice.""}, {""speaker"": ""B"", ""message"": ""Haha same""}, {""speaker"": ""A"", ""message"": ""Cool""}, {""speaker"": ""B"", ""message"": ""Same. I think finding aligned community is the hardest part.""}, {""speaker"": ""A"", ""message"": ""Mostly journaling, breathwork, and trying to be more present.""}, {""speaker"": ""B"", ""message"": ""Honestly I\u2019ve been craving more grounded community lately.""}, {""speaker"": ""A"", ""message"": ""I got into meditation after feeling pretty burned out last year.""}, {""speaker"": ""B"", ""message"": ""Love that""}]",87.9,6,6,12,7.7,6,ready_for_event
C0130,U073,U095,"[{""speaker"": ""A"", ""message"": ""Are you looking more for events, community, or personal practice right now?""}, {""speaker"": ""B"", ""message"": ""Mostly curious.""}, {""speaker"": ""A"", ""message"": ""Mostly journaling, breathwork, and trying to be more present.""}, {""speaker"": ""A"", ""message"": ""Same. I think finding aligned community is the hardest part.""}, {""speaker"": ""A"", ""message"": ""Most of my friends aren\u2019t really into this kind of stuff.""}, {""speaker"": ""A"", ""message"": ""I feel like I\u2019ve been searching for deeper connection.""}, {""speaker"": ""A"", ""message"": ""Most of my friends aren\u2019t really into this kind of stuff.""}, {""speaker"": ""B"", ""message"": ""Totally""}, {""speaker"": ""A"", ""message"": ""Honestly I\u2019ve been craving more grounded community lately.""}, {""speaker"": ""A"", ""message"": ""That makes sense. A lot of social spaces feel pretty surface-level.""}, {""speaker"": ""A"", ""message"": ""Same. I think finding aligned community is the hardest part.""}, {""speaker"": ""A"", ""message"": ""I think community makes practice feel more real.""}, {""speaker"": ""A"", ""message"": ""I feel like I\u2019ve been searching for deeper connection.""}, {""speaker"": ""B"", ""message"": ""Makes sense""}, {""speaker"": ""A"", ""message"": ""I\u2019m trying to spend less time online and more time in real community.""}, {""speaker"": ""A"", ""message"": ""I\u2019m trying to spend less time online and more time in real community.""}]",203.5,13,3,6,8.7,32,one_sided
C0131,U144,U045,"[{""speaker"": ""A"", ""message"": ""Hey haha""}, {""speaker"": ""B"", ""message"": ""Same""}, {""speaker"": ""A"", ""message"": ""Not really haha""}, {""speaker"": ""B"", ""message"": ""Busy honestly""}, {""speaker"": ""A"", ""message"": ""Hey haha""}, {""speaker"": ""B"", ""message"": ""Same""}, {""speaker"": ""A"", ""message"": ""That\u2019s cool""}, {""speaker"": ""B"", ""message"": ""Nice""}, {""speaker"": ""A"", ""message"": ""Pretty good""}]",2248.5,5,4,6,1.8,22,shallow
C0132,U074,U107,"[{""speaker"": ""A"", ""message"": ""Do you usually go to wellness events?""}, {""speaker"": ""B"", ""message"": ""Mostly just exploring right now.""}, {""speaker"": ""A"", ""message"": ""Yeah I relate to that.""}, {""speaker"": ""B"", ""message"": ""What kind of practices are you into?""}]",3553.7,2,2,8,6.0,78,stalled
C0133,U044,U071,"[{""speaker"": ""A"", ""message"": ""Yeah totally""}, {""speaker"": ""B"", ""message"": ""That\u2019s cool""}, {""speaker"": ""A"", ""message"": ""Any plans this weekend?""}, {""speaker"": ""B"", ""message"": ""That\u2019s cool""}, {""speaker"": ""A"", ""message"": ""Hey haha""}, {""speaker"": ""B"", ""message"": ""Same""}, {""speaker"": ""A"", ""message"": ""That\u2019s cool""}, {""speaker"": ""B"", ""message"": ""Love that""}, {""speaker"": ""A"", ""message"": ""Yeah totally""}]",2569.7,5,4,1,2.1,3,shallow
C0134,U041,U173,"[{""speaker"": ""A"", ""message"": ""Are you looking more for events, community, or personal practice right now?""}, {""speaker"": ""B"", ""message"": ""I\u2019ve been wanting more community honestly.""}, {""speaker"": ""A"", ""message"": ""What kind of practices are you into?""}, {""speaker"": ""B"", ""message"": ""Sorry just saw this.""}]",3218.6,2,2,1,7.2,95,stalled
C0135,U061,U026,"[{""speaker"": ""A"", ""message"": ""Are you looking more for events, community, or personal practice right now?""}, {""speaker"": ""B"", ""message"": ""Trying to get back into meditation.""}, {""speaker"": ""A"", ""message"": ""Sorry just saw this.""}, {""speaker"": ""B"", ""message"": ""That makes sense.""}]",3638.8,2,2,2,6.2,113,stalled
C0136,U070,U186,"[{""speaker"": ""A"", ""message"": ""Have you been exploring spirituality for a while?""}, {""speaker"": ""B"", ""message"": ""I\u2019m trying to spend less time online and more time in real community.""}, {""speaker"": ""A"", ""message"": ""That makes sense. A lot of social spaces feel pretty surface-level.""}, {""speaker"": ""B"", ""message"": ""Yeah I\u2019ve been feeling that too. It would be nice to meet people in person.""}, {""speaker"": ""A"", ""message"": ""There\u2019s a community yoga and tea gathering this weekend.""}, {""speaker"": ""B"", ""message"": ""Wait that actually sounds amazing.""}, {""speaker"": ""A"", ""message"": ""You should come if you\u2019re free.""}, {""speaker"": ""B"", ""message"": ""I\u2019d definitely be down.""}, {""speaker"": ""A"", ""message"": ""Amazing, I\u2019ll send you the details \ud83d\ude4f""}, {""speaker"": ""B"", ""message"": ""Perfect, thank you :)""}, {""speaker"": ""A"", ""message"": ""I think it could be a nice low-pressure way to meet.""}, {""speaker"": ""B"", ""message"": ""Agreed. I like that it\u2019s centered around practice, not just chatting.""}]",64.6,6,6,25,8.7,7,ready_for_event
C0137,U046,U138,"[{""speaker"": ""A"", ""message"": ""Do you usually go to wellness events?""}, {""speaker"": ""B"", ""message"": ""Mostly journaling, breathwork, and trying to be more present.""}, {""speaker"": ""A"", ""message"": ""Cool""}, {""speaker"": ""B"", ""message"": ""Makes sense""}, {""speaker"": ""A"", ""message"": ""That\u2019s beautiful. I\u2019ve been realizing how much environment affects my practice.""}, {""speaker"": ""B"", ""message"": ""For sure""}, {""speaker"": ""A"", ""message"": ""Same. I think finding aligned community is the hardest part.""}, {""speaker"": ""B"", ""message"": ""I\u2019ve been wanting to meet people who care about inner growth.""}, {""speaker"": ""A"", ""message"": ""Mostly journaling, breathwork, and trying to be more present.""}, {""speaker"": ""B"", ""message"": ""Mostly journaling, breathwork, and trying to be more present.""}, {""speaker"": ""A"", ""message"": ""Nice""}, {""speaker"": ""B"", ""message"": ""I relate to that. It\u2019s easy to practice alone, but harder to stay consistent without support.""}, {""speaker"": ""A"", ""message"": ""Honestly I\u2019ve been craving more grounded community lately.""}]",202.4,7,6,8,7.4,12,ready_for_event
C0138,U082,U179,"[{""speaker"": ""B"", ""message"": ""What kind of practices are helping you lately?""}, {""speaker"": ""A"", ""message"": ""Yeah, still figuring it out.""}, {""speaker"": ""B"", ""message"": ""Yeah, I\u2019ve been wanting something that feels more intentional than just another meetup.""}, {""speaker"": ""B"", ""message"": ""Honestly I\u2019ve been craving more grounded community lately.""}, {""speaker"": ""A"", ""message"": ""Totally""}, {""speaker"": ""B"", ""message"": ""I\u2019ve been wanting to meet people who care about inner growth.""}, {""speaker"": ""B"", ""message"": ""That makes sense. A lot of social spaces feel pretty surface-level.""}, {""speaker"": ""B"", ""message"": ""I\u2019ve been wanting to meet people who care about inner growth.""}, {""speaker"": ""B"", ""message"": ""I\u2019ve been wanting to meet people who care about inner growth.""}, {""speaker"": ""A"", ""message"": ""Totally""}, {""speaker"": ""B"", ""message"": ""I think community makes practice feel more real.""}, {""speaker"": ""B"", ""message"": ""I got into meditation after feeling pretty burned out last year.""}, {""speaker"": ""B"", ""message"": ""That makes sense. A lot of social spaces feel pretty surface-level.""}, {""speaker"": ""B"", ""message"": ""Honestly I\u2019ve been craving more grounded community lately.""}, {""speaker"": ""B"", ""message"": ""I\u2019m trying to spend less time online and more time in real community.""}]",513.7,3,12,13,8.7,5,one_sided
C0139,U039,U094,"[{""speaker"": ""A"", ""message"": ""Do you usually go to wellness events?""}, {""speaker"": ""B"", ""message"": ""Mostly just exploring right now.""}, {""speaker"": ""A"", ""message"": ""What kind of practices are you into?""}, {""speaker"": ""B"", ""message"": ""Yeah I relate to that.""}, {""speaker"": ""A"", ""message"": ""Sorry just saw this.""}, {""speaker"": ""B"", ""message"": ""Yeah I relate to that.""}, {""speaker"": ""A"", ""message"": ""Yeah I relate to that.""}]",3848.7,4,3,9,5.4,82,stalled
C0140,U172,U029,"[{""speaker"": ""A"", ""message"": ""What brought you to Sangha?""}, {""speaker"": ""B"", ""message"": ""Just exploring a bit.""}, {""speaker"": ""A"", ""message"": ""That\u2019s beautiful. I\u2019ve been realizing how much environment affects my practice.""}, {""speaker"": ""A"", ""message"": ""Do you usually go to things like this?""}, {""speaker"": ""A"", ""message"": ""That\u2019s beautiful. I\u2019ve been realizing how much environment affects my practice.""}, {""speaker"": ""A"", ""message"": ""I feel like I\u2019ve been searching for deeper connection.""}, {""speaker"": ""A"", ""message"": ""Do you usually go to things like this?""}, {""speaker"": ""A"", ""message"": ""Most of my friends aren\u2019t really into this kind of stuff.""}, {""speaker"": ""A"", ""message"": ""I\u2019m trying to spend less time online and more time in real community.""}, {""speaker"": ""A"", ""message"": ""Mostly journaling, breathwork, and trying to be more present.""}, {""speaker"": ""A"", ""message"": ""I feel like I\u2019ve been searching for deeper connection.""}, {""speaker"": ""A"", ""message"": ""That\u2019s beautiful. I\u2019ve been realizing how much environment affects my practice.""}, {""speaker"": ""A"", ""message"": ""Same. I think finding aligned community is the hardest part.""}]",560.0,12,1,14,9.2,21,one_sided
C0141,U095,U047,"[{""speaker"": ""B"", ""message"": ""Do you usually go to wellness events?""}, {""speaker"": ""A"", ""message"": ""Mostly curious.""}, {""speaker"": ""B"", ""message"": ""Yeah, I\u2019ve been wanting something that feels more intentional than just another meetup.""}, {""speaker"": ""B"", ""message"": ""I think community makes practice feel more real.""}, {""speaker"": ""B"", ""message"": ""Honestly I\u2019ve been craving more grounded community lately.""}, {""speaker"": ""B"", ""message"": ""Mostly journaling, breathwork, and trying to be more present.""}, {""speaker"": ""A"", ""message"": ""Yeah""}, {""speaker"": ""B"", ""message"": ""Honestly I\u2019ve been craving more grounded community lately.""}, {""speaker"": ""A"", ""message"": ""Makes sense""}, {""speaker"": ""B"", ""message"": ""I\u2019m trying to spend less time online and more time in real community.""}, {""speaker"": ""B"", ""message"": ""I\u2019ve been wanting to meet more intentional people honestly.""}, {""speaker"": ""B"", ""message"": ""Most of my friends aren\u2019t really into this kind of stuff.""}, {""speaker"": ""B"", ""message"": ""Most of my friends aren\u2019t really into this kind of stuff.""}]",889.3,3,10,14,7.8,17,one_sided
C0142,U186,U194,"[{""speaker"": ""A"", ""message"": ""Do you usually go to wellness events?""}, {""speaker"": ""B"", ""message"": ""Mostly journaling, breathwork, and trying to be more present.""}, {""speaker"": ""A"", ""message"": ""Cool""}, {""speaker"": ""B"", ""message"": ""For sure""}, {""speaker"": ""A"", ""message"": ""I\u2019m trying to spend less time online and more time in real community.""}, {""speaker"": ""B"", ""message"": ""That\u2019s beautiful. I\u2019ve been realizing how much environment affects my practice.""}, {""speaker"": ""A"", ""message"": ""I got into meditation after feeling pretty burned out last year.""}, {""speaker"": ""B"", ""message"": ""Yeah""}, {""speaker"": ""A"", ""message"": ""Same. I think finding aligned community is the hardest part.""}, {""speaker"": ""B"", ""message"": ""That\u2019s beautiful. I\u2019ve been realizing how much environment affects my practice.""}, {""speaker"": ""A"", ""message"": ""Cool""}, {""speaker"": ""B"", ""message"": ""That\u2019s beautiful. I\u2019ve been realizing how much environment affects my practice.""}, {""speaker"": ""A"", ""message"": ""That\u2019s beautiful. I\u2019ve been realizing how much environment affects my practice.""}, {""speaker"": ""B"", ""message"": ""I feel like I\u2019ve been searching for deeper connection.""}, {""speaker"": ""A"", ""message"": ""Nice""}, {""speaker"": ""B"", ""message"": ""I got into meditation after feeling pretty burned out last year.""}, {""speaker"": ""A"", ""message"": ""I got into meditation after feeling pretty burned out last year.""}]",96.5,9,8,11,7.7,14,ready_for_event
C0143,U031,U071,"[{""speaker"": ""A"", ""message"": ""Are you looking more for events, community, or personal practice right now?""}, {""speaker"": ""B"", ""message"": ""I\u2019ve been wanting more community honestly.""}, {""speaker"": ""A"", ""message"": ""Yeah I relate to that.""}, {""speaker"": ""B"", ""message"": ""I\u2019ve had a busy week.""}, {""speaker"": ""A"", ""message"": ""Sorry just saw this.""}]",1508.3,3,2,9,6.4,151,stalled
C0144,U034,U029,"[{""speaker"": ""A"", ""message"": ""How\u2019s your week going?""}, {""speaker"": ""B"", ""message"": ""Hey haha""}, {""speaker"": ""A"", ""message"": ""Yeah totally""}, {""speaker"": ""B"", ""message"": ""Hey!""}, {""speaker"": ""A"", ""message"": ""Pretty good""}, {""speaker"": ""B"", ""message"": ""Not really haha""}, {""speaker"": ""A"", ""message"": ""How\u2019s your week going?""}, {""speaker"": ""B"", ""message"": ""Pretty good""}]",1746.7,4,4,5,2.5,24,shallow
C0145,U149,U112,"[{""speaker"": ""A"", ""message"": ""What brought you to Sangha?""}, {""speaker"": ""B"", ""message"": ""Mostly journaling, breathwork, and trying to be more present.""}, {""speaker"": ""A"", ""message"": ""Love that""}, {""speaker"": ""B"", ""message"": ""Yeah""}, {""speaker"": ""A"", ""message"": ""That makes sense. A lot of social spaces feel pretty surface-level.""}, {""speaker"": ""B"", ""message"": ""Haha same""}, {""speaker"": ""A"", ""message"": ""For sure""}, {""speaker"": ""B"", ""message"": ""Honestly I\u2019ve been craving more grounded community lately.""}, {""speaker"": ""A"", ""message"": ""I got into meditation after feeling pretty burned out last year.""}, {""speaker"": ""B"", ""message"": ""Love that""}, {""speaker"": ""A"", ""message"": ""Love that""}]",247.6,6,5,1,5.0,5,healthy
C0146,U122,U006,"[{""speaker"": ""A"", ""message"": ""Not really haha""}, {""speaker"": ""B"", ""message"": ""Same""}, {""speaker"": ""A"", ""message"": ""Yeah totally""}, {""speaker"": ""B"", ""message"": ""Busy honestly""}, {""speaker"": ""A"", ""message"": ""Busy honestly""}, {""speaker"": ""B"", ""message"": ""Busy honestly""}]",939.0,3,3,6,2.0,26,stalled
C0147,U120,U012,"[{""speaker"": ""B"", ""message"": ""Do you usually go to wellness events?""}, {""speaker"": ""A"", ""message"": ""Yeah, still figuring it out.""}, {""speaker"": ""B"", ""message"": ""I think community makes practice feel more real.""}, {""speaker"": ""B"", ""message"": ""Most of my friends aren\u2019t really into this kind of stuff.""}, {""speaker"": ""B"", ""message"": ""Same. I think finding aligned community is the hardest part.""}, {""speaker"": ""B"", ""message"": ""Same. I think finding aligned community is the hardest part.""}, {""speaker"": ""A"", ""message"": ""Yeah""}, {""speaker"": ""B"", ""message"": ""Yeah, I\u2019ve been wanting something that feels more intentional than just another meetup.""}, {""speaker"": ""A"", ""message"": ""Totally""}, {""speaker"": ""B"", ""message"": ""Mostly journaling, breathwork, and trying to be more present.""}, {""speaker"": ""B"", ""message"": ""Same. I think finding aligned community is the hardest part.""}, {""speaker"": ""B"", ""message"": ""I\u2019ve been wanting to meet people who care about inner growth.""}]",965.0,3,9,5,8.0,30,one_sided
C0148,U057,U063,"[{""speaker"": ""A"", ""message"": ""Have you been exploring spirituality for a while?""}, {""speaker"": ""B"", ""message"": ""Trying to get back into meditation.""}, {""speaker"": ""A"", ""message"": ""That makes sense.""}]",3559.2,2,1,4,5.7,32,stalled
C0149,U132,U021,"[{""speaker"": ""A"", ""message"": ""Have you been exploring spirituality for a while?""}, {""speaker"": ""B"", ""message"": ""Just exploring a bit.""}, {""speaker"": ""A"", ""message"": ""Mostly journaling, breathwork, and trying to be more present.""}, {""speaker"": ""B"", ""message"": ""Yeah""}, {""speaker"": ""A"", ""message"": ""I\u2019m trying to spend less time online and more time in real community.""}, {""speaker"": ""A"", ""message"": ""That\u2019s beautiful. I\u2019ve been realizing how much environment affects my practice.""}, {""speaker"": ""A"", ""message"": ""Do you usually go to things like this?""}, {""speaker"": ""A"", ""message"": ""Do you usually go to things like this?""}, {""speaker"": ""A"", ""message"": ""Do you usually go to things like this?""}, {""speaker"": ""A"", ""message"": ""Yeah, I\u2019ve been wanting something that feels more intentional than just another meetup.""}, {""speaker"": ""A"", ""message"": ""I think community makes practice feel more real.""}]",378.8,9,2,3,8.3,26,one_sided
C0150,U158,U169,"[{""speaker"": ""B"", ""message"": ""What kind of practices are helping you lately?""}, {""speaker"": ""A"", ""message"": ""Just exploring a bit.""}, {""speaker"": ""B"", ""message"": ""Do you usually go to things like this?""}, {""speaker"": ""B"", ""message"": ""Most of my friends aren\u2019t really into this kind of stuff.""}, {""speaker"": ""B"", ""message"": ""I\u2019ve been wanting to meet more intentional people honestly.""}, {""speaker"": ""B"", ""message"": ""Same. I think finding aligned community is the hardest part.""}, {""speaker"": ""B"", ""message"": ""Same. I think finding aligned community is the hardest part.""}, {""speaker"": ""B"", ""message"": ""I got into meditation after feeling pretty burned out last year.""}, {""speaker"": ""B"", ""message"": ""I think community makes practice feel more real.""}, {""speaker"": ""B"", ""message"": ""I\u2019ve been wanting to meet more intentional people honestly.""}, {""speaker"": ""B"", ""message"": ""Honestly I\u2019ve been craving more grounded community lately.""}, {""speaker"": ""B"", ""message"": ""I relate to that. It\u2019s easy to practice alone, but harder to stay consistent without support.""}]",71.6,1,11,1,9.3,25,one_sided
C0151,U184,U090,"[{""speaker"": ""A"", ""message"": ""Nice""}, {""speaker"": ""B"", ""message"": ""Not really haha""}, {""speaker"": ""A"", ""message"": ""Hey haha""}, {""speaker"": ""B"", ""message"": ""Nice""}, {""speaker"": ""A"", ""message"": ""Any plans this weekend?""}, {""speaker"": ""B"", ""message"": ""Yeah totally""}, {""speaker"": ""A"", ""message"": ""Nice""}]",1032.7,4,3,3,2.0,6,shallow
C0152,U126,U112,"[{""speaker"": ""A"", ""message"": ""What brought you to Sangha?""}, {""speaker"": ""B"", ""message"": ""I\u2019ve been wanting to meet people who care about inner growth.""}, {""speaker"": ""A"", ""message"": ""For sure""}, {""speaker"": ""B"", ""message"": ""Yeah""}, {""speaker"": ""A"", ""message"": ""I\u2019ve been wanting to meet people who care about inner growth.""}, {""speaker"": ""B"", ""message"": ""That\u2019s beautiful. I\u2019ve been realizing how much environment affects my practice.""}, {""speaker"": ""A"", ""message"": ""Honestly I\u2019ve been craving more grounded community lately.""}, {""speaker"": ""B"", ""message"": ""Totally""}, {""speaker"": ""A"", ""message"": ""Same. I think finding aligned community is the hardest part.""}, {""speaker"": ""B"", ""message"": ""Same. I think finding aligned community is the hardest part.""}, {""speaker"": ""A"", ""message"": ""I feel like I\u2019ve been searching for deeper connection.""}, {""speaker"": ""B"", ""message"": ""Makes sense""}, {""speaker"": ""A"", ""message"": ""Nice""}, {""speaker"": ""B"", ""message"": ""Mostly journaling, breathwork, and trying to be more present.""}, {""speaker"": ""A"", ""message"": ""I got into meditation after feeling pretty burned out last year.""}, {""speaker"": ""B"", ""message"": ""Same. I think finding aligned community is the hardest part.""}]",180.7,8,8,10,7.0,12,ready_for_event
C0153,U055,U088,"[{""speaker"": ""A"", ""message"": ""Nice""}, {""speaker"": ""B"", ""message"": ""Busy honestly""}, {""speaker"": ""A"", ""message"": ""Same""}, {""speaker"": ""B"", ""message"": ""Love that""}, {""speaker"": ""A"", ""message"": ""How\u2019s your week going?""}, {""speaker"": ""B"", ""message"": ""That\u2019s cool""}, {""speaker"": ""A"", ""message"": ""Nice""}, {""speaker"": ""B"", ""message"": ""Busy honestly""}, {""speaker"": ""A"", ""message"": ""Busy honestly""}, {""speaker"": ""B"", ""message"": ""Hey!""}]",2480.3,5,5,1,1.8,26,stalled
C0154,U114,U140,"[{""speaker"": ""A"", ""message"": ""Do you usually go to wellness events?""}, {""speaker"": ""B"", ""message"": ""Mostly curious.""}, {""speaker"": ""A"", ""message"": ""I think community makes practice feel more real.""}, {""speaker"": ""A"", ""message"": ""I relate to that. It\u2019s easy to practice alone, but harder to stay consistent without support.""}, {""speaker"": ""A"", ""message"": ""Yeah, I\u2019ve been wanting something that feels more intentional than just another meetup.""}, {""speaker"": ""A"", ""message"": ""I\u2019ve been wanting to meet people who care about inner growth.""}, {""speaker"": ""A"", ""message"": ""I think community makes practice feel more real.""}, {""speaker"": ""A"", ""message"": ""I got into meditation after feeling pretty burned out last year.""}, {""speaker"": ""A"", ""message"": ""I\u2019m trying to spend less time online and more time in real community.""}, {""speaker"": ""A"", ""message"": ""Mostly journaling, breathwork, and trying to be more present.""}, {""speaker"": ""A"", ""message"": ""Honestly I\u2019ve been craving more grounded community lately.""}]",877.7,10,1,5,9.6,13,one_sided
C0155,U022,U098,"[{""speaker"": ""A"", ""message"": ""What brought you to Sangha?""}, {""speaker"": ""B"", ""message"": ""I\u2019ve been wanting more community honestly.""}, {""speaker"": ""A"", ""message"": ""Sorry just saw this.""}, {""speaker"": ""B"", ""message"": ""What kind of practices are you into?""}, {""speaker"": ""A"", ""message"": ""I\u2019ve had a busy week.""}]",2086.9,3,2,6,5.4,37,stalled
C0156,U170,U061,"[{""speaker"": ""A"", ""message"": ""Are you looking more for events, community, or personal practice right now?""}, {""speaker"": ""B"", ""message"": ""I\u2019m trying to spend less time online and more time in real community.""}, {""speaker"": ""A"", ""message"": ""Totally""}, {""speaker"": ""B"", ""message"": ""For sure""}, {""speaker"": ""A"", ""message"": ""For sure""}, {""speaker"": ""B"", ""message"": ""I feel like I\u2019ve been searching for deeper connection.""}, {""speaker"": ""A"", ""message"": ""For sure""}, {""speaker"": ""B"", ""message"": ""Nice""}, {""speaker"": ""A"", ""message"": ""Cool""}, {""speaker"": ""B"", ""message"": ""Yeah""}, {""speaker"": ""A"", ""message"": ""Mostly journaling, breathwork, and trying to be more present.""}, {""speaker"": ""B"", ""message"": ""Yeah, I\u2019ve been wanting something that feels more intentional than just another meetup.""}, {""speaker"": ""A"", ""message"": ""I relate to that. It\u2019s easy to practice alone, but harder to stay consistent without support.""}, {""speaker"": ""B"", ""message"": ""For sure""}, {""speaker"": ""A"", ""message"": ""That\u2019s beautiful. I\u2019ve been realizing how much environment affects my practice.""}, {""speaker"": ""B"", ""message"": ""I got into meditation after feeling pretty burned out last year.""}, {""speaker"": ""A"", ""message"": ""Makes sense""}, {""speaker"": ""B"", ""message"": ""Mostly journaling, breathwork, and trying to be more present.""}]",13.7,9,9,12,6.5,10,ready_for_event
C0157,U113,U012,"[{""speaker"": ""A"", ""message"": ""Do you usually go to wellness events?""}, {""speaker"": ""B"", ""message"": ""I got into meditation after feeling pretty burned out last year.""}, {""speaker"": ""A"", ""message"": ""That makes sense. A lot of social spaces feel pretty surface-level.""}, {""speaker"": ""B"", ""message"": ""Yeah I\u2019ve been feeling that too. It would be nice to meet people in person.""}, {""speaker"": ""A"", ""message"": ""There\u2019s actually a sound bath this weekend I was thinking of going to.""}, {""speaker"": ""B"", ""message"": ""Wait that actually sounds amazing.""}, {""speaker"": ""A"", ""message"": ""You should come if you\u2019re free.""}, {""speaker"": ""B"", ""message"": ""I\u2019d definitely be down.""}, {""speaker"": ""A"", ""message"": ""Amazing, I\u2019ll send you the details \ud83d\ude4f""}, {""speaker"": ""B"", ""message"": ""Perfect, thank you :)""}]",117.4,5,5,24,8.3,7,ready_for_event
C0158,U124,U096,"[{""speaker"": ""A"", ""message"": ""Same""}, {""speaker"": ""B"", ""message"": ""Any plans this weekend?""}, {""speaker"": ""A"", ""message"": ""Busy honestly""}, {""speaker"": ""B"", ""message"": ""Yeah totally""}, {""speaker"": ""A"", ""message"": ""Love that""}, {""speaker"": ""B"", ""message"": ""How\u2019s your week going?""}, {""speaker"": ""A"", ""message"": ""Not really haha""}, {""speaker"": ""B"", ""message"": ""How\u2019s your week going?""}, {""speaker"": ""A"", ""message"": ""That\u2019s cool""}, {""speaker"": ""B"", ""message"": ""Busy honestly""}, {""speaker"": ""A"", ""message"": ""Same""}, {""speaker"": ""B"", ""message"": ""Nice""}]",2019.8,6,6,4,2.3,16,shallow
C0159,U187,U125,"[{""speaker"": ""A"", ""message"": ""What brought you to Sangha?""}, {""speaker"": ""B"", ""message"": ""I got into meditation after feeling pretty burned out last year.""}, {""speaker"": ""A"", ""message"": ""Yeah, I\u2019ve been wanting something that feels more intentional than just another meetup.""}, {""speaker"": ""B"", ""message"": ""Nice""}, {""speaker"": ""A"", ""message"": ""That\u2019s beautiful. I\u2019ve been realizing how much environment affects my practice.""}, {""speaker"": ""B"", ""message"": ""Nice""}, {""speaker"": ""A"", ""message"": ""Mostly journaling, breathwork, and trying to be more present.""}, {""speaker"": ""B"", ""message"": ""Love that""}, {""speaker"": ""A"", ""message"": ""Love that""}, {""speaker"": ""B"", ""message"": ""Yeah, I\u2019ve been wanting something that feels more intentional than just another meetup.""}, {""speaker"": ""A"", ""message"": ""Nice""}]",214.8,6,5,4,6.3,8,healthy
C0160,U019,U155,"[{""speaker"": ""A"", ""message"": ""Have you been exploring spirituality for a while?""}, {""speaker"": ""B"", ""message"": ""Honestly I\u2019ve been craving more grounded community lately.""}, {""speaker"": ""A"", ""message"": ""I relate to that. It\u2019s easy to practice alone, but harder to stay consistent without support.""}, {""speaker"": ""B"", ""message"": ""Cool""}, {""speaker"": ""A"", ""message"": ""That\u2019s beautiful. I\u2019ve been realizing how much environment affects my practice.""}, {""speaker"": ""B"", ""message"": ""Totally""}, {""speaker"": ""A"", ""message"": ""Cool""}, {""speaker"": ""B"", ""message"": ""Nice""}, {""speaker"": ""A"", ""message"": ""I\u2019ve been wanting to meet people who care about inner growth.""}, {""speaker"": ""B"", ""message"": ""That\u2019s beautiful. I\u2019ve been realizing how much environment affects my practice.""}, {""speaker"": ""A"", ""message"": ""Yeah""}, {""speaker"": ""B"", ""message"": ""That\u2019s beautiful. I\u2019ve been realizing how much environment affects my practice.""}, {""speaker"": ""A"", ""message"": ""Nice""}, {""speaker"": ""B"", ""message"": ""I relate to that. It\u2019s easy to practice alone, but harder to stay consistent without support.""}, {""speaker"": ""A"", ""message"": ""I\u2019ve been wanting to meet people who care about inner growth.""}]",296.0,8,7,7,7.3,19,ready_for_event
C0161,U111,U055,"[{""speaker"": ""A"", ""message"": ""What brought you to Sangha?""}, {""speaker"": ""B"", ""message"": ""Mostly curious.""}, {""speaker"": ""A"", ""message"": ""I\u2019ve been wanting to meet people who care about inner growth.""}, {""speaker"": ""A"", ""message"": ""Honestly I\u2019ve been craving more grounded community lately.""}, {""speaker"": ""A"", ""message"": ""Same. I think finding aligned community is the hardest part.""}, {""speaker"": ""A"", ""message"": ""Same. I think finding aligned community is the hardest part.""}, {""speaker"": ""A"", ""message"": ""I feel like I\u2019ve been searching for deeper connection.""}, {""speaker"": ""A"", ""message"": ""Most of my friends aren\u2019t really into this kind of stuff.""}, {""speaker"": ""A"", ""message"": ""I\u2019ve been wanting to meet more intentional people honestly.""}, {""speaker"": ""A"", ""message"": ""Most of my friends aren\u2019t really into this kind of stuff.""}, {""speaker"": ""A"", ""message"": ""I\u2019ve been wanting to meet people who care about inner growth.""}, {""speaker"": ""A"", ""message"": ""Most of my friends aren\u2019t really into this kind of stuff.""}, {""speaker"": ""A"", ""message"": ""Same. I think finding aligned community is the hardest part.""}]",500.1,12,1,5,9.1,28,one_sided
C0162,U018,U185,"[{""speaker"": ""A"", ""message"": ""What brought you to Sangha?""}, {""speaker"": ""B"", ""message"": ""Honestly I\u2019ve been craving more grounded community lately.""}, {""speaker"": ""A"", ""message"": ""I got into meditation after feeling pretty burned out last year.""}, {""speaker"": ""B"", ""message"": ""Honestly I\u2019ve been craving more grounded community lately.""}, {""speaker"": ""A"", ""message"": ""That makes sense. A lot of social spaces feel pretty surface-level.""}, {""speaker"": ""B"", ""message"": ""I relate to that. It\u2019s easy to practice alone, but harder to stay consistent without support.""}, {""speaker"": ""A"", ""message"": ""Nice""}, {""speaker"": ""B"", ""message"": ""Totally""}, {""speaker"": ""A"", ""message"": ""Same. I think finding aligned community is the hardest part.""}, {""speaker"": ""B"", ""message"": ""Yeah, I\u2019ve been wanting something that feels more intentional than just another meetup.""}, {""speaker"": ""A"", ""message"": ""Nice""}, {""speaker"": ""B"", ""message"": ""Makes sense""}]",340.9,6,6,10,7.2,6,ready_for_event
C0163,U170,U043,"[{""speaker"": ""A"", ""message"": ""Are you looking more for events, community, or personal practice right now?""}, {""speaker"": ""B"", ""message"": ""I\u2019m trying to spend less time online and more time in real community.""}, {""speaker"": ""A"", ""message"": ""Same. I think finding aligned community is the hardest part.""}, {""speaker"": ""B"", ""message"": ""Makes sense""}, {""speaker"": ""A"", ""message"": ""That makes sense. A lot of social spaces feel pretty surface-level.""}, {""speaker"": ""B"", ""message"": ""Love that""}, {""speaker"": ""A"", ""message"": ""Mostly journaling, breathwork, and trying to be more present.""}, {""speaker"": ""B"", ""message"": ""I relate to that. It\u2019s easy to practice alone, but harder to stay consistent without support.""}, {""speaker"": ""A"", ""message"": ""Nice""}, {""speaker"": ""B"", ""message"": ""Makes sense""}, {""speaker"": ""A"", ""message"": ""That\u2019s beautiful. I\u2019ve been realizing how much environment affects my practice.""}, {""speaker"": ""B"", ""message"": ""Makes sense""}, {""speaker"": ""A"", ""message"": ""I feel like I\u2019ve been searching for deeper connection.""}]",40.7,7,6,12,7.7,15,ready_for_event
C0164,U085,U029,"[{""speaker"": ""B"", ""message"": ""Are you looking more for events, community, or personal practice right now?""}, {""speaker"": ""A"", ""message"": ""Yeah, still figuring it out.""}, {""speaker"": ""B"", ""message"": ""Mostly journaling, breathwork, and trying to be more present.""}, {""speaker"": ""B"", ""message"": ""I relate to that. It\u2019s easy to practice alone, but harder to stay consistent without support.""}, {""speaker"": ""B"", ""message"": ""I\u2019ve been wanting to meet more intentional people honestly.""}, {""speaker"": ""A"", ""message"": ""Totally""}, {""speaker"": ""B"", ""message"": ""Mostly journaling, breathwork, and trying to be more present.""}, {""speaker"": ""B"", ""message"": ""I think community makes practice feel more real.""}, {""speaker"": ""B"", ""message"": ""I\u2019ve been wanting to meet people who care about inner growth.""}, {""speaker"": ""A"", ""message"": ""Yeah""}, {""speaker"": ""B"", ""message"": ""Most of my friends aren\u2019t really into this kind of stuff.""}, {""speaker"": ""B"", ""message"": ""I\u2019m trying to spend less time online and more time in real community.""}, {""speaker"": ""B"", ""message"": ""Honestly I\u2019ve been craving more grounded community lately.""}, {""speaker"": ""B"", ""message"": ""I\u2019ve been wanting to meet more intentional people honestly.""}, {""speaker"": ""B"", ""message"": ""Yeah, I\u2019ve been wanting something that feels more intentional than just another meetup.""}, {""speaker"": ""B"", ""message"": ""Honestly I\u2019ve been craving more grounded community lately.""}]",506.1,3,13,5,8.9,3,one_sided
C0165,U133,U070,"[{""speaker"": ""A"", ""message"": ""Any plans this weekend?""}, {""speaker"": ""B"", ""message"": ""Not really haha""}, {""speaker"": ""A"", ""message"": ""That\u2019s cool""}, {""speaker"": ""B"", ""message"": ""Not really haha""}, {""speaker"": ""A"", ""message"": ""That\u2019s cool""}, {""speaker"": ""B"", ""message"": ""Same""}, {""speaker"": ""A"", ""message"": ""Hey!""}, {""speaker"": ""B"", ""message"": ""Love that""}, {""speaker"": ""A"", ""message"": ""Any plans this weekend?""}, {""speaker"": ""B"", ""message"": ""Hey!""}, {""speaker"": ""A"", ""message"": ""Any plans this weekend?""}]",2668.3,6,5,5,2.5,5,shallow
C0166,U036,U106,"[{""speaker"": ""A"", ""message"": ""Do you usually go to wellness events?""}, {""speaker"": ""B"", ""message"": ""Trying to get back into meditation.""}, {""speaker"": ""A"", ""message"": ""I\u2019ve had a busy week.""}, {""speaker"": ""B"", ""message"": ""Yeah I relate to that.""}]",3800.7,2,2,10,5.8,25,stalled
C0167,U160,U116,"[{""speaker"": ""A"", ""message"": ""Hey!""}, {""speaker"": ""B"", ""message"": ""Busy honestly""}, {""speaker"": ""A"", ""message"": ""Hey!""}, {""speaker"": ""B"", ""message"": ""Not really haha""}, {""speaker"": ""A"", ""message"": ""Any plans this weekend?""}, {""speaker"": ""B"", ""message"": ""How\u2019s your week going?""}, {""speaker"": ""A"", ""message"": ""Hey!""}]",2512.1,4,3,7,2.3,5,shallow
C0168,U049,U025,"[{""speaker"": ""B"", ""message"": ""What brought you to Sangha?""}, {""speaker"": ""A"", ""message"": ""Yeah, still figuring it out.""}, {""speaker"": ""B"", ""message"": ""Mostly journaling, breathwork, and trying to be more present.""}, {""speaker"": ""B"", ""message"": ""I\u2019ve been wanting to meet more intentional people honestly.""}, {""speaker"": ""B"", ""message"": ""Mostly journaling, breathwork, and trying to be more present.""}, {""speaker"": ""B"", ""message"": ""Most of my friends aren\u2019t really into this kind of stuff.""}, {""speaker"": ""B"", ""message"": ""I\u2019m trying to spend less time online and more time in real community.""}, {""speaker"": ""B"", ""message"": ""That makes sense. A lot of social spaces feel pretty surface-level.""}, {""speaker"": ""B"", ""message"": ""I\u2019ve been wanting to meet people who care about inner growth.""}, {""speaker"": ""B"", ""message"": ""Yeah, I\u2019ve been wanting something that feels more intentional than just another meetup.""}]",295.3,1,9,5,9.6,30,one_sided
C0169,U019,U157,"[{""speaker"": ""A"", ""message"": ""Hey!""}, {""speaker"": ""B"", ""message"": ""Nice""}, {""speaker"": ""A"", ""message"": ""Any plans this weekend?""}, {""speaker"": ""B"", ""message"": ""Nice""}, {""speaker"": ""A"", ""message"": ""Hey haha""}, {""speaker"": ""B"", ""message"": ""Not really haha""}]",1439.6,3,3,4,2.0,16,shallow
C0170,U135,U051,"[{""speaker"": ""A"", ""message"": ""What kind of practices are helping you lately?""}, {""speaker"": ""B"", ""message"": ""Honestly I\u2019ve been craving more grounded community lately.""}, {""speaker"": ""A"", ""message"": ""Totally""}, {""speaker"": ""B"", ""message"": ""Totally""}, {""speaker"": ""A"", ""message"": ""Totally""}, {""speaker"": ""B"", ""message"": ""Cool""}, {""speaker"": ""A"", ""message"": ""Honestly I\u2019ve been craving more grounded community lately.""}, {""speaker"": ""B"", ""message"": ""I relate to that. It\u2019s easy to practice alone, but harder to stay consistent without support.""}, {""speaker"": ""A"", ""message"": ""That\u2019s beautiful. I\u2019ve been realizing how much environment affects my practice.""}, {""speaker"": ""B"", ""message"": ""Honestly I\u2019ve been craving more grounded community lately.""}, {""speaker"": ""A"", ""message"": ""Yeah""}, {""speaker"": ""B"", ""message"": ""Yeah""}, {""speaker"": ""A"", ""message"": ""I feel like I\u2019ve been searching for deeper connection.""}, {""speaker"": ""B"", ""message"": ""Yeah, I\u2019ve been wanting something that feels more intentional than just another meetup.""}, {""speaker"": ""A"", ""message"": ""I feel like I\u2019ve been searching for deeper connection.""}, {""speaker"": ""B"", ""message"": ""That makes sense. A lot of social spaces feel pretty surface-level.""}, {""speaker"": ""A"", ""message"": ""Haha same""}]",315.4,9,8,4,6.4,6,healthy
C0171,U044,U013,"[{""speaker"": ""A"", ""message"": ""Are you looking more for events, community, or personal practice right now?""}, {""speaker"": ""B"", ""message"": ""Honestly I\u2019ve been craving more grounded community lately.""}, {""speaker"": ""A"", ""message"": ""I relate to that. It\u2019s easy to practice alone, but harder to stay consistent without support.""}, {""speaker"": ""B"", ""message"": ""Yeah I\u2019ve been feeling that too. It would be nice to meet people in person.""}, {""speaker"": ""A"", ""message"": ""There\u2019s actually a sound bath this weekend I was thinking of going to.""}, {""speaker"": ""B"", ""message"": ""Wait that actually sounds amazing.""}, {""speaker"": ""A"", ""message"": ""You should come if you\u2019re free.""}, {""speaker"": ""B"", ""message"": ""I\u2019d definitely be down.""}, {""speaker"": ""A"", ""message"": ""Amazing, I\u2019ll send you the details \ud83d\ude4f""}, {""speaker"": ""B"", ""message"": ""Perfect, thank you :)""}]",84.2,5,5,8,9.0,8,ready_for_event
C0172,U089,U057,"[{""speaker"": ""A"", ""message"": ""What brought you to Sangha?""}, {""speaker"": ""B"", ""message"": ""I feel like I\u2019ve been searching for deeper connection.""}, {""speaker"": ""A"", ""message"": ""I got into meditation after feeling pretty burned out last year.""}, {""speaker"": ""B"", ""message"": ""I feel like I\u2019ve been searching for deeper connection.""}, {""speaker"": ""A"", ""message"": ""Yeah, I\u2019ve been wanting something that feels more intentional than just another meetup.""}, {""speaker"": ""B"", ""message"": ""Cool""}, {""speaker"": ""A"", ""message"": ""I feel like I\u2019ve been searching for deeper connection.""}, {""speaker"": ""B"", ""message"": ""Cool""}, {""speaker"": ""A"", ""message"": ""I\u2019m trying to spend less time online and more time in real community.""}, {""speaker"": ""B"", ""message"": ""That\u2019s beautiful. I\u2019ve been realizing how much environment affects my practice.""}, {""speaker"": ""A"", ""message"": ""That\u2019s beautiful. I\u2019ve been realizing how much environment affects my practice.""}, {""speaker"": ""B"", ""message"": ""Yeah""}, {""speaker"": ""A"", ""message"": ""Yeah, I\u2019ve been wanting something that feels more intentional than just another meetup.""}, {""speaker"": ""B"", ""message"": ""Haha same""}, {""speaker"": ""A"", ""message"": ""Love that""}]",182.6,8,7,10,7.4,18,ready_for_event
C0173,U114,U009,"[{""speaker"": ""A"", ""message"": ""Have you been exploring spirituality for a while?""}, {""speaker"": ""B"", ""message"": ""Mostly just exploring right now.""}]",3022.4,1,1,10,6.5,41,stalled
C0174,U055,U180,"[{""speaker"": ""A"", ""message"": ""That\u2019s cool""}, {""speaker"": ""B"", ""message"": ""Same""}, {""speaker"": ""A"", ""message"": ""Hey haha""}, {""speaker"": ""B"", ""message"": ""Same""}, {""speaker"": ""A"", ""message"": ""Any plans this weekend?""}, {""speaker"": ""B"", ""message"": ""Nice""}, {""speaker"": ""A"", ""message"": ""Pretty good""}, {""speaker"": ""B"", ""message"": ""Nice""}, {""speaker"": ""A"", ""message"": ""Pretty good""}]",1412.8,5,4,1,1.8,9,shallow
C0175,U102,U075,"[{""speaker"": ""A"", ""message"": ""Any plans this weekend?""}, {""speaker"": ""B"", ""message"": ""Any plans this weekend?""}, {""speaker"": ""A"", ""message"": ""Nice""}, {""speaker"": ""B"", ""message"": ""That\u2019s cool""}, {""speaker"": ""A"", ""message"": ""Nice""}, {""speaker"": ""B"", ""message"": ""Hey!""}, {""speaker"": ""A"", ""message"": ""How\u2019s your week going?""}]",2411.2,4,3,8,2.4,11,shallow
C0176,U157,U013,"[{""speaker"": ""B"", ""message"": ""Have you been exploring spirituality for a while?""}, {""speaker"": ""A"", ""message"": ""Just exploring a bit.""}, {""speaker"": ""B"", ""message"": ""I\u2019ve been wanting to meet more intentional people honestly.""}, {""speaker"": ""B"", ""message"": ""I\u2019ve been wanting to meet people who care about inner growth.""}, {""speaker"": ""B"", ""message"": ""I\u2019ve been wanting to meet people who care about inner growth.""}, {""speaker"": ""A"", ""message"": ""Yeah""}, {""speaker"": ""B"", ""message"": ""That makes sense. A lot of social spaces feel pretty surface-level.""}, {""speaker"": ""B"", ""message"": ""I think community makes practice feel more real.""}, {""speaker"": ""B"", ""message"": ""I\u2019m trying to spend less time online and more time in real community.""}, {""speaker"": ""B"", ""message"": ""That\u2019s beautiful. I\u2019ve been realizing how much environment affects my practice.""}, {""speaker"": ""B"", ""message"": ""I got into meditation after feeling pretty burned out last year.""}]",803.8,2,9,4,8.9,34,one_sided
C0177,U102,U034,"[{""speaker"": ""A"", ""message"": ""What kind of practices are helping you lately?""}, {""speaker"": ""B"", ""message"": ""I got into meditation after feeling pretty burned out last year.""}, {""speaker"": ""A"", ""message"": ""I\u2019ve been wanting to meet people who care about inner growth.""}, {""speaker"": ""B"", ""message"": ""Same. I think finding aligned community is the hardest part.""}, {""speaker"": ""A"", ""message"": ""Yeah, I\u2019ve been wanting something that feels more intentional than just another meetup.""}, {""speaker"": ""B"", ""message"": ""I feel like I\u2019ve been searching for deeper connection.""}, {""speaker"": ""A"", ""message"": ""That makes sense. A lot of social spaces feel pretty surface-level.""}, {""speaker"": ""B"", ""message"": ""That makes sense. A lot of social spaces feel pretty surface-level.""}, {""speaker"": ""A"", ""message"": ""For sure""}, {""speaker"": ""B"", ""message"": ""I\u2019ve been wanting to meet people who care about inner growth.""}, {""speaker"": ""A"", ""message"": ""I\u2019m trying to spend less time online and more time in real community.""}, {""speaker"": ""B"", ""message"": ""Love that""}, {""speaker"": ""A"", ""message"": ""I relate to that. It\u2019s easy to practice alone, but harder to stay consistent without support.""}, {""speaker"": ""B"", ""message"": ""Yeah""}, {""speaker"": ""A"", ""message"": ""Mostly journaling, breathwork, and trying to be more present.""}]",43.4,8,7,6,9.2,11,ready_for_event
C0178,U159,U004,"[{""speaker"": ""A"", ""message"": ""What brought you to Sangha?""}, {""speaker"": ""B"", ""message"": ""I got into meditation after feeling pretty burned out last year.""}, {""speaker"": ""A"", ""message"": ""Yeah, I\u2019ve been wanting something that feels more intentional than just another meetup.""}, {""speaker"": ""B"", ""message"": ""Yeah I\u2019ve been feeling that too. It would be nice to meet people in person.""}, {""speaker"": ""A"", ""message"": ""I saw a breathwork class nearby that feels pretty aligned.""}, {""speaker"": ""B"", ""message"": ""Wait that actually sounds amazing.""}, {""speaker"": ""A"", ""message"": ""You should come if you\u2019re free.""}, {""speaker"": ""B"", ""message"": ""I\u2019d definitely be down.""}, {""speaker"": ""A"", ""message"": ""Amazing, I\u2019ll send you the details \ud83d\ude4f""}, {""speaker"": ""B"", ""message"": ""Perfect, thank you :)""}]",119.4,5,5,17,8.0,8,ready_for_event
C0179,U101,U023,"[{""speaker"": ""B"", ""message"": ""Have you been exploring spirituality for a while?""}, {""speaker"": ""A"", ""message"": ""Yeah, still figuring it out.""}, {""speaker"": ""B"", ""message"": ""That makes sense. A lot of social spaces feel pretty surface-level.""}, {""speaker"": ""A"", ""message"": ""Totally""}, {""speaker"": ""B"", ""message"": ""Mostly journaling, breathwork, and trying to be more present.""}, {""speaker"": ""B"", ""message"": ""That makes sense. A lot of social spaces feel pretty surface-level.""}, {""speaker"": ""B"", ""message"": ""Most of my friends aren\u2019t really into this kind of stuff.""}, {""speaker"": ""B"", ""message"": ""I got into meditation after feeling pretty burned out last year.""}, {""speaker"": ""B"", ""message"": ""Mostly journaling, breathwork, and trying to be more present.""}, {""speaker"": ""B"", ""message"": ""Mostly journaling, breathwork, and trying to be more present.""}, {""speaker"": ""B"", ""message"": ""I got into meditation after feeling pretty burned out last year.""}]",527.9,2,9,3,8.7,12,one_sided
C0180,U198,U101,"[{""speaker"": ""A"", ""message"": ""What kind of practices are helping you lately?""}, {""speaker"": ""B"", ""message"": ""Trying to get back into meditation.""}, {""speaker"": ""A"", ""message"": ""What kind of practices are you into?""}, {""speaker"": ""B"", ""message"": ""Sorry just saw this.""}]",2525.2,2,2,4,6.2,131,stalled
C0181,U021,U011,"[{""speaker"": ""A"", ""message"": ""Yeah totally""}, {""speaker"": ""B"", ""message"": ""Pretty good""}, {""speaker"": ""A"", ""message"": ""Hey haha""}, {""speaker"": ""B"", ""message"": ""Nice""}, {""speaker"": ""A"", ""message"": ""Not really haha""}, {""speaker"": ""B"", ""message"": ""Hey!""}, {""speaker"": ""A"", ""message"": ""How\u2019s your week going?""}, {""speaker"": ""B"", ""message"": ""Yeah totally""}, {""speaker"": ""A"", ""message"": ""That\u2019s cool""}, {""speaker"": ""B"", ""message"": ""Nice""}, {""speaker"": ""A"", ""message"": ""Hey!""}, {""speaker"": ""B"", ""message"": ""That\u2019s cool""}]",935.5,6,6,8,1.9,6,shallow
C0182,U164,U029,"[{""speaker"": ""A"", ""message"": ""Any plans this weekend?""}, {""speaker"": ""B"", ""message"": ""Nice""}, {""speaker"": ""A"", ""message"": ""Hey!""}, {""speaker"": ""B"", ""message"": ""Hey!""}, {""speaker"": ""A"", ""message"": ""Love that""}, {""speaker"": ""B"", ""message"": ""How\u2019s your week going?""}, {""speaker"": ""A"", ""message"": ""Hey haha""}, {""speaker"": ""B"", ""message"": ""That\u2019s cool""}, {""speaker"": ""A"", ""message"": ""Love that""}, {""speaker"": ""B"", ""message"": ""Nice""}, {""speaker"": ""A"", ""message"": ""Love that""}]",2136.5,6,5,5,2.0,21,shallow
C0183,U089,U063,"[{""speaker"": ""B"", ""message"": ""Are you looking more for events, community, or personal practice right now?""}, {""speaker"": ""A"", ""message"": ""Just exploring a bit.""}, {""speaker"": ""B"", ""message"": ""I relate to that. It\u2019s easy to practice alone, but harder to stay consistent without support.""}, {""speaker"": ""B"", ""message"": ""I think community makes practice feel more real.""}, {""speaker"": ""B"", ""message"": ""Yeah, I\u2019ve been wanting something that feels more intentional than just another meetup.""}, {""speaker"": ""B"", ""message"": ""That\u2019s beautiful. I\u2019ve been realizing how much environment affects my practice.""}, {""speaker"": ""B"", ""message"": ""I think community makes practice feel more real.""}, {""speaker"": ""B"", ""message"": ""I got into meditation after feeling pretty burned out last year.""}, {""speaker"": ""B"", ""message"": ""I\u2019m trying to spend less time online and more time in real community.""}, {""speaker"": ""B"", ""message"": ""I think community makes practice feel more real.""}, {""speaker"": ""B"", ""message"": ""I\u2019ve been wanting to meet more intentional people honestly.""}]",593.2,1,10,8,10.3,17,one_sided
C0184,U074,U017,"[{""speaker"": ""A"", ""message"": ""What kind of practices are helping you lately?""}, {""speaker"": ""B"", ""message"": ""I\u2019ve been wanting more community honestly.""}, {""speaker"": ""A"", ""message"": ""What kind of practices are you into?""}]",2246.7,2,1,2,7.0,162,stalled
C0185,U105,U191,"[{""speaker"": ""A"", ""message"": ""Are you looking more for events, community, or personal practice right now?""}, {""speaker"": ""B"", ""message"": ""I feel like I\u2019ve been searching for deeper connection.""}, {""speaker"": ""A"", ""message"": ""That makes sense. A lot of social spaces feel pretty surface-level.""}, {""speaker"": ""B"", ""message"": ""Yeah I\u2019ve been feeling that too. It would be nice to meet people in person.""}, {""speaker"": ""A"", ""message"": ""Would you ever want to go to a kirtan together sometime?""}, {""speaker"": ""B"", ""message"": ""Wait that actually sounds amazing.""}, {""speaker"": ""A"", ""message"": ""You should come if you\u2019re free.""}, {""speaker"": ""B"", ""message"": ""I\u2019d definitely be down.""}, {""speaker"": ""A"", ""message"": ""Amazing, I\u2019ll send you the details \ud83d\ude4f""}, {""speaker"": ""B"", ""message"": ""Perfect, thank you :)""}]",55.6,5,5,14,8.4,7,ready_for_event
C0186,U093,U024,"[{""speaker"": ""A"", ""message"": ""Have you been exploring spirituality for a while?""}, {""speaker"": ""B"", ""message"": ""Trying to get back into meditation.""}, {""speaker"": ""A"", ""message"": ""I\u2019ve had a busy week.""}, {""speaker"": ""B"", ""message"": ""Sorry just saw this.""}, {""speaker"": ""A"", ""message"": ""What kind of practices are you into?""}, {""speaker"": ""B"", ""message"": ""Sorry just saw this.""}, {""speaker"": ""A"", ""message"": ""What kind of practices are you into?""}]",2283.0,4,3,9,5.9,40,stalled
C0187,U194,U043,"[{""speaker"": ""A"", ""message"": ""Have you been exploring spirituality for a while?""}, {""speaker"": ""B"", ""message"": ""Mostly journaling, breathwork, and trying to be more present.""}, {""speaker"": ""A"", ""message"": ""Yeah, I\u2019ve been wanting something that feels more intentional than just another meetup.""}, {""speaker"": ""B"", ""message"": ""I got into meditation after feeling pretty burned out last year.""}, {""speaker"": ""A"", ""message"": ""That makes sense. A lot of social spaces feel pretty surface-level.""}, {""speaker"": ""B"", ""message"": ""Mostly journaling, breathwork, and trying to be more present.""}, {""speaker"": ""A"", ""message"": ""Cool""}, {""speaker"": ""B"", ""message"": ""I\u2019ve been wanting to meet people who care about inner growth.""}, {""speaker"": ""A"", ""message"": ""Nice""}, {""speaker"": ""B"", ""message"": ""Totally""}]",472.7,5,5,3,7.5,13,healthy
C0188,U003,U061,"[{""speaker"": ""A"", ""message"": ""Have you been exploring spirituality for a while?""}, {""speaker"": ""B"", ""message"": ""I\u2019m trying to spend less time online and more time in real community.""}, {""speaker"": ""A"", ""message"": ""Cool""}, {""speaker"": ""B"", ""message"": ""I got into meditation after feeling pretty burned out last year.""}, {""speaker"": ""A"", ""message"": ""Mostly journaling, breathwork, and trying to be more present.""}, {""speaker"": ""B"", ""message"": ""Love that""}, {""speaker"": ""A"", ""message"": ""Love that""}, {""speaker"": ""B"", ""message"": ""I got into meditation after feeling pretty burned out last year.""}, {""speaker"": ""A"", ""message"": ""Same. I think finding aligned community is the hardest part.""}]",296.5,5,4,9,7.4,6,ready_for_event
C0189,U185,U179,"[{""speaker"": ""A"", ""message"": ""What kind of practices are helping you lately?""}, {""speaker"": ""B"", ""message"": ""Mostly curious.""}, {""speaker"": ""A"", ""message"": ""I feel like I\u2019ve been searching for deeper connection.""}, {""speaker"": ""A"", ""message"": ""I feel like I\u2019ve been searching for deeper connection.""}, {""speaker"": ""B"", ""message"": ""Totally""}, {""speaker"": ""A"", ""message"": ""I\u2019ve been wanting to meet people who care about inner growth.""}, {""speaker"": ""B"", ""message"": ""Yeah""}, {""speaker"": ""A"", ""message"": ""Yeah, I\u2019ve been wanting something that feels more intentional than just another meetup.""}, {""speaker"": ""A"", ""message"": ""Honestly I\u2019ve been craving more grounded community lately.""}, {""speaker"": ""A"", ""message"": ""Yeah, I\u2019ve been wanting something that feels more intentional than just another meetup.""}, {""speaker"": ""A"", ""message"": ""Honestly I\u2019ve been craving more grounded community lately.""}, {""speaker"": ""A"", ""message"": ""That\u2019s beautiful. I\u2019ve been realizing how much environment affects my practice.""}, {""speaker"": ""A"", ""message"": ""That\u2019s beautiful. I\u2019ve been realizing how much environment affects my practice.""}, {""speaker"": ""A"", ""message"": ""Do you usually go to things like this?""}, {""speaker"": ""A"", ""message"": ""I\u2019ve been wanting to meet people who care about inner growth.""}, {""speaker"": ""A"", ""message"": ""I\u2019ve been wanting to meet people who care about inner growth.""}]",653.4,13,3,7,8.4,25,one_sided
C0190,U067,U079,"[{""speaker"": ""A"", ""message"": ""Are you looking more for events, community, or personal practice right now?""}, {""speaker"": ""B"", ""message"": ""I feel like I\u2019ve been searching for deeper connection.""}, {""speaker"": ""A"", ""message"": ""I\u2019ve been wanting to meet people who care about inner growth.""}, {""speaker"": ""B"", ""message"": ""Same. I think finding aligned community is the hardest part.""}, {""speaker"": ""A"", ""message"": ""Haha same""}, {""speaker"": ""B"", ""message"": ""Haha same""}, {""speaker"": ""A"", ""message"": ""Haha same""}, {""speaker"": ""B"", ""message"": ""Mostly journaling, breathwork, and trying to be more present.""}, {""speaker"": ""A"", ""message"": ""Haha same""}, {""speaker"": ""B"", ""message"": ""Honestly I\u2019ve been craving more grounded community lately.""}, {""speaker"": ""A"", ""message"": ""I relate to that. It\u2019s easy to practice alone, but harder to stay consistent without support.""}]",280.4,6,5,6,7.5,1,ready_for_event
C0191,U115,U030,"[{""speaker"": ""A"", ""message"": ""What brought you to Sangha?""}, {""speaker"": ""B"", ""message"": ""I got into meditation after feeling pretty burned out last year.""}, {""speaker"": ""A"", ""message"": ""That\u2019s beautiful. I\u2019ve been realizing how much environment affects my practice.""}, {""speaker"": ""B"", ""message"": ""Yeah I\u2019ve been feeling that too. It would be nice to meet people in person.""}, {""speaker"": ""A"", ""message"": ""There\u2019s a meditation event next Thursday that looks really grounding.""}, {""speaker"": ""B"", ""message"": ""Wait that actually sounds amazing.""}, {""speaker"": ""A"", ""message"": ""You should come if you\u2019re free.""}, {""speaker"": ""B"", ""message"": ""I\u2019d definitely be down.""}, {""speaker"": ""A"", ""message"": ""Amazing, I\u2019ll send you the details \ud83d\ude4f""}, {""speaker"": ""B"", ""message"": ""Perfect, thank you :)""}]",34.1,5,5,9,7.8,1,ready_for_event
C0192,U093,U014,"[{""speaker"": ""A"", ""message"": ""Yeah totally""}, {""speaker"": ""B"", ""message"": ""Pretty good""}, {""speaker"": ""A"", ""message"": ""How\u2019s your week going?""}, {""speaker"": ""B"", ""message"": ""Yeah totally""}, {""speaker"": ""A"", ""message"": ""That\u2019s cool""}, {""speaker"": ""B"", ""message"": ""How\u2019s your week going?""}, {""speaker"": ""A"", ""message"": ""That\u2019s cool""}, {""speaker"": ""B"", ""message"": ""How\u2019s your week going?""}, {""speaker"": ""A"", ""message"": ""Any plans this weekend?""}, {""speaker"": ""B"", ""message"": ""Not really haha""}]",984.7,5,5,2,2.9,4,healthy
C0193,U054,U113,"[{""speaker"": ""A"", ""message"": ""Same""}, {""speaker"": ""B"", ""message"": ""Nice""}, {""speaker"": ""A"", ""message"": ""Yeah totally""}, {""speaker"": ""B"", ""message"": ""Busy honestly""}, {""speaker"": ""A"", ""message"": ""Same""}, {""speaker"": ""B"", ""message"": ""Hey haha""}, {""speaker"": ""A"", ""message"": ""Any plans this weekend?""}, {""speaker"": ""B"", ""message"": ""Hey!""}]",1661.8,4,4,5,1.8,9,shallow
C0194,U162,U073,"[{""speaker"": ""A"", ""message"": ""What kind of practices are helping you lately?""}, {""speaker"": ""B"", ""message"": ""I feel like I\u2019ve been searching for deeper connection.""}, {""speaker"": ""A"", ""message"": ""Same. I think finding aligned community is the hardest part.""}, {""speaker"": ""B"", ""message"": ""Yeah I\u2019ve been feeling that too. It would be nice to meet people in person.""}, {""speaker"": ""A"", ""message"": ""There\u2019s a meditation event next Thursday that looks really grounding.""}, {""speaker"": ""B"", ""message"": ""Wait that actually sounds amazing.""}, {""speaker"": ""A"", ""message"": ""You should come if you\u2019re free.""}, {""speaker"": ""B"", ""message"": ""I\u2019d definitely be down.""}, {""speaker"": ""A"", ""message"": ""Amazing, I\u2019ll send you the details \ud83d\ude4f""}, {""speaker"": ""B"", ""message"": ""Perfect, thank you :)""}]",93.8,5,5,10,7.8,4,ready_for_event
C0195,U025,U078,"[{""speaker"": ""A"", ""message"": ""Busy honestly""}, {""speaker"": ""B"", ""message"": ""That\u2019s cool""}, {""speaker"": ""A"", ""message"": ""Yeah totally""}, {""speaker"": ""B"", ""message"": ""Any plans this weekend?""}, {""speaker"": ""A"", ""message"": ""Not really haha""}, {""speaker"": ""B"", ""message"": ""Love that""}, {""speaker"": ""A"", ""message"": ""Nice""}]",1415.9,4,3,3,2.3,8,shallow
C0196,U123,U008,"[{""speaker"": ""A"", ""message"": ""That\u2019s cool""}, {""speaker"": ""B"", ""message"": ""Yeah totally""}, {""speaker"": ""A"", ""message"": ""Love that""}, {""speaker"": ""B"", ""message"": ""Hey!""}, {""speaker"": ""A"", ""message"": ""Busy honestly""}, {""speaker"": ""B"", ""message"": ""Any plans this weekend?""}, {""speaker"": ""A"", ""message"": ""That\u2019s cool""}]",2107.1,4,3,7,2.1,9,shallow
C0197,U103,U086,"[{""speaker"": ""A"", ""message"": ""What kind of practices are helping you lately?""}, {""speaker"": ""B"", ""message"": ""I\u2019ve been wanting more community honestly.""}, {""speaker"": ""A"", ""message"": ""That makes sense.""}, {""speaker"": ""B"", ""message"": ""I\u2019ve had a busy week.""}, {""speaker"": ""A"", ""message"": ""That makes sense.""}]",1235.8,3,2,7,5.0,152,stalled
C0198,U144,U033,"[{""speaker"": ""A"", ""message"": ""What brought you to Sangha?""}, {""speaker"": ""B"", ""message"": ""Mostly journaling, breathwork, and trying to be more present.""}, {""speaker"": ""A"", ""message"": ""Same. I think finding aligned community is the hardest part.""}, {""speaker"": ""B"", ""message"": ""I feel like I\u2019ve been searching for deeper connection.""}, {""speaker"": ""A"", ""message"": ""I relate to that. It\u2019s easy to practice alone, but harder to stay consistent without support.""}, {""speaker"": ""B"", ""message"": ""Totally""}, {""speaker"": ""A"", ""message"": ""Yeah, I\u2019ve been wanting something that feels more intentional than just another meetup.""}, {""speaker"": ""B"", ""message"": ""Same. I think finding aligned community is the hardest part.""}, {""speaker"": ""A"", ""message"": ""I got into meditation after feeling pretty burned out last year.""}, {""speaker"": ""B"", ""message"": ""I relate to that. It\u2019s easy to practice alone, but harder to stay consistent without support.""}, {""speaker"": ""A"", ""message"": ""I relate to that. It\u2019s easy to practice alone, but harder to stay consistent without support.""}, {""speaker"": ""B"", ""message"": ""For sure""}, {""speaker"": ""A"", ""message"": ""Mostly journaling, breathwork, and trying to be more present.""}, {""speaker"": ""B"", ""message"": ""Haha same""}, {""speaker"": ""A"", ""message"": ""That\u2019s beautiful. I\u2019ve been realizing how much environment affects my practice.""}, {""speaker"": ""B"", ""message"": ""Totally""}, {""speaker"": ""A"", ""message"": ""Honestly I\u2019ve been craving more grounded community lately.""}, {""speaker"": ""B"", ""message"": ""Totally""}]",336.7,9,9,5,8.3,18,ready_for_event
C0199,U158,U015,"[{""speaker"": ""A"", ""message"": ""Any plans this weekend?""}, {""speaker"": ""B"", ""message"": ""Not really haha""}, {""speaker"": ""A"", ""message"": ""Yeah totally""}, {""speaker"": ""B"", ""message"": ""Pretty good""}, {""speaker"": ""A"", ""message"": ""Nice""}, {""speaker"": ""B"", ""message"": ""Nice""}, {""speaker"": ""A"", ""message"": ""Any plans this weekend?""}, {""speaker"": ""B"", ""message"": ""Pretty good""}, {""speaker"": ""A"", ""message"": ""Pretty good""}, {""speaker"": ""B"", ""message"": ""Not really haha""}, {""speaker"": ""A"", ""message"": ""Nice""}, {""speaker"": ""B"", ""message"": ""Hey haha""}]",1068.4,6,6,6,2.2,4,shallow
C0200,U137,U184,"[{""speaker"": ""A"", ""message"": ""What kind of practices are helping you lately?""}, {""speaker"": ""B"", ""message"": ""Mostly journaling, breathwork, and trying to be more present.""}, {""speaker"": ""A"", ""message"": ""I\u2019ve been wanting to meet people who care about inner growth.""}, {""speaker"": ""B"", ""message"": ""That makes sense. A lot of social spaces feel pretty surface-level.""}, {""speaker"": ""A"", ""message"": ""I got into meditation after feeling pretty burned out last year.""}, {""speaker"": ""B"", ""message"": ""Same. I think finding aligned community is the hardest part.""}, {""speaker"": ""A"", ""message"": ""For sure""}, {""speaker"": ""B"", ""message"": ""Totally""}, {""speaker"": ""A"", ""message"": ""That\u2019s beautiful. I\u2019ve been realizing how much environment affects my practice.""}, {""speaker"": ""B"", ""message"": ""I relate to that. It\u2019s easy to practice alone, but harder to stay consistent without support.""}]",166.4,5,5,4,9.0,17,healthy
C0201,U092,U025,"[{""speaker"": ""B"", ""message"": ""What brought you to Sangha?""}, {""speaker"": ""A"", ""message"": ""Just exploring a bit.""}, {""speaker"": ""B"", ""message"": ""I\u2019m trying to spend less time online and more time in real community.""}, {""speaker"": ""B"", ""message"": ""I\u2019ve been wanting to meet people who care about inner growth.""}, {""speaker"": ""A"", ""message"": ""Yeah""}, {""speaker"": ""B"", ""message"": ""That makes sense. A lot of social spaces feel pretty surface-level.""}, {""speaker"": ""B"", ""message"": ""Most of my friends aren\u2019t really into this kind of stuff.""}, {""speaker"": ""B"", ""message"": ""I think community makes practice feel more real.""}, {""speaker"": ""B"", ""message"": ""I\u2019m trying to spend less time online and more time in real community.""}, {""speaker"": ""A"", ""message"": ""Makes sense""}, {""speaker"": ""B"", ""message"": ""I\u2019ve been wanting to meet more intentional people honestly.""}, {""speaker"": ""B"", ""message"": ""Same. I think finding aligned community is the hardest part.""}, {""speaker"": ""B"", ""message"": ""Most of my friends aren\u2019t really into this kind of stuff.""}, {""speaker"": ""B"", ""message"": ""I\u2019m trying to spend less time online and more time in real community.""}, {""speaker"": ""B"", ""message"": ""I think community makes practice feel more real.""}, {""speaker"": ""B"", ""message"": ""Most of my friends aren\u2019t really into this kind of stuff.""}, {""speaker"": ""B"", ""message"": ""Honestly I\u2019ve been craving more grounded community lately.""}]",196.6,3,14,8,8.8,16,one_sided
C0202,U156,U191,"[{""speaker"": ""A"", ""message"": ""Love that""}, {""speaker"": ""B"", ""message"": ""Same""}, {""speaker"": ""A"", ""message"": ""Hey haha""}, {""speaker"": ""B"", ""message"": ""Hey!""}, {""speaker"": ""A"", ""message"": ""Love that""}, {""speaker"": ""B"", ""message"": ""Yeah totally""}, {""speaker"": ""A"", ""message"": ""How\u2019s your week going?""}, {""speaker"": ""B"", ""message"": ""Busy honestly""}, {""speaker"": ""A"", ""message"": ""Pretty good""}, {""speaker"": ""B"", ""message"": ""Hey!""}]",1294.4,5,5,7,1.9,19,shallow
C0203,U168,U169,"[{""speaker"": ""A"", ""message"": ""What brought you to Sangha?""}, {""speaker"": ""B"", ""message"": ""I\u2019m trying to spend less time online and more time in real community.""}, {""speaker"": ""A"", ""message"": ""I feel like I\u2019ve been searching for deeper connection.""}, {""speaker"": ""B"", ""message"": ""That makes sense. A lot of social spaces feel pretty surface-level.""}, {""speaker"": ""A"", ""message"": ""Haha same""}, {""speaker"": ""B"", ""message"": ""Haha same""}, {""speaker"": ""A"", ""message"": ""I\u2019m trying to spend less time online and more time in real community.""}, {""speaker"": ""B"", ""message"": ""Yeah""}, {""speaker"": ""A"", ""message"": ""I\u2019ve been wanting to meet people who care about inner growth.""}, {""speaker"": ""B"", ""message"": ""Love that""}, {""speaker"": ""A"", ""message"": ""Mostly journaling, breathwork, and trying to be more present.""}]",430.0,6,5,8,7.1,13,ready_for_event
C0204,U014,U035,"[{""speaker"": ""B"", ""message"": ""Are you looking more for events, community, or personal practice right now?""}, {""speaker"": ""A"", ""message"": ""Just exploring a bit.""}, {""speaker"": ""B"", ""message"": ""Mostly journaling, breathwork, and trying to be more present.""}, {""speaker"": ""B"", ""message"": ""That\u2019s beautiful. I\u2019ve been realizing how much environment affects my practice.""}, {""speaker"": ""B"", ""message"": ""I relate to that. It\u2019s easy to practice alone, but harder to stay consistent without support.""}, {""speaker"": ""A"", ""message"": ""Makes sense""}, {""speaker"": ""B"", ""message"": ""I\u2019ve been wanting to meet people who care about inner growth.""}, {""speaker"": ""B"", ""message"": ""I\u2019ve been wanting to meet people who care about inner growth.""}, {""speaker"": ""B"", ""message"": ""I think community makes practice feel more real.""}, {""speaker"": ""B"", ""message"": ""Honestly I\u2019ve been craving more grounded community lately.""}, {""speaker"": ""B"", ""message"": ""Most of my friends aren\u2019t really into this kind of stuff.""}, {""speaker"": ""B"", ""message"": ""I\u2019m trying to spend less time online and more time in real community.""}, {""speaker"": ""B"", ""message"": ""I got into meditation after feeling pretty burned out last year.""}, {""speaker"": ""B"", ""message"": ""Honestly I\u2019ve been craving more grounded community lately.""}]",711.4,2,12,2,9.6,4,one_sided
C0205,U121,U035,"[{""speaker"": ""B"", ""message"": ""Do you usually go to wellness events?""}, {""speaker"": ""A"", ""message"": ""Yeah, still figuring it out.""}, {""speaker"": ""B"", ""message"": ""Same. I think finding aligned community is the hardest part.""}, {""speaker"": ""B"", ""message"": ""Mostly journaling, breathwork, and trying to be more present.""}, {""speaker"": ""B"", ""message"": ""Do you usually go to things like this?""}, {""speaker"": ""A"", ""message"": ""Makes sense""}, {""speaker"": ""B"", ""message"": ""I\u2019ve been wanting to meet people who care about inner growth.""}, {""speaker"": ""A"", ""message"": ""Totally""}, {""speaker"": ""B"", ""message"": ""Same. I think finding aligned community is the hardest part.""}, {""speaker"": ""B"", ""message"": ""I think community makes practice feel more real.""}, {""speaker"": ""B"", ""message"": ""Most of my friends aren\u2019t really into this kind of stuff.""}, {""speaker"": ""B"", ""message"": ""I think community makes practice feel more real.""}, {""speaker"": ""B"", ""message"": ""That makes sense. A lot of social spaces feel pretty surface-level.""}, {""speaker"": ""B"", ""message"": ""Same. I think finding aligned community is the hardest part.""}, {""speaker"": ""B"", ""message"": ""I\u2019m trying to spend less time online and more time in real community.""}, {""speaker"": ""B"", ""message"": ""I\u2019ve been wanting to meet people who care about inner growth.""}]",698.4,3,13,12,8.4,15,one_sided
C0206,U125,U032,"[{""speaker"": ""A"", ""message"": ""Have you been exploring spirituality for a while?""}, {""speaker"": ""B"", ""message"": ""Honestly I\u2019ve been craving more grounded community lately.""}, {""speaker"": ""A"", ""message"": ""Totally""}, {""speaker"": ""B"", ""message"": ""Honestly I\u2019ve been craving more grounded community lately.""}, {""speaker"": ""A"", ""message"": ""I\u2019m trying to spend less time online and more time in real community.""}, {""speaker"": ""B"", ""message"": ""Yeah, I\u2019ve been wanting something that feels more intentional than just another meetup.""}, {""speaker"": ""A"", ""message"": ""Nice""}, {""speaker"": ""B"", ""message"": ""I feel like I\u2019ve been searching for deeper connection.""}, {""speaker"": ""A"", ""message"": ""Cool""}, {""speaker"": ""B"", ""message"": ""Cool""}, {""speaker"": ""A"", ""message"": ""Honestly I\u2019ve been craving more grounded community lately.""}, {""speaker"": ""B"", ""message"": ""I\u2019ve been wanting to meet people who care about inner growth.""}]",314.1,6,6,11,6.8,19,ready_for_event
C0207,U004,U130,"[{""speaker"": ""B"", ""message"": ""Have you been exploring spirituality for a while?""}, {""speaker"": ""A"", ""message"": ""Just exploring a bit.""}, {""speaker"": ""B"", ""message"": ""Same. I think finding aligned community is the hardest part.""}, {""speaker"": ""B"", ""message"": ""I feel like I\u2019ve been searching for deeper connection.""}, {""speaker"": ""B"", ""message"": ""That\u2019s beautiful. I\u2019ve been realizing how much environment affects my practice.""}, {""speaker"": ""B"", ""message"": ""I got into meditation after feeling pretty burned out last year.""}, {""speaker"": ""B"", ""message"": ""Honestly I\u2019ve been craving more grounded community lately.""}, {""speaker"": ""B"", ""message"": ""Same. I think finding aligned community is the hardest part.""}, {""speaker"": ""A"", ""message"": ""Totally""}, {""speaker"": ""B"", ""message"": ""I think community makes practice feel more real.""}, {""speaker"": ""B"", ""message"": ""Most of my friends aren\u2019t really into this kind of stuff.""}, {""speaker"": ""B"", ""message"": ""I\u2019m trying to spend less time online and more time in real community.""}, {""speaker"": ""B"", ""message"": ""Do you usually go to things like this?""}]",992.1,2,11,3,8.6,34,one_sided
C0208,U131,U093,"[{""speaker"": ""A"", ""message"": ""Do you usually go to wellness events?""}, {""speaker"": ""B"", ""message"": ""I got into meditation after feeling pretty burned out last year.""}, {""speaker"": ""A"", ""message"": ""I got into meditation after feeling pretty burned out last year.""}, {""speaker"": ""B"", ""message"": ""Love that""}, {""speaker"": ""A"", ""message"": ""That makes sense. A lot of social spaces feel pretty surface-level.""}, {""speaker"": ""B"", ""message"": ""Yeah""}, {""speaker"": ""A"", ""message"": ""Haha same""}, {""speaker"": ""B"", ""message"": ""Makes sense""}, {""speaker"": ""A"", ""message"": ""I got into meditation after feeling pretty burned out last year.""}, {""speaker"": ""B"", ""message"": ""Same. I think finding aligned community is the hardest part.""}, {""speaker"": ""A"", ""message"": ""Honestly I\u2019ve been craving more grounded community lately.""}, {""speaker"": ""B"", ""message"": ""Nice""}, {""speaker"": ""A"", ""message"": ""I\u2019ve been wanting to meet people who care about inner growth.""}, {""speaker"": ""B"", ""message"": ""Haha same""}]",127.0,7,7,5,6.4,17,ready_for_event
C0209,U140,U199,"[{""speaker"": ""A"", ""message"": ""Do you usually go to wellness events?""}, {""speaker"": ""B"", ""message"": ""Yeah, still figuring it out.""}, {""speaker"": ""A"", ""message"": ""That\u2019s beautiful. I\u2019ve been realizing how much environment affects my practice.""}, {""speaker"": ""A"", ""message"": ""That makes sense. A lot of social spaces feel pretty surface-level.""}, {""speaker"": ""A"", ""message"": ""I relate to that. It\u2019s easy to practice alone, but harder to stay consistent without support.""}, {""speaker"": ""A"", ""message"": ""I\u2019m trying to spend less time online and more time in real community.""}, {""speaker"": ""A"", ""message"": ""That makes sense. A lot of social spaces feel pretty surface-level.""}, {""speaker"": ""B"", ""message"": ""Makes sense""}, {""speaker"": ""A"", ""message"": ""I relate to that. It\u2019s easy to practice alone, but harder to stay consistent without support.""}, {""speaker"": ""A"", ""message"": ""I\u2019ve been wanting to meet people who care about inner growth.""}, {""speaker"": ""A"", ""message"": ""Yeah, I\u2019ve been wanting something that feels more intentional than just another meetup.""}, {""speaker"": ""A"", ""message"": ""Same. I think finding aligned community is the hardest part.""}, {""speaker"": ""A"", ""message"": ""I relate to that. It\u2019s easy to practice alone, but harder to stay consistent without support.""}]",273.3,11,2,4,10.9,32,one_sided
C0210,U083,U039,"[{""speaker"": ""B"", ""message"": ""What kind of practices are helping you lately?""}, {""speaker"": ""A"", ""message"": ""Yeah, still figuring it out.""}, {""speaker"": ""B"", ""message"": ""I\u2019ve been wanting to meet people who care about inner growth.""}, {""speaker"": ""B"", ""message"": ""Mostly journaling, breathwork, and trying to be more present.""}, {""speaker"": ""B"", ""message"": ""That makes sense. A lot of social spaces feel pretty surface-level.""}, {""speaker"": ""B"", ""message"": ""Most of my friends aren\u2019t really into this kind of stuff.""}, {""speaker"": ""B"", ""message"": ""Do you usually go to things like this?""}, {""speaker"": ""B"", ""message"": ""That\u2019s beautiful. I\u2019ve been realizing how much environment affects my practice.""}, {""speaker"": ""B"", ""message"": ""I\u2019ve been wanting to meet people who care about inner growth.""}]",193.1,1,8,9,9.4,6,one_sided
C0211,U047,U022,"[{""speaker"": ""A"", ""message"": ""What kind of practices are helping you lately?""}, {""speaker"": ""B"", ""message"": ""I\u2019ve been wanting more community honestly.""}, {""speaker"": ""A"", ""message"": ""What kind of practices are you into?""}]",4982.8,2,1,10,7.0,45,stalled
C0212,U097,U121,"[{""speaker"": ""A"", ""message"": ""Do you usually go to wellness events?""}, {""speaker"": ""B"", ""message"": ""I\u2019m trying to spend less time online and more time in real community.""}, {""speaker"": ""A"", ""message"": ""I\u2019m trying to spend less time online and more time in real community.""}, {""speaker"": ""B"", ""message"": ""Makes sense""}, {""speaker"": ""A"", ""message"": ""Yeah""}, {""speaker"": ""B"", ""message"": ""Love that""}, {""speaker"": ""A"", ""message"": ""That\u2019s beautiful. I\u2019ve been realizing how much environment affects my practice.""}, {""speaker"": ""B"", ""message"": ""Cool""}, {""speaker"": ""A"", ""message"": ""Yeah""}, {""speaker"": ""B"", ""message"": ""That\u2019s beautiful. I\u2019ve been realizing how much environment affects my practice.""}, {""speaker"": ""A"", ""message"": ""Yeah""}, {""speaker"": ""B"", ""message"": ""For sure""}, {""speaker"": ""A"", ""message"": ""Honestly I\u2019ve been craving more grounded community lately.""}, {""speaker"": ""B"", ""message"": ""Same. I think finding aligned community is the hardest part.""}]",329.0,7,7,5,5.9,14,ready_for_event
C0213,U075,U077,"[{""speaker"": ""A"", ""message"": ""Same""}, {""speaker"": ""B"", ""message"": ""Nice""}, {""speaker"": ""A"", ""message"": ""Hey!""}, {""speaker"": ""B"", ""message"": ""Same""}, {""speaker"": ""A"", ""message"": ""Nice""}, {""speaker"": ""B"", ""message"": ""Nice""}, {""speaker"": ""A"", ""message"": ""Hey haha""}, {""speaker"": ""B"", ""message"": ""That\u2019s cool""}, {""speaker"": ""A"", ""message"": ""Love that""}, {""speaker"": ""B"", ""message"": ""Busy honestly""}, {""speaker"": ""A"", ""message"": ""Nice""}]",1368.1,6,5,6,1.4,9,shallow
C0214,U010,U061,"[{""speaker"": ""A"", ""message"": ""Do you usually go to wellness events?""}, {""speaker"": ""B"", ""message"": ""Mostly journaling, breathwork, and trying to be more present.""}, {""speaker"": ""A"", ""message"": ""Totally""}, {""speaker"": ""B"", ""message"": ""That makes sense. A lot of social spaces feel pretty surface-level.""}, {""speaker"": ""A"", ""message"": ""I\u2019ve been wanting to meet people who care about inner growth.""}, {""speaker"": ""B"", ""message"": ""Haha same""}, {""speaker"": ""A"", ""message"": ""Haha same""}, {""speaker"": ""B"", ""message"": ""Honestly I\u2019ve been craving more grounded community lately.""}, {""speaker"": ""A"", ""message"": ""That\u2019s beautiful. I\u2019ve been realizing how much environment affects my practice.""}, {""speaker"": ""B"", ""message"": ""I relate to that. It\u2019s easy to practice alone, but harder to stay consistent without support.""}, {""speaker"": ""A"", ""message"": ""I\u2019m trying to spend less time online and more time in real community.""}, {""speaker"": ""B"", ""message"": ""Yeah, I\u2019ve been wanting something that feels more intentional than just another meetup.""}, {""speaker"": ""A"", ""message"": ""Nice""}, {""speaker"": ""B"", ""message"": ""Nice""}]",351.5,7,7,4,7.6,20,healthy
C0215,U044,U001,"[{""speaker"": ""B"", ""message"": ""Do you usually go to wellness events?""}, {""speaker"": ""A"", ""message"": ""Yeah, still figuring it out.""}, {""speaker"": ""B"", ""message"": ""Same. I think finding aligned community is the hardest part.""}, {""speaker"": ""B"", ""message"": ""Most of my friends aren\u2019t really into this kind of stuff.""}, {""speaker"": ""B"", ""message"": ""That makes sense. A lot of social spaces feel pretty surface-level.""}, {""speaker"": ""B"", ""message"": ""Yeah, I\u2019ve been wanting something that feels more intentional than just another meetup.""}, {""speaker"": ""B"", ""message"": ""Mostly journaling, breathwork, and trying to be more present.""}, {""speaker"": ""B"", ""message"": ""Most of my friends aren\u2019t really into this kind of stuff.""}, {""speaker"": ""B"", ""message"": ""I\u2019ve been wanting to meet people who care about inner growth.""}, {""speaker"": ""A"", ""message"": ""Yeah""}, {""speaker"": ""B"", ""message"": ""I\u2019ve been wanting to meet people who care about inner growth.""}, {""speaker"": ""A"", ""message"": ""Totally""}, {""speaker"": ""B"", ""message"": ""Honestly I\u2019ve been craving more grounded community lately.""}, {""speaker"": ""B"", ""message"": ""That makes sense. A lot of social spaces feel pretty surface-level.""}, {""speaker"": ""B"", ""message"": ""That makes sense. A lot of social spaces feel pretty surface-level.""}, {""speaker"": ""B"", ""message"": ""I got into meditation after feeling pretty burned out last year.""}]",603.2,3,13,3,8.9,2,one_sided
C0216,U020,U035,"[{""speaker"": ""A"", ""message"": ""Have you been exploring spirituality for a while?""}, {""speaker"": ""B"", ""message"": ""I\u2019ve been wanting more community honestly.""}, {""speaker"": ""A"", ""message"": ""Yeah I relate to that.""}, {""speaker"": ""B"", ""message"": ""I\u2019ve had a busy week.""}, {""speaker"": ""A"", ""message"": ""Yeah I relate to that.""}, {""speaker"": ""B"", ""message"": ""Sorry just saw this.""}, {""speaker"": ""A"", ""message"": ""I\u2019ve had a busy week.""}]",3087.5,4,3,2,5.4,92,stalled
C0217,U051,U200,"[{""speaker"": ""A"", ""message"": ""Yeah totally""}, {""speaker"": ""B"", ""message"": ""Not really haha""}, {""speaker"": ""A"", ""message"": ""How\u2019s your week going?""}, {""speaker"": ""B"", ""message"": ""Any plans this weekend?""}, {""speaker"": ""A"", ""message"": ""Busy honestly""}, {""speaker"": ""B"", ""message"": ""Yeah totally""}, {""speaker"": ""A"", ""message"": ""Hey!""}, {""speaker"": ""B"", ""message"": ""Love that""}, {""speaker"": ""A"", ""message"": ""Hey!""}]",1354.8,5,4,3,2.3,9,shallow
C0218,U068,U163,"[{""speaker"": ""A"", ""message"": ""Nice""}, {""speaker"": ""B"", ""message"": ""Not really haha""}, {""speaker"": ""A"", ""message"": ""Any plans this weekend?""}, {""speaker"": ""B"", ""message"": ""That\u2019s cool""}, {""speaker"": ""A"", ""message"": ""Busy honestly""}, {""speaker"": ""B"", ""message"": ""Not really haha""}, {""speaker"": ""A"", ""message"": ""Hey haha""}, {""speaker"": ""B"", ""message"": ""Pretty good""}, {""speaker"": ""A"", ""message"": ""Not really haha""}, {""speaker"": ""B"", ""message"": ""Not really haha""}, {""speaker"": ""A"", ""message"": ""Any plans this weekend?""}, {""speaker"": ""B"", ""message"": ""Any plans this weekend?""}]",816.0,6,6,8,2.8,3,healthy
C0219,U135,U030,"[{""speaker"": ""A"", ""message"": ""What kind of practices are helping you lately?""}, {""speaker"": ""B"", ""message"": ""I\u2019ve been wanting more community honestly.""}, {""speaker"": ""A"", ""message"": ""Sorry just saw this.""}]",1386.6,2,1,5,6.0,85,stalled
C0220,U038,U031,"[{""speaker"": ""A"", ""message"": ""Have you been exploring spirituality for a while?""}, {""speaker"": ""B"", ""message"": ""Mostly curious.""}, {""speaker"": ""A"", ""message"": ""Same. I think finding aligned community is the hardest part.""}, {""speaker"": ""B"", ""message"": ""Totally""}, {""speaker"": ""A"", ""message"": ""Most of my friends aren\u2019t really into this kind of stuff.""}, {""speaker"": ""A"", ""message"": ""I\u2019ve been wanting to meet more intentional people honestly.""}, {""speaker"": ""A"", ""message"": ""Yeah, I\u2019ve been wanting something that feels more intentional than just another meetup.""}, {""speaker"": ""A"", ""message"": ""I\u2019m trying to spend less time online and more time in real community.""}, {""speaker"": ""A"", ""message"": ""Honestly I\u2019ve been craving more grounded community lately.""}, {""speaker"": ""A"", ""message"": ""Yeah, I\u2019ve been wanting something that feels more intentional than just another meetup.""}, {""speaker"": ""A"", ""message"": ""Honestly I\u2019ve been craving more grounded community lately.""}, {""speaker"": ""B"", ""message"": ""Yeah""}, {""speaker"": ""A"", ""message"": ""I think community makes practice feel more real.""}, {""speaker"": ""A"", ""message"": ""Honestly I\u2019ve been craving more grounded community lately.""}]",333.3,11,3,11,8.1,7,one_sided
C0221,U017,U117,"[{""speaker"": ""A"", ""message"": ""What kind of practices are helping you lately?""}, {""speaker"": ""B"", ""message"": ""Mostly journaling, breathwork, and trying to be more present.""}, {""speaker"": ""A"", ""message"": ""That\u2019s beautiful. I\u2019ve been realizing how much environment affects my practice.""}, {""speaker"": ""B"", ""message"": ""I feel like I\u2019ve been searching for deeper connection.""}, {""speaker"": ""A"", ""message"": ""Cool""}, {""speaker"": ""B"", ""message"": ""Love that""}, {""speaker"": ""A"", ""message"": ""Same. I think finding aligned community is the hardest part.""}, {""speaker"": ""B"", ""message"": ""That makes sense. A lot of social spaces feel pretty surface-level.""}]",388.3,4,4,3,7.6,18,healthy
C0222,U166,U199,"[{""speaker"": ""A"", ""message"": ""Have you been exploring spirituality for a while?""}, {""speaker"": ""B"", ""message"": ""I\u2019ve been wanting more community honestly.""}]",3692.1,1,1,2,7.0,100,stalled
C0223,U176,U175,"[{""speaker"": ""A"", ""message"": ""What brought you to Sangha?""}, {""speaker"": ""B"", ""message"": ""Mostly just exploring right now.""}, {""speaker"": ""A"", ""message"": ""What kind of practices are you into?""}, {""speaker"": ""B"", ""message"": ""I\u2019ve had a busy week.""}]",4201.1,2,2,3,5.5,139,stalled
C0224,U026,U017,"[{""speaker"": ""A"", ""message"": ""What kind of practices are helping you lately?""}, {""speaker"": ""B"", ""message"": ""Yeah, still figuring it out.""}, {""speaker"": ""A"", ""message"": ""I think community makes practice feel more real.""}, {""speaker"": ""B"", ""message"": ""Yeah""}, {""speaker"": ""A"", ""message"": ""I got into meditation after feeling pretty burned out last year.""}, {""speaker"": ""A"", ""message"": ""Yeah, I\u2019ve been wanting something that feels more intentional than just another meetup.""}, {""speaker"": ""A"", ""message"": ""Most of my friends aren\u2019t really into this kind of stuff.""}, {""speaker"": ""A"", ""message"": ""That makes sense. A lot of social spaces feel pretty surface-level.""}, {""speaker"": ""A"", ""message"": ""I think community makes practice feel more real.""}, {""speaker"": ""A"", ""message"": ""I relate to that. It\u2019s easy to practice alone, but harder to stay consistent without support.""}, {""speaker"": ""A"", ""message"": ""I feel like I\u2019ve been searching for deeper connection.""}, {""speaker"": ""A"", ""message"": ""I\u2019ve been wanting to meet more intentional people honestly.""}, {""speaker"": ""A"", ""message"": ""I got into meditation after feeling pretty burned out last year.""}]",975.9,11,2,13,9.3,24,one_sided
C0225,U175,U136,"[{""speaker"": ""A"", ""message"": ""Are you looking more for events, community, or personal practice right now?""}, {""speaker"": ""B"", ""message"": ""Mostly journaling, breathwork, and trying to be more present.""}, {""speaker"": ""A"", ""message"": ""Yeah, I\u2019ve been wanting something that feels more intentional than just another meetup.""}, {""speaker"": ""B"", ""message"": ""I feel like I\u2019ve been searching for deeper connection.""}, {""speaker"": ""A"", ""message"": ""Totally""}, {""speaker"": ""B"", ""message"": ""That makes sense. A lot of social spaces feel pretty surface-level.""}, {""speaker"": ""A"", ""message"": ""That\u2019s beautiful. I\u2019ve been realizing how much environment affects my practice.""}, {""speaker"": ""B"", ""message"": ""Yeah""}, {""speaker"": ""A"", ""message"": ""For sure""}]",302.1,5,4,11,7.7,16,healthy
C0226,U078,U113,"[{""speaker"": ""A"", ""message"": ""Have you been exploring spirituality for a while?""}, {""speaker"": ""B"", ""message"": ""Trying to get back into meditation.""}, {""speaker"": ""A"", ""message"": ""That makes sense.""}, {""speaker"": ""B"", ""message"": ""Sorry just saw this.""}, {""speaker"": ""A"", ""message"": ""I\u2019ve had a busy week.""}]",5278.6,3,2,10,5.2,41,stalled
C0227,U089,U054,"[{""speaker"": ""A"", ""message"": ""What brought you to Sangha?""}, {""speaker"": ""B"", ""message"": ""I\u2019ve been wanting more community honestly.""}]",2497.5,1,1,8,5.5,123,stalled
C0228,U114,U103,"[{""speaker"": ""A"", ""message"": ""Do you usually go to wellness events?""}, {""speaker"": ""B"", ""message"": ""I\u2019ve been wanting to meet people who care about inner growth.""}, {""speaker"": ""A"", ""message"": ""Love that""}, {""speaker"": ""B"", ""message"": ""Mostly journaling, breathwork, and trying to be more present.""}, {""speaker"": ""A"", ""message"": ""That makes sense. A lot of social spaces feel pretty surface-level.""}, {""speaker"": ""B"", ""message"": ""Mostly journaling, breathwork, and trying to be more present.""}, {""speaker"": ""A"", ""message"": ""Honestly I\u2019ve been craving more grounded community lately.""}, {""speaker"": ""B"", ""message"": ""Totally""}]",266.4,4,4,11,7.2,7,ready_for_event
C0229,U039,U126,"[{""speaker"": ""B"", ""message"": ""What brought you to Sangha?""}, {""speaker"": ""A"", ""message"": ""Mostly curious.""}, {""speaker"": ""B"", ""message"": ""That makes sense. A lot of social spaces feel pretty surface-level.""}, {""speaker"": ""B"", ""message"": ""I got into meditation after feeling pretty burned out last year.""}, {""speaker"": ""B"", ""message"": ""Most of my friends aren\u2019t really into this kind of stuff.""}, {""speaker"": ""B"", ""message"": ""Most of my friends aren\u2019t really into this kind of stuff.""}, {""speaker"": ""B"", ""message"": ""Most of my friends aren\u2019t really into this kind of stuff.""}, {""speaker"": ""B"", ""message"": ""That makes sense. A lot of social spaces feel pretty surface-level.""}, {""speaker"": ""B"", ""message"": ""That makes sense. A lot of social spaces feel pretty surface-level.""}, {""speaker"": ""B"", ""message"": ""Mostly journaling, breathwork, and trying to be more present.""}, {""speaker"": ""B"", ""message"": ""I\u2019ve been wanting to meet more intentional people honestly.""}, {""speaker"": ""B"", ""message"": ""Same. I think finding aligned community is the hardest part.""}, {""speaker"": ""B"", ""message"": ""Same. I think finding aligned community is the hardest part.""}, {""speaker"": ""B"", ""message"": ""I got into meditation after feeling pretty burned out last year.""}, {""speaker"": ""B"", ""message"": ""That\u2019s beautiful. I\u2019ve been realizing how much environment affects my practice.""}]",94.6,1,14,6,9.6,10,one_sided
C0230,U040,U103,"[{""speaker"": ""A"", ""message"": ""What brought you to Sangha?""}, {""speaker"": ""B"", ""message"": ""Mostly journaling, breathwork, and trying to be more present.""}, {""speaker"": ""A"", ""message"": ""Honestly I\u2019ve been craving more grounded community lately.""}, {""speaker"": ""B"", ""message"": ""I\u2019ve been wanting to meet people who care about inner growth.""}, {""speaker"": ""A"", ""message"": ""I\u2019m trying to spend less time online and more time in real community.""}, {""speaker"": ""B"", ""message"": ""Honestly I\u2019ve been craving more grounded community lately.""}, {""speaker"": ""A"", ""message"": ""Haha same""}, {""speaker"": ""B"", ""message"": ""Same. I think finding aligned community is the hardest part.""}]",171.4,4,4,8,8.2,6,ready_for_event
C0231,U130,U001,"[{""speaker"": ""A"", ""message"": ""What kind of practices are helping you lately?""}, {""speaker"": ""B"", ""message"": ""Trying to get back into meditation.""}, {""speaker"": ""A"", ""message"": ""Sorry just saw this.""}]",2118.3,2,1,4,6.0,43,stalled
C0232,U052,U117,"[{""speaker"": ""A"", ""message"": ""That\u2019s cool""}, {""speaker"": ""B"", ""message"": ""Yeah totally""}, {""speaker"": ""A"", ""message"": ""Hey haha""}, {""speaker"": ""B"", ""message"": ""Hey!""}, {""speaker"": ""A"", ""message"": ""That\u2019s cool""}, {""speaker"": ""B"", ""message"": ""How\u2019s your week going?""}]",692.7,3,3,1,2.2,24,shallow
C0233,U056,U010,"[{""speaker"": ""A"", ""message"": ""Yeah totally""}, {""speaker"": ""B"", ""message"": ""Not really haha""}, {""speaker"": ""A"", ""message"": ""Yeah totally""}, {""speaker"": ""B"", ""message"": ""Love that""}, {""speaker"": ""A"", ""message"": ""Pretty good""}, {""speaker"": ""B"", ""message"": ""Same""}]",1348.3,3,3,8,2.0,3,shallow
C0234,U177,U041,"[{""speaker"": ""A"", ""message"": ""What brought you to Sangha?""}, {""speaker"": ""B"", ""message"": ""I got into meditation after feeling pretty burned out last year.""}, {""speaker"": ""A"", ""message"": ""Same. I think finding aligned community is the hardest part.""}, {""speaker"": ""B"", ""message"": ""That\u2019s beautiful. I\u2019ve been realizing how much environment affects my practice.""}, {""speaker"": ""A"", ""message"": ""Honestly I\u2019ve been craving more grounded community lately.""}, {""speaker"": ""B"", ""message"": ""I\u2019ve been wanting to meet people who care about inner growth.""}, {""speaker"": ""A"", ""message"": ""Haha same""}, {""speaker"": ""B"", ""message"": ""Nice""}, {""speaker"": ""A"", ""message"": ""Mostly journaling, breathwork, and trying to be more present.""}, {""speaker"": ""B"", ""message"": ""Yeah""}, {""speaker"": ""A"", ""message"": ""Haha same""}, {""speaker"": ""B"", ""message"": ""Honestly I\u2019ve been craving more grounded community lately.""}]",354.8,6,6,3,6.6,9,healthy
C0235,U076,U131,"[{""speaker"": ""A"", ""message"": ""Are you looking more for events, community, or personal practice right now?""}, {""speaker"": ""B"", ""message"": ""I\u2019ve been wanting to meet people who care about inner growth.""}, {""speaker"": ""A"", ""message"": ""Love that""}, {""speaker"": ""B"", ""message"": ""Totally""}, {""speaker"": ""A"", ""message"": ""Cool""}, {""speaker"": ""B"", ""message"": ""I feel like I\u2019ve been searching for deeper connection.""}, {""speaker"": ""A"", ""message"": ""For sure""}, {""speaker"": ""B"", ""message"": ""I feel like I\u2019ve been searching for deeper connection.""}]",87.1,4,4,11,5.9,17,healthy
C0236,U052,U109,"[{""speaker"": ""A"", ""message"": ""What kind of practices are helping you lately?""}, {""speaker"": ""B"", ""message"": ""I\u2019ve been wanting to meet people who care about inner growth.""}, {""speaker"": ""A"", ""message"": ""That\u2019s beautiful. I\u2019ve been realizing how much environment affects my practice.""}, {""speaker"": ""B"", ""message"": ""That makes sense. A lot of social spaces feel pretty surface-level.""}, {""speaker"": ""A"", ""message"": ""Honestly I\u2019ve been craving more grounded community lately.""}, {""speaker"": ""B"", ""message"": ""Mostly journaling, breathwork, and trying to be more present.""}, {""speaker"": ""A"", ""message"": ""Honestly I\u2019ve been craving more grounded community lately.""}, {""speaker"": ""B"", ""message"": ""I relate to that. It\u2019s easy to practice alone, but harder to stay consistent without support.""}, {""speaker"": ""A"", ""message"": ""I feel like I\u2019ve been searching for deeper connection.""}]",285.2,5,4,10,10.1,10,ready_for_event
C0237,U024,U113,"[{""speaker"": ""A"", ""message"": ""Have you been exploring spirituality for a while?""}, {""speaker"": ""B"", ""message"": ""Mostly journaling, breathwork, and trying to be more present.""}, {""speaker"": ""A"", ""message"": ""I feel like I\u2019ve been searching for deeper connection.""}, {""speaker"": ""B"", ""message"": ""I got into meditation after feeling pretty burned out last year.""}, {""speaker"": ""A"", ""message"": ""Same. I think finding aligned community is the hardest part.""}, {""speaker"": ""B"", ""message"": ""Yeah""}, {""speaker"": ""A"", ""message"": ""Same. I think finding aligned community is the hardest part.""}, {""speaker"": ""B"", ""message"": ""Love that""}, {""speaker"": ""A"", ""message"": ""Yeah""}, {""speaker"": ""B"", ""message"": ""For sure""}, {""speaker"": ""A"", ""message"": ""Love that""}, {""speaker"": ""B"", ""message"": ""That makes sense. A lot of social spaces feel pretty surface-level.""}, {""speaker"": ""A"", ""message"": ""That\u2019s beautiful. I\u2019ve been realizing how much environment affects my practice.""}, {""speaker"": ""B"", ""message"": ""Mostly journaling, breathwork, and trying to be more present.""}]",336.5,7,7,9,6.9,14,ready_for_event
C0238,U105,U045,"[{""speaker"": ""A"", ""message"": ""What kind of practices are helping you lately?""}, {""speaker"": ""B"", ""message"": ""Trying to get back into meditation.""}, {""speaker"": ""A"", ""message"": ""What kind of practices are you into?""}, {""speaker"": ""B"", ""message"": ""I\u2019ve had a busy week.""}, {""speaker"": ""A"", ""message"": ""Yeah I relate to that.""}]",3625.4,3,2,2,6.2,71,stalled
C0239,U127,U116,"[{""speaker"": ""B"", ""message"": ""What brought you to Sangha?""}, {""speaker"": ""A"", ""message"": ""Just exploring a bit.""}, {""speaker"": ""B"", ""message"": ""I got into meditation after feeling pretty burned out last year.""}, {""speaker"": ""B"", ""message"": ""Same. I think finding aligned community is the hardest part.""}, {""speaker"": ""A"", ""message"": ""Totally""}, {""speaker"": ""B"", ""message"": ""I\u2019ve been wanting to meet people who care about inner growth.""}, {""speaker"": ""B"", ""message"": ""Mostly journaling, breathwork, and trying to be more present.""}, {""speaker"": ""B"", ""message"": ""I\u2019ve been wanting to meet people who care about inner growth.""}, {""speaker"": ""B"", ""message"": ""I\u2019m trying to spend less time online and more time in real community.""}, {""speaker"": ""B"", ""message"": ""I relate to that. It\u2019s easy to practice alone, but harder to stay consistent without support.""}, {""speaker"": ""B"", ""message"": ""Yeah, I\u2019ve been wanting something that feels more intentional than just another meetup.""}, {""speaker"": ""B"", ""message"": ""That makes sense. A lot of social spaces feel pretty surface-level.""}]",876.8,2,10,8,9.6,26,one_sided
C0240,U019,U022,"[{""speaker"": ""A"", ""message"": ""What kind of practices are helping you lately?""}, {""speaker"": ""B"", ""message"": ""Honestly I\u2019ve been craving more grounded community lately.""}, {""speaker"": ""A"", ""message"": ""Yeah, I\u2019ve been wanting something that feels more intentional than just another meetup.""}, {""speaker"": ""B"", ""message"": ""Nice""}, {""speaker"": ""A"", ""message"": ""I feel like I\u2019ve been searching for deeper connection.""}, {""speaker"": ""B"", ""message"": ""Cool""}, {""speaker"": ""A"", ""message"": ""Totally""}, {""speaker"": ""B"", ""message"": ""Totally""}, {""speaker"": ""A"", ""message"": ""Yeah, I\u2019ve been wanting something that feels more intentional than just another meetup.""}, {""speaker"": ""B"", ""message"": ""Cool""}, {""speaker"": ""A"", ""message"": ""Yeah, I\u2019ve been wanting something that feels more intentional than just another meetup.""}, {""speaker"": ""B"", ""message"": ""I\u2019ve been wanting to meet people who care about inner growth.""}]",40.5,6,6,4,6.7,8,healthy
C0241,U193,U177,"[{""speaker"": ""A"", ""message"": ""What kind of practices are helping you lately?""}, {""speaker"": ""B"", ""message"": ""I got into meditation after feeling pretty burned out last year.""}, {""speaker"": ""A"", ""message"": ""Same. I think finding aligned community is the hardest part.""}, {""speaker"": ""B"", ""message"": ""Yeah I\u2019ve been feeling that too. It would be nice to meet people in person.""}, {""speaker"": ""A"", ""message"": ""There\u2019s a community yoga and tea gathering this weekend.""}, {""speaker"": ""B"", ""message"": ""Wait that actually sounds amazing.""}, {""speaker"": ""A"", ""message"": ""You should come if you\u2019re free.""}, {""speaker"": ""B"", ""message"": ""I\u2019d definitely be down.""}, {""speaker"": ""A"", ""message"": ""Amazing, I\u2019ll send you the details \ud83d\ude4f""}, {""speaker"": ""B"", ""message"": ""Perfect, thank you :)""}]",111.5,5,5,5,7.9,11,ready_for_event
C0242,U169,U076,"[{""speaker"": ""A"", ""message"": ""Do you usually go to wellness events?""}, {""speaker"": ""B"", ""message"": ""Mostly just exploring right now.""}, {""speaker"": ""A"", ""message"": ""I\u2019ve had a busy week.""}, {""speaker"": ""B"", ""message"": ""What kind of practices are you into?""}]",2700.2,2,2,3,6.0,36,stalled
C0243,U009,U109,"[{""speaker"": ""B"", ""message"": ""Are you looking more for events, community, or personal practice right now?""}, {""speaker"": ""A"", ""message"": ""Just exploring a bit.""}, {""speaker"": ""B"", ""message"": ""I\u2019ve been wanting to meet more intentional people honestly.""}, {""speaker"": ""B"", ""message"": ""Do you usually go to things like this?""}, {""speaker"": ""B"", ""message"": ""I got into meditation after feeling pretty burned out last year.""}, {""speaker"": ""B"", ""message"": ""I\u2019m trying to spend less time online and more time in real community.""}, {""speaker"": ""B"", ""message"": ""Yeah, I\u2019ve been wanting something that feels more intentional than just another meetup.""}, {""speaker"": ""B"", ""message"": ""I got into meditation after feeling pretty burned out last year.""}, {""speaker"": ""B"", ""message"": ""I relate to that. It\u2019s easy to practice alone, but harder to stay consistent without support.""}, {""speaker"": ""B"", ""message"": ""That makes sense. A lot of social spaces feel pretty surface-level.""}, {""speaker"": ""B"", ""message"": ""I\u2019ve been wanting to meet people who care about inner growth.""}, {""speaker"": ""A"", ""message"": ""Yeah""}]",717.8,2,10,8,10.0,14,one_sided
C0244,U049,U145,"[{""speaker"": ""A"", ""message"": ""What brought you to Sangha?""}, {""speaker"": ""B"", ""message"": ""I got into meditation after feeling pretty burned out last year.""}, {""speaker"": ""A"", ""message"": ""I relate to that. It\u2019s easy to practice alone, but harder to stay consistent without support.""}, {""speaker"": ""B"", ""message"": ""Yeah I\u2019ve been feeling that too. It would be nice to meet people in person.""}, {""speaker"": ""A"", ""message"": ""Would you ever want to go to a kirtan together sometime?""}, {""speaker"": ""B"", ""message"": ""Wait that actually sounds amazing.""}, {""speaker"": ""A"", ""message"": ""You should come if you\u2019re free.""}, {""speaker"": ""B"", ""message"": ""I\u2019d definitely be down.""}, {""speaker"": ""A"", ""message"": ""Amazing, I\u2019ll send you the details \ud83d\ude4f""}, {""speaker"": ""B"", ""message"": ""Perfect, thank you :)""}]",50.9,5,5,13,8.4,11,ready_for_event
C0245,U141,U109,"[{""speaker"": ""A"", ""message"": ""Are you looking more for events, community, or personal practice right now?""}, {""speaker"": ""B"", ""message"": ""I\u2019m trying to spend less time online and more time in real community.""}, {""speaker"": ""A"", ""message"": ""I got into meditation after feeling pretty burned out last year.""}, {""speaker"": ""B"", ""message"": ""I feel like I\u2019ve been searching for deeper connection.""}, {""speaker"": ""A"", ""message"": ""I got into meditation after feeling pretty burned out last year.""}, {""speaker"": ""B"", ""message"": ""Yeah""}, {""speaker"": ""A"", ""message"": ""Yeah""}, {""speaker"": ""B"", ""message"": ""Yeah""}, {""speaker"": ""A"", ""message"": ""Nice""}, {""speaker"": ""B"", ""message"": ""I feel like I\u2019ve been searching for deeper connection.""}, {""speaker"": ""A"", ""message"": ""Haha same""}, {""speaker"": ""B"", ""message"": ""I\u2019m trying to spend less time online and more time in real community.""}]",78.3,6,6,3,7.0,4,healthy
C0246,U140,U122,"[{""speaker"": ""A"", ""message"": ""Are you looking more for events, community, or personal practice right now?""}, {""speaker"": ""B"", ""message"": ""Trying to get back into meditation.""}]",5367.5,1,1,7,9.0,30,stalled
C0247,U020,U098,"[{""speaker"": ""A"", ""message"": ""What brought you to Sangha?""}, {""speaker"": ""B"", ""message"": ""I\u2019ve been wanting to meet people who care about inner growth.""}, {""speaker"": ""A"", ""message"": ""Mostly journaling, breathwork, and trying to be more present.""}, {""speaker"": ""B"", ""message"": ""Nice""}, {""speaker"": ""A"", ""message"": ""Love that""}, {""speaker"": ""B"", ""message"": ""I\u2019m trying to spend less time online and more time in real community.""}, {""speaker"": ""A"", ""message"": ""I feel like I\u2019ve been searching for deeper connection.""}, {""speaker"": ""B"", ""message"": ""Totally""}, {""speaker"": ""A"", ""message"": ""That\u2019s beautiful. I\u2019ve been realizing how much environment affects my practice.""}, {""speaker"": ""B"", ""message"": ""For sure""}, {""speaker"": ""A"", ""message"": ""Yeah, I\u2019ve been wanting something that feels more intentional than just another meetup.""}, {""speaker"": ""B"", ""message"": ""Mostly journaling, breathwork, and trying to be more present.""}]",371.5,6,6,7,7.2,4,ready_for_event
C0248,U101,U138,"[{""speaker"": ""B"", ""message"": ""Have you been exploring spirituality for a while?""}, {""speaker"": ""A"", ""message"": ""Just exploring a bit.""}, {""speaker"": ""B"", ""message"": ""I relate to that. It\u2019s easy to practice alone, but harder to stay consistent without support.""}, {""speaker"": ""B"", ""message"": ""I feel like I\u2019ve been searching for deeper connection.""}, {""speaker"": ""B"", ""message"": ""That makes sense. A lot of social spaces feel pretty surface-level.""}, {""speaker"": ""B"", ""message"": ""That\u2019s beautiful. I\u2019ve been realizing how much environment affects my practice.""}, {""speaker"": ""B"", ""message"": ""Honestly I\u2019ve been craving more grounded community lately.""}, {""speaker"": ""B"", ""message"": ""That makes sense. A lot of social spaces feel pretty surface-level.""}, {""speaker"": ""B"", ""message"": ""I\u2019ve been wanting to meet people who care about inner growth.""}]",349.9,1,8,2,9.9,27,one_sided
C0249,U198,U017,"[{""speaker"": ""A"", ""message"": ""What kind of practices are helping you lately?""}, {""speaker"": ""B"", ""message"": ""I feel like I\u2019ve been searching for deeper connection.""}, {""speaker"": ""A"", ""message"": ""I relate to that. It\u2019s easy to practice alone, but harder to stay consistent without support.""}, {""speaker"": ""B"", ""message"": ""Yeah I\u2019ve been feeling that too. It would be nice to meet people in person.""}, {""speaker"": ""A"", ""message"": ""Would you ever want to go to a kirtan together sometime?""}, {""speaker"": ""B"", ""message"": ""Wait that actually sounds amazing.""}, {""speaker"": ""A"", ""message"": ""You should come if you\u2019re free.""}, {""speaker"": ""B"", ""message"": ""I\u2019d definitely be down.""}, {""speaker"": ""A"", ""message"": ""Amazing, I\u2019ll send you the details \ud83d\ude4f""}, {""speaker"": ""B"", ""message"": ""Perfect, thank you :)""}]",83.8,5,5,17,8.5,8,ready_for_event
C0250,U116,U015,"[{""speaker"": ""A"", ""message"": ""What brought you to Sangha?""}, {""speaker"": ""B"", ""message"": ""Just exploring a bit.""}, {""speaker"": ""A"", ""message"": ""Honestly I\u2019ve been craving more grounded community lately.""}, {""speaker"": ""A"", ""message"": ""Do you usually go to things like this?""}, {""speaker"": ""A"", ""message"": ""Mostly journaling, breathwork, and trying to be more present.""}, {""speaker"": ""B"", ""message"": ""Makes sense""}, {""speaker"": ""A"", ""message"": ""That makes sense. A lot of social spaces feel pretty surface-level.""}, {""speaker"": ""A"", ""message"": ""I think community makes practice feel more real.""}, {""speaker"": ""A"", ""message"": ""Yeah, I\u2019ve been wanting something that feels more intentional than just another meetup.""}, {""speaker"": ""A"", ""message"": ""Honestly I\u2019ve been craving more grounded community lately.""}, {""speaker"": ""A"", ""message"": ""Mostly journaling, breathwork, and trying to be more present.""}]",254.0,9,2,8,7.7,26,one_sided
C0251,U152,U044,"[{""speaker"": ""A"", ""message"": ""Pretty good""}, {""speaker"": ""B"", ""message"": ""Not really haha""}, {""speaker"": ""A"", ""message"": ""Love that""}, {""speaker"": ""B"", ""message"": ""Same""}, {""speaker"": ""A"", ""message"": ""Love that""}, {""speaker"": ""B"", ""message"": ""Love that""}]",804.9,3,3,5,2.0,13,shallow
C0252,U026,U071,"[{""speaker"": ""A"", ""message"": ""Hey haha""}, {""speaker"": ""B"", ""message"": ""Hey haha""}, {""speaker"": ""A"", ""message"": ""Same""}, {""speaker"": ""B"", ""message"": ""Not really haha""}, {""speaker"": ""A"", ""message"": ""Any plans this weekend?""}, {""speaker"": ""B"", ""message"": ""Nice""}, {""speaker"": ""A"", ""message"": ""Hey!""}, {""speaker"": ""B"", ""message"": ""Yeah totally""}, {""speaker"": ""A"", ""message"": ""That\u2019s cool""}, {""speaker"": ""B"", ""message"": ""Busy honestly""}, {""speaker"": ""A"", ""message"": ""How\u2019s your week going?""}]",787.8,6,5,2,2.2,21,shallow
C0253,U036,U159,"[{""speaker"": ""A"", ""message"": ""Have you been exploring spirituality for a while?""}, {""speaker"": ""B"", ""message"": ""I got into meditation after feeling pretty burned out last year.""}, {""speaker"": ""A"", ""message"": ""I\u2019ve been wanting to meet people who care about inner growth.""}, {""speaker"": ""B"", ""message"": ""I\u2019m trying to spend less time online and more time in real community.""}, {""speaker"": ""A"", ""message"": ""That makes sense. A lot of social spaces feel pretty surface-level.""}, {""speaker"": ""B"", ""message"": ""Honestly I\u2019ve been craving more grounded community lately.""}, {""speaker"": ""A"", ""message"": ""Mostly journaling, breathwork, and trying to be more present.""}, {""speaker"": ""B"", ""message"": ""Totally""}, {""speaker"": ""A"", ""message"": ""I\u2019ve been wanting to meet people who care about inner growth.""}]",223.5,5,4,1,9.2,2,healthy
C0254,U036,U057,"[{""speaker"": ""A"", ""message"": ""Do you usually go to wellness events?""}, {""speaker"": ""B"", ""message"": ""Mostly journaling, breathwork, and trying to be more present.""}, {""speaker"": ""A"", ""message"": ""I got into meditation after feeling pretty burned out last year.""}, {""speaker"": ""B"", ""message"": ""That\u2019s beautiful. I\u2019ve been realizing how much environment affects my practice.""}, {""speaker"": ""A"", ""message"": ""Totally""}, {""speaker"": ""B"", ""message"": ""I relate to that. It\u2019s easy to practice alone, but harder to stay consistent without support.""}, {""speaker"": ""A"", ""message"": ""I\u2019m trying to spend less time online and more time in real community.""}, {""speaker"": ""B"", ""message"": ""I\u2019ve been wanting to meet people who care about inner growth.""}, {""speaker"": ""A"", ""message"": ""Cool""}, {""speaker"": ""B"", ""message"": ""Cool""}, {""speaker"": ""A"", ""message"": ""For sure""}, {""speaker"": ""B"", ""message"": ""Makes sense""}, {""speaker"": ""A"", ""message"": ""Yeah, I\u2019ve been wanting something that feels more intentional than just another meetup.""}, {""speaker"": ""B"", ""message"": ""Yeah""}, {""speaker"": ""A"", ""message"": ""Yeah""}]",179.6,8,7,10,6.7,20,ready_for_event
C0255,U183,U128,"[{""speaker"": ""A"", ""message"": ""Have you been exploring spirituality for a while?""}, {""speaker"": ""B"", ""message"": ""I\u2019ve been wanting more community honestly.""}, {""speaker"": ""A"", ""message"": ""Sorry just saw this.""}]",1277.8,2,1,6,6.0,113,stalled
C0256,U100,U165,"[{""speaker"": ""A"", ""message"": ""Are you looking more for events, community, or personal practice right now?""}, {""speaker"": ""B"", ""message"": ""I got into meditation after feeling pretty burned out last year.""}, {""speaker"": ""A"", ""message"": ""That makes sense. A lot of social spaces feel pretty surface-level.""}, {""speaker"": ""B"", ""message"": ""Yeah I\u2019ve been feeling that too. It would be nice to meet people in person.""}, {""speaker"": ""A"", ""message"": ""There\u2019s a meditation event next Thursday that looks really grounding.""}, {""speaker"": ""B"", ""message"": ""Wait that actually sounds amazing.""}, {""speaker"": ""A"", ""message"": ""You should come if you\u2019re free.""}, {""speaker"": ""B"", ""message"": ""I\u2019d definitely be down.""}, {""speaker"": ""A"", ""message"": ""Amazing, I\u2019ll send you the details \ud83d\ude4f""}, {""speaker"": ""B"", ""message"": ""Perfect, thank you :)""}, {""speaker"": ""A"", ""message"": ""I think it could be a nice low-pressure way to meet.""}, {""speaker"": ""B"", ""message"": ""Agreed. I like that it\u2019s centered around practice, not just chatting.""}]",106.8,6,6,14,8.9,2,ready_for_event
C0257,U186,U123,"[{""speaker"": ""A"", ""message"": ""Have you been exploring spirituality for a while?""}, {""speaker"": ""B"", ""message"": ""Trying to get back into meditation.""}, {""speaker"": ""A"", ""message"": ""Yeah I relate to that.""}, {""speaker"": ""B"", ""message"": ""That makes sense.""}, {""speaker"": ""A"", ""message"": ""That makes sense.""}]",3694.2,3,2,3,5.0,52,stalled
C0258,U154,U106,"[{""speaker"": ""B"", ""message"": ""Do you usually go to wellness events?""}, {""speaker"": ""A"", ""message"": ""Mostly curious.""}, {""speaker"": ""B"", ""message"": ""Same. I think finding aligned community is the hardest part.""}, {""speaker"": ""B"", ""message"": ""I think community makes practice feel more real.""}, {""speaker"": ""B"", ""message"": ""Same. I think finding aligned community is the hardest part.""}, {""speaker"": ""B"", ""message"": ""I got into meditation after feeling pretty burned out last year.""}, {""speaker"": ""B"", ""message"": ""I\u2019ve been wanting to meet people who care about inner growth.""}, {""speaker"": ""B"", ""message"": ""That\u2019s beautiful. I\u2019ve been realizing how much environment affects my practice.""}, {""speaker"": ""B"", ""message"": ""Most of my friends aren\u2019t really into this kind of stuff.""}, {""speaker"": ""B"", ""message"": ""I\u2019ve been wanting to meet more intentional people honestly.""}, {""speaker"": ""B"", ""message"": ""Mostly journaling, breathwork, and trying to be more present.""}, {""speaker"": ""B"", ""message"": ""That makes sense. A lot of social spaces feel pretty surface-level.""}, {""speaker"": ""B"", ""message"": ""Do you usually go to things like this?""}, {""speaker"": ""B"", ""message"": ""Same. I think finding aligned community is the hardest part.""}, {""speaker"": ""B"", ""message"": ""I feel like I\u2019ve been searching for deeper connection.""}]",288.1,1,14,2,9.1,6,one_sided
C0259,U010,U026,"[{""speaker"": ""A"", ""message"": ""Do you usually go to wellness events?""}, {""speaker"": ""B"", ""message"": ""Mostly journaling, breathwork, and trying to be more present.""}, {""speaker"": ""A"", ""message"": ""Same. I think finding aligned community is the hardest part.""}, {""speaker"": ""B"", ""message"": ""Yeah I\u2019ve been feeling that too. It would be nice to meet people in person.""}, {""speaker"": ""A"", ""message"": ""There\u2019s a meditation event next Thursday that looks really grounding.""}, {""speaker"": ""B"", ""message"": ""Wait that actually sounds amazing.""}, {""speaker"": ""A"", ""message"": ""You should come if you\u2019re free.""}, {""speaker"": ""B"", ""message"": ""I\u2019d definitely be down.""}, {""speaker"": ""A"", ""message"": ""Amazing, I\u2019ll send you the details \ud83d\ude4f""}, {""speaker"": ""B"", ""message"": ""Perfect, thank you :)""}]",112.1,5,5,17,7.7,3,ready_for_event
C0260,U179,U119,"[{""speaker"": ""A"", ""message"": ""Do you usually go to wellness events?""}, {""speaker"": ""B"", ""message"": ""Honestly I\u2019ve been craving more grounded community lately.""}, {""speaker"": ""A"", ""message"": ""Makes sense""}, {""speaker"": ""B"", ""message"": ""Haha same""}, {""speaker"": ""A"", ""message"": ""I got into meditation after feeling pretty burned out last year.""}, {""speaker"": ""B"", ""message"": ""Mostly journaling, breathwork, and trying to be more present.""}, {""speaker"": ""A"", ""message"": ""Makes sense""}, {""speaker"": ""B"", ""message"": ""I\u2019m trying to spend less time online and more time in real community.""}, {""speaker"": ""A"", ""message"": ""Nice""}, {""speaker"": ""B"", ""message"": ""Mostly journaling, breathwork, and trying to be more present.""}, {""speaker"": ""A"", ""message"": ""Same. I think finding aligned community is the hardest part.""}, {""speaker"": ""B"", ""message"": ""I\u2019m trying to spend less time online and more time in real community.""}, {""speaker"": ""A"", ""message"": ""Cool""}, {""speaker"": ""B"", ""message"": ""Yeah, I\u2019ve been wanting something that feels more intentional than just another meetup.""}, {""speaker"": ""A"", ""message"": ""Cool""}, {""speaker"": ""B"", ""message"": ""I feel like I\u2019ve been searching for deeper connection.""}]",16.1,8,8,10,6.9,2,ready_for_event
C0261,U169,U159,"[{""speaker"": ""A"", ""message"": ""Are you looking more for events, community, or personal practice right now?""}, {""speaker"": ""B"", ""message"": ""Mostly journaling, breathwork, and trying to be more present.""}, {""speaker"": ""A"", ""message"": ""That makes sense. A lot of social spaces feel pretty surface-level.""}, {""speaker"": ""B"", ""message"": ""Yeah I\u2019ve been feeling that too. It would be nice to meet people in person.""}, {""speaker"": ""A"", ""message"": ""I saw a breathwork class nearby that feels pretty aligned.""}, {""speaker"": ""B"", ""message"": ""Wait that actually sounds amazing.""}, {""speaker"": ""A"", ""message"": ""You should come if you\u2019re free.""}, {""speaker"": ""B"", ""message"": ""I\u2019d definitely be down.""}, {""speaker"": ""A"", ""message"": ""Amazing, I\u2019ll send you the details \ud83d\ude4f""}, {""speaker"": ""B"", ""message"": ""Perfect, thank you :)""}]",73.3,5,5,12,8.3,5,ready_for_event
C0262,U111,U046,"[{""speaker"": ""B"", ""message"": ""Have you been exploring spirituality for a while?""}, {""speaker"": ""A"", ""message"": ""Mostly curious.""}, {""speaker"": ""B"", ""message"": ""Do you usually go to things like this?""}, {""speaker"": ""B"", ""message"": ""Honestly I\u2019ve been craving more grounded community lately.""}, {""speaker"": ""B"", ""message"": ""I feel like I\u2019ve been searching for deeper connection.""}, {""speaker"": ""B"", ""message"": ""I\u2019ve been wanting to meet more intentional people honestly.""}, {""speaker"": ""B"", ""message"": ""I got into meditation after feeling pretty burned out last year.""}, {""speaker"": ""A"", ""message"": ""Yeah""}, {""speaker"": ""B"", ""message"": ""Most of my friends aren\u2019t really into this kind of stuff.""}, {""speaker"": ""A"", ""message"": ""Totally""}, {""speaker"": ""B"", ""message"": ""Mostly journaling, breathwork, and trying to be more present.""}, {""speaker"": ""B"", ""message"": ""That\u2019s beautiful. I\u2019ve been realizing how much environment affects my practice.""}, {""speaker"": ""B"", ""message"": ""That\u2019s beautiful. I\u2019ve been realizing how much environment affects my practice.""}, {""speaker"": ""B"", ""message"": ""I\u2019ve been wanting to meet more intentional people honestly.""}, {""speaker"": ""B"", ""message"": ""I\u2019m trying to spend less time online and more time in real community.""}]",336.9,3,12,7,8.1,32,one_sided
C0263,U015,U198,"[{""speaker"": ""A"", ""message"": ""Have you been exploring spirituality for a while?""}, {""speaker"": ""B"", ""message"": ""Trying to get back into meditation.""}, {""speaker"": ""A"", ""message"": ""Yeah I relate to that.""}, {""speaker"": ""B"", ""message"": ""I\u2019ve had a busy week.""}, {""speaker"": ""A"", ""message"": ""Sorry just saw this.""}]",2048.5,3,2,3,5.6,97,stalled
C0264,U192,U108,"[{""speaker"": ""A"", ""message"": ""Are you looking more for events, community, or personal practice right now?""}, {""speaker"": ""B"", ""message"": ""Mostly journaling, breathwork, and trying to be more present.""}, {""speaker"": ""A"", ""message"": ""That makes sense. A lot of social spaces feel pretty surface-level.""}, {""speaker"": ""B"", ""message"": ""Yeah I\u2019ve been feeling that too. It would be nice to meet people in person.""}, {""speaker"": ""A"", ""message"": ""There\u2019s a community yoga and tea gathering this weekend.""}, {""speaker"": ""B"", ""message"": ""Wait that actually sounds amazing.""}, {""speaker"": ""A"", ""message"": ""You should come if you\u2019re free.""}, {""speaker"": ""B"", ""message"": ""I\u2019d definitely be down.""}, {""speaker"": ""A"", ""message"": ""Amazing, I\u2019ll send you the details \ud83d\ude4f""}, {""speaker"": ""B"", ""message"": ""Perfect, thank you :)""}]",35.3,5,5,22,8.2,6,ready_for_event
C0265,U188,U020,"[{""speaker"": ""B"", ""message"": ""What brought you to Sangha?""}, {""speaker"": ""A"", ""message"": ""Yeah, still figuring it out.""}, {""speaker"": ""B"", ""message"": ""Mostly journaling, breathwork, and trying to be more present.""}, {""speaker"": ""A"", ""message"": ""Yeah""}, {""speaker"": ""B"", ""message"": ""Mostly journaling, breathwork, and trying to be more present.""}, {""speaker"": ""B"", ""message"": ""I\u2019ve been wanting to meet more intentional people honestly.""}, {""speaker"": ""B"", ""message"": ""I\u2019m trying to spend less time online and more time in real community.""}, {""speaker"": ""B"", ""message"": ""That makes sense. A lot of social spaces feel pretty surface-level.""}, {""speaker"": ""B"", ""message"": ""I feel like I\u2019ve been searching for deeper connection.""}, {""speaker"": ""B"", ""message"": ""Do you usually go to things like this?""}, {""speaker"": ""B"", ""message"": ""I\u2019ve been wanting to meet more intentional people honestly.""}, {""speaker"": ""B"", ""message"": ""I got into meditation after feeling pretty burned out last year.""}]",312.0,2,10,1,8.2,17,one_sided
C0266,U150,U191,"[{""speaker"": ""A"", ""message"": ""Are you looking more for events, community, or personal practice right now?""}, {""speaker"": ""B"", ""message"": ""I\u2019ve been wanting to meet people who care about inner growth.""}, {""speaker"": ""A"", ""message"": ""I\u2019ve been wanting to meet people who care about inner growth.""}, {""speaker"": ""B"", ""message"": ""Totally""}, {""speaker"": ""A"", ""message"": ""Cool""}, {""speaker"": ""B"", ""message"": ""Yeah""}, {""speaker"": ""A"", ""message"": ""Love that""}, {""speaker"": ""B"", ""message"": ""I feel like I\u2019ve been searching for deeper connection.""}, {""speaker"": ""A"", ""message"": ""Love that""}, {""speaker"": ""B"", ""message"": ""That\u2019s beautiful. I\u2019ve been realizing how much environment affects my practice.""}, {""speaker"": ""A"", ""message"": ""I relate to that. It\u2019s easy to practice alone, but harder to stay consistent without support.""}, {""speaker"": ""B"", ""message"": ""Makes sense""}, {""speaker"": ""A"", ""message"": ""Haha same""}]",207.2,7,6,7,6.2,18,ready_for_event
C0267,U091,U013,"[{""speaker"": ""B"", ""message"": ""Do you usually go to wellness events?""}, {""speaker"": ""A"", ""message"": ""Mostly curious.""}, {""speaker"": ""B"", ""message"": ""I\u2019ve been wanting to meet people who care about inner growth.""}, {""speaker"": ""B"", ""message"": ""That makes sense. A lot of social spaces feel pretty surface-level.""}, {""speaker"": ""B"", ""message"": ""Same. I think finding aligned community is the hardest part.""}, {""speaker"": ""B"", ""message"": ""Honestly I\u2019ve been craving more grounded community lately.""}, {""speaker"": ""A"", ""message"": ""Yeah""}, {""speaker"": ""B"", ""message"": ""I\u2019m trying to spend less time online and more time in real community.""}, {""speaker"": ""B"", ""message"": ""I think community makes practice feel more real.""}, {""speaker"": ""B"", ""message"": ""That\u2019s beautiful. I\u2019ve been realizing how much environment affects my practice.""}, {""speaker"": ""B"", ""message"": ""That\u2019s beautiful. I\u2019ve been realizing how much environment affects my practice.""}, {""speaker"": ""B"", ""message"": ""I feel like I\u2019ve been searching for deeper connection.""}, {""speaker"": ""B"", ""message"": ""Do you usually go to things like this?""}, {""speaker"": ""B"", ""message"": ""That makes sense. A lot of social spaces feel pretty surface-level.""}]",209.9,2,12,13,8.6,22,one_sided
C0268,U118,U022,"[{""speaker"": ""A"", ""message"": ""Have you been exploring spirituality for a while?""}, {""speaker"": ""B"", ""message"": ""I\u2019m trying to spend less time online and more time in real community.""}, {""speaker"": ""A"", ""message"": ""I got into meditation after feeling pretty burned out last year.""}, {""speaker"": ""B"", ""message"": ""That\u2019s beautiful. I\u2019ve been realizing how much environment affects my practice.""}, {""speaker"": ""A"", ""message"": ""I relate to that. It\u2019s easy to practice alone, but harder to stay consistent without support.""}, {""speaker"": ""B"", ""message"": ""I\u2019ve been wanting to meet people who care about inner growth.""}, {""speaker"": ""A"", ""message"": ""That makes sense. A lot of social spaces feel pretty surface-level.""}, {""speaker"": ""B"", ""message"": ""Honestly I\u2019ve been craving more grounded community lately.""}, {""speaker"": ""A"", ""message"": ""Same. I think finding aligned community is the hardest part.""}, {""speaker"": ""B"", ""message"": ""I\u2019m trying to spend less time online and more time in real community.""}, {""speaker"": ""A"", ""message"": ""Yeah""}, {""speaker"": ""B"", ""message"": ""For sure""}, {""speaker"": ""A"", ""message"": ""I relate to that. It\u2019s easy to practice alone, but harder to stay consistent without support.""}, {""speaker"": ""B"", ""message"": ""Cool""}, {""speaker"": ""A"", ""message"": ""Yeah""}, {""speaker"": ""B"", ""message"": ""Yeah""}, {""speaker"": ""A"", ""message"": ""Makes sense""}, {""speaker"": ""B"", ""message"": ""I feel like I\u2019ve been searching for deeper connection.""}]",177.4,9,9,4,8.1,12,healthy
C0269,U022,U167,"[{""speaker"": ""A"", ""message"": ""Have you been exploring spirituality for a while?""}, {""speaker"": ""B"", ""message"": ""Mostly curious.""}, {""speaker"": ""A"", ""message"": ""I think community makes practice feel more real.""}, {""speaker"": ""B"", ""message"": ""Makes sense""}, {""speaker"": ""A"", ""message"": ""That makes sense. A lot of social spaces feel pretty surface-level.""}, {""speaker"": ""A"", ""message"": ""Most of my friends aren\u2019t really into this kind of stuff.""}, {""speaker"": ""A"", ""message"": ""I think community makes practice feel more real.""}, {""speaker"": ""A"", ""message"": ""That makes sense. A lot of social spaces feel pretty surface-level.""}, {""speaker"": ""B"", ""message"": ""Yeah""}, {""speaker"": ""A"", ""message"": ""Mostly journaling, breathwork, and trying to be more present.""}, {""speaker"": ""A"", ""message"": ""Mostly journaling, breathwork, and trying to be more present.""}, {""speaker"": ""A"", ""message"": ""I\u2019m trying to spend less time online and more time in real community.""}, {""speaker"": ""A"", ""message"": ""I got into meditation after feeling pretty burned out last year.""}, {""speaker"": ""A"", ""message"": ""I think community makes practice feel more real.""}, {""speaker"": ""A"", ""message"": ""Same. I think finding aligned community is the hardest part.""}, {""speaker"": ""A"", ""message"": ""I relate to that. It\u2019s easy to practice alone, but harder to stay consistent without support.""}, {""speaker"": ""A"", ""message"": ""Honestly I\u2019ve been craving more grounded community lately.""}]",594.7,14,3,10,8.6,14,one_sided
C0270,U059,U017,"[{""speaker"": ""A"", ""message"": ""What kind of practices are helping you lately?""}, {""speaker"": ""B"", ""message"": ""Just exploring a bit.""}, {""speaker"": ""A"", ""message"": ""Honestly I\u2019ve been craving more grounded community lately.""}, {""speaker"": ""A"", ""message"": ""I relate to that. It\u2019s easy to practice alone, but harder to stay consistent without support.""}, {""speaker"": ""B"", ""message"": ""Yeah""}, {""speaker"": ""A"", ""message"": ""I\u2019ve been wanting to meet more intentional people honestly.""}, {""speaker"": ""B"", ""message"": ""Yeah""}, {""speaker"": ""A"", ""message"": ""I\u2019m trying to spend less time online and more time in real community.""}, {""speaker"": ""A"", ""message"": ""That\u2019s beautiful. I\u2019ve been realizing how much environment affects my practice.""}, {""speaker"": ""A"", ""message"": ""I\u2019m trying to spend less time online and more time in real community.""}, {""speaker"": ""A"", ""message"": ""I got into meditation after feeling pretty burned out last year.""}, {""speaker"": ""A"", ""message"": ""I\u2019m trying to spend less time online and more time in real community.""}, {""speaker"": ""A"", ""message"": ""Yeah, I\u2019ve been wanting something that feels more intentional than just another meetup.""}, {""speaker"": ""A"", ""message"": ""I\u2019ve been wanting to meet more intentional people honestly.""}]",882.2,11,3,10,9.3,5,one_sided
C0271,U017,U111,"[{""speaker"": ""A"", ""message"": ""Have you been exploring spirituality for a while?""}, {""speaker"": ""B"", ""message"": ""Yeah, still figuring it out.""}, {""speaker"": ""A"", ""message"": ""I feel like I\u2019ve been searching for deeper connection.""}, {""speaker"": ""A"", ""message"": ""I think community makes practice feel more real.""}, {""speaker"": ""A"", ""message"": ""Yeah, I\u2019ve been wanting something that feels more intentional than just another meetup.""}, {""speaker"": ""B"", ""message"": ""Makes sense""}, {""speaker"": ""A"", ""message"": ""I\u2019ve been wanting to meet people who care about inner growth.""}, {""speaker"": ""B"", ""message"": ""Totally""}, {""speaker"": ""A"", ""message"": ""Yeah, I\u2019ve been wanting something that feels more intentional than just another meetup.""}, {""speaker"": ""A"", ""message"": ""Honestly I\u2019ve been craving more grounded community lately.""}, {""speaker"": ""A"", ""message"": ""That\u2019s beautiful. I\u2019ve been realizing how much environment affects my practice.""}, {""speaker"": ""A"", ""message"": ""Mostly journaling, breathwork, and trying to be more present.""}, {""speaker"": ""A"", ""message"": ""That makes sense. A lot of social spaces feel pretty surface-level.""}]",703.8,10,3,14,8.4,32,one_sided
C0272,U052,U100,"[{""speaker"": ""A"", ""message"": ""Not really haha""}, {""speaker"": ""B"", ""message"": ""Any plans this weekend?""}, {""speaker"": ""A"", ""message"": ""Same""}, {""speaker"": ""B"", ""message"": ""Same""}, {""speaker"": ""A"", ""message"": ""Love that""}, {""speaker"": ""B"", ""message"": ""Love that""}, {""speaker"": ""A"", ""message"": ""Hey haha""}, {""speaker"": ""B"", ""message"": ""Pretty good""}, {""speaker"": ""A"", ""message"": ""Not really haha""}, {""speaker"": ""B"", ""message"": ""How\u2019s your week going?""}, {""speaker"": ""A"", ""message"": ""Nice""}]",1635.8,6,5,8,2.3,24,shallow
C0273,U027,U148,"[{""speaker"": ""A"", ""message"": ""What kind of practices are helping you lately?""}, {""speaker"": ""B"", ""message"": ""Mostly journaling, breathwork, and trying to be more present.""}, {""speaker"": ""A"", ""message"": ""Same. I think finding aligned community is the hardest part.""}, {""speaker"": ""B"", ""message"": ""Totally""}, {""speaker"": ""A"", ""message"": ""That makes sense. A lot of social spaces feel pretty surface-level.""}, {""speaker"": ""B"", ""message"": ""Yeah, I\u2019ve been wanting something that feels more intentional than just another meetup.""}, {""speaker"": ""A"", ""message"": ""For sure""}, {""speaker"": ""B"", ""message"": ""That\u2019s beautiful. I\u2019ve been realizing how much environment affects my practice.""}, {""speaker"": ""A"", ""message"": ""Mostly journaling, breathwork, and trying to be more present.""}, {""speaker"": ""B"", ""message"": ""Mostly journaling, breathwork, and trying to be more present.""}, {""speaker"": ""A"", ""message"": ""Totally""}]",407.0,6,5,7,7.6,19,ready_for_event
C0274,U118,U071,"[{""speaker"": ""A"", ""message"": ""Are you looking more for events, community, or personal practice right now?""}, {""speaker"": ""B"", ""message"": ""Honestly I\u2019ve been craving more grounded community lately.""}, {""speaker"": ""A"", ""message"": ""I relate to that. It\u2019s easy to practice alone, but harder to stay consistent without support.""}, {""speaker"": ""B"", ""message"": ""Yeah I\u2019ve been feeling that too. It would be nice to meet people in person.""}, {""speaker"": ""A"", ""message"": ""Would you ever want to go to a kirtan together sometime?""}, {""speaker"": ""B"", ""message"": ""Wait that actually sounds amazing.""}, {""speaker"": ""A"", ""message"": ""You should come if you\u2019re free.""}, {""speaker"": ""B"", ""message"": ""I\u2019d definitely be down.""}, {""speaker"": ""A"", ""message"": ""Amazing, I\u2019ll send you the details \ud83d\ude4f""}, {""speaker"": ""B"", ""message"": ""Perfect, thank you :)""}]",89.6,5,5,23,8.8,10,ready_for_event
C0275,U180,U001,"[{""speaker"": ""A"", ""message"": ""Have you been exploring spirituality for a while?""}, {""speaker"": ""B"", ""message"": ""I\u2019m trying to spend less time online and more time in real community.""}, {""speaker"": ""A"", ""message"": ""I\u2019m trying to spend less time online and more time in real community.""}, {""speaker"": ""B"", ""message"": ""That\u2019s beautiful. I\u2019ve been realizing how much environment affects my practice.""}, {""speaker"": ""A"", ""message"": ""That makes sense. A lot of social spaces feel pretty surface-level.""}, {""speaker"": ""B"", ""message"": ""Yeah, I\u2019ve been wanting something that feels more intentional than just another meetup.""}, {""speaker"": ""A"", ""message"": ""Mostly journaling, breathwork, and trying to be more present.""}, {""speaker"": ""B"", ""message"": ""Honestly I\u2019ve been craving more grounded community lately.""}, {""speaker"": ""A"", ""message"": ""I relate to that. It\u2019s easy to practice alone, but harder to stay consistent without support.""}, {""speaker"": ""B"", ""message"": ""For sure""}, {""speaker"": ""A"", ""message"": ""That makes sense. A lot of social spaces feel pretty surface-level.""}, {""speaker"": ""B"", ""message"": ""Totally""}, {""speaker"": ""A"", ""message"": ""Honestly I\u2019ve been craving more grounded community lately.""}, {""speaker"": ""B"", ""message"": ""I got into meditation after feeling pretty burned out last year.""}, {""speaker"": ""A"", ""message"": ""For sure""}, {""speaker"": ""B"", ""message"": ""That\u2019s beautiful. I\u2019ve been realizing how much environment affects my practice.""}, {""speaker"": ""A"", ""message"": ""Makes sense""}, {""speaker"": ""B"", ""message"": ""I\u2019ve been wanting to meet people who care about inner growth.""}]",51.5,9,9,11,8.9,19,ready_for_event
C0276,U147,U060,"[{""speaker"": ""A"", ""message"": ""What brought you to Sangha?""}, {""speaker"": ""B"", ""message"": ""Mostly just exploring right now.""}, {""speaker"": ""A"", ""message"": ""What kind of practices are you into?""}]",1276.0,2,1,8,5.7,44,stalled
C0277,U147,U001,"[{""speaker"": ""A"", ""message"": ""What brought you to Sangha?""}, {""speaker"": ""B"", ""message"": ""I\u2019m trying to spend less time online and more time in real community.""}, {""speaker"": ""A"", ""message"": ""Totally""}, {""speaker"": ""B"", ""message"": ""Mostly journaling, breathwork, and trying to be more present.""}, {""speaker"": ""A"", ""message"": ""I\u2019m trying to spend less time online and more time in real community.""}, {""speaker"": ""B"", ""message"": ""I got into meditation after feeling pretty burned out last year.""}, {""speaker"": ""A"", ""message"": ""I\u2019ve been wanting to meet people who care about inner growth.""}, {""speaker"": ""B"", ""message"": ""Yeah, I\u2019ve been wanting something that feels more intentional than just another meetup.""}, {""speaker"": ""A"", ""message"": ""I\u2019m trying to spend less time online and more time in real community.""}, {""speaker"": ""B"", ""message"": ""For sure""}]",116.8,5,5,4,9.1,13,healthy
C0278,U061,U004,"[{""speaker"": ""A"", ""message"": ""Do you usually go to wellness events?""}, {""speaker"": ""B"", ""message"": ""I feel like I\u2019ve been searching for deeper connection.""}, {""speaker"": ""A"", ""message"": ""I feel like I\u2019ve been searching for deeper connection.""}, {""speaker"": ""B"", ""message"": ""That\u2019s beautiful. I\u2019ve been realizing how much environment affects my practice.""}, {""speaker"": ""A"", ""message"": ""Makes sense""}, {""speaker"": ""B"", ""message"": ""Honestly I\u2019ve been craving more grounded community lately.""}, {""speaker"": ""A"", ""message"": ""Haha same""}, {""speaker"": ""B"", ""message"": ""I\u2019ve been wanting to meet people who care about inner growth.""}, {""speaker"": ""A"", ""message"": ""Makes sense""}]",432.2,5,4,11,6.8,14,healthy
C0279,U110,U013,"[{""speaker"": ""A"", ""message"": ""Hey!""}, {""speaker"": ""B"", ""message"": ""Love that""}, {""speaker"": ""A"", ""message"": ""That\u2019s cool""}, {""speaker"": ""B"", ""message"": ""Busy honestly""}, {""speaker"": ""A"", ""message"": ""Hey!""}, {""speaker"": ""B"", ""message"": ""Love that""}, {""speaker"": ""A"", ""message"": ""Pretty good""}, {""speaker"": ""B"", ""message"": ""Yeah totally""}, {""speaker"": ""A"", ""message"": ""Any plans this weekend?""}, {""speaker"": ""B"", ""message"": ""Hey!""}]",1083.9,5,5,3,1.9,26,stalled
C0280,U055,U154,"[{""speaker"": ""A"", ""message"": ""How\u2019s your week going?""}, {""speaker"": ""B"", ""message"": ""Love that""}, {""speaker"": ""A"", ""message"": ""Hey!""}, {""speaker"": ""B"", ""message"": ""Yeah totally""}, {""speaker"": ""A"", ""message"": ""Not really haha""}, {""speaker"": ""B"", ""message"": ""Not really haha""}, {""speaker"": ""A"", ""message"": ""Love that""}, {""speaker"": ""B"", ""message"": ""Pretty good""}]",1419.3,4,4,3,2.4,5,shallow
C0281,U028,U119,"[{""speaker"": ""A"", ""message"": ""Have you been exploring spirituality for a while?""}, {""speaker"": ""B"", ""message"": ""Yeah, still figuring it out.""}, {""speaker"": ""A"", ""message"": ""Yeah, I\u2019ve been wanting something that feels more intentional than just another meetup.""}, {""speaker"": ""A"", ""message"": ""That\u2019s beautiful. I\u2019ve been realizing how much environment affects my practice.""}, {""speaker"": ""A"", ""message"": ""I got into meditation after feeling pretty burned out last year.""}, {""speaker"": ""A"", ""message"": ""Yeah, I\u2019ve been wanting something that feels more intentional than just another meetup.""}, {""speaker"": ""A"", ""message"": ""That makes sense. A lot of social spaces feel pretty surface-level.""}, {""speaker"": ""A"", ""message"": ""Honestly I\u2019ve been craving more grounded community lately.""}, {""speaker"": ""A"", ""message"": ""I think community makes practice feel more real.""}, {""speaker"": ""A"", ""message"": ""I\u2019m trying to spend less time online and more time in real community.""}, {""speaker"": ""A"", ""message"": ""I\u2019m trying to spend less time online and more time in real community.""}, {""speaker"": ""A"", ""message"": ""Yeah, I\u2019ve been wanting something that feels more intentional than just another meetup.""}]",91.0,11,1,9,10.6,9,one_sided
C0282,U117,U071,"[{""speaker"": ""A"", ""message"": ""Have you been exploring spirituality for a while?""}, {""speaker"": ""B"", ""message"": ""I feel like I\u2019ve been searching for deeper connection.""}, {""speaker"": ""A"", ""message"": ""That\u2019s beautiful. I\u2019ve been realizing how much environment affects my practice.""}, {""speaker"": ""B"", ""message"": ""Totally""}, {""speaker"": ""A"", ""message"": ""Same. I think finding aligned community is the hardest part.""}, {""speaker"": ""B"", ""message"": ""For sure""}, {""speaker"": ""A"", ""message"": ""Yeah, I\u2019ve been wanting something that feels more intentional than just another meetup.""}, {""speaker"": ""B"", ""message"": ""Same. I think finding aligned community is the hardest part.""}, {""speaker"": ""A"", ""message"": ""Makes sense""}, {""speaker"": ""B"", ""message"": ""I feel like I\u2019ve been searching for deeper connection.""}, {""speaker"": ""A"", ""message"": ""Nice""}, {""speaker"": ""B"", ""message"": ""That makes sense. A lot of social spaces feel pretty surface-level.""}, {""speaker"": ""A"", ""message"": ""I\u2019m trying to spend less time online and more time in real community.""}, {""speaker"": ""B"", ""message"": ""I\u2019m trying to spend less time online and more time in real community.""}]",237.5,7,7,6,8.1,1,ready_for_event
C0283,U085,U182,"[{""speaker"": ""A"", ""message"": ""What kind of practices are helping you lately?""}, {""speaker"": ""B"", ""message"": ""Just exploring a bit.""}, {""speaker"": ""A"", ""message"": ""I\u2019ve been wanting to meet more intentional people honestly.""}, {""speaker"": ""A"", ""message"": ""I\u2019ve been wanting to meet people who care about inner growth.""}, {""speaker"": ""A"", ""message"": ""I think community makes practice feel more real.""}, {""speaker"": ""A"", ""message"": ""Mostly journaling, breathwork, and trying to be more present.""}, {""speaker"": ""A"", ""message"": ""That makes sense. A lot of social spaces feel pretty surface-level.""}, {""speaker"": ""A"", ""message"": ""Honestly I\u2019ve been craving more grounded community lately.""}, {""speaker"": ""A"", ""message"": ""I\u2019ve been wanting to meet people who care about inner growth.""}, {""speaker"": ""A"", ""message"": ""I feel like I\u2019ve been searching for deeper connection.""}, {""speaker"": ""B"", ""message"": ""Totally""}]",451.6,9,2,3,8.1,12,one_sided
C0284,U007,U149,"[{""speaker"": ""A"", ""message"": ""Yeah totally""}, {""speaker"": ""B"", ""message"": ""Nice""}, {""speaker"": ""A"", ""message"": ""Pretty good""}, {""speaker"": ""B"", ""message"": ""How\u2019s your week going?""}, {""speaker"": ""A"", ""message"": ""How\u2019s your week going?""}, {""speaker"": ""B"", ""message"": ""Any plans this weekend?""}, {""speaker"": ""A"", ""message"": ""Nice""}, {""speaker"": ""B"", ""message"": ""Pretty good""}]",1774.3,4,4,5,2.5,9,shallow
C0285,U134,U186,"[{""speaker"": ""A"", ""message"": ""Have you been exploring spirituality for a while?""}, {""speaker"": ""B"", ""message"": ""I\u2019ve been wanting to meet people who care about inner growth.""}, {""speaker"": ""A"", ""message"": ""Same. I think finding aligned community is the hardest part.""}, {""speaker"": ""B"", ""message"": ""Yeah I\u2019ve been feeling that too. It would be nice to meet people in person.""}, {""speaker"": ""A"", ""message"": ""There\u2019s actually a sound bath this weekend I was thinking of going to.""}, {""speaker"": ""B"", ""message"": ""Wait that actually sounds amazing.""}, {""speaker"": ""A"", ""message"": ""You should come if you\u2019re free.""}, {""speaker"": ""B"", ""message"": ""I\u2019d definitely be down.""}, {""speaker"": ""A"", ""message"": ""Amazing, I\u2019ll send you the details \ud83d\ude4f""}, {""speaker"": ""B"", ""message"": ""Perfect, thank you :)""}, {""speaker"": ""A"", ""message"": ""I think it could be a nice low-pressure way to meet.""}, {""speaker"": ""B"", ""message"": ""Agreed. I like that it\u2019s centered around practice, not just chatting.""}]",19.7,6,6,17,8.8,9,ready_for_event
C0286,U078,U178,"[{""speaker"": ""A"", ""message"": ""What kind of practices are helping you lately?""}, {""speaker"": ""B"", ""message"": ""Honestly I\u2019ve been craving more grounded community lately.""}, {""speaker"": ""A"", ""message"": ""That\u2019s beautiful. I\u2019ve been realizing how much environment affects my practice.""}, {""speaker"": ""B"", ""message"": ""Yeah I\u2019ve been feeling that too. It would be nice to meet people in person.""}, {""speaker"": ""A"", ""message"": ""Would you ever want to go to a kirtan together sometime?""}, {""speaker"": ""B"", ""message"": ""Wait that actually sounds amazing.""}, {""speaker"": ""A"", ""message"": ""You should come if you\u2019re free.""}, {""speaker"": ""B"", ""message"": ""I\u2019d definitely be down.""}, {""speaker"": ""A"", ""message"": ""Amazing, I\u2019ll send you the details \ud83d\ude4f""}, {""speaker"": ""B"", ""message"": ""Perfect, thank you :)""}, {""speaker"": ""A"", ""message"": ""I think it could be a nice low-pressure way to meet.""}, {""speaker"": ""B"", ""message"": ""Agreed. I like that it\u2019s centered around practice, not just chatting.""}]",104.6,6,6,20,8.4,11,ready_for_event
C0287,U133,U130,"[{""speaker"": ""A"", ""message"": ""What kind of practices are helping you lately?""}, {""speaker"": ""B"", ""message"": ""Trying to get back into meditation.""}, {""speaker"": ""A"", ""message"": ""What kind of practices are you into?""}]",3049.9,2,1,8,7.0,100,stalled
C0288,U076,U141,"[{""speaker"": ""A"", ""message"": ""What kind of practices are helping you lately?""}, {""speaker"": ""B"", ""message"": ""I got into meditation after feeling pretty burned out last year.""}, {""speaker"": ""A"", ""message"": ""For sure""}, {""speaker"": ""B"", ""message"": ""Yeah""}, {""speaker"": ""A"", ""message"": ""Love that""}, {""speaker"": ""B"", ""message"": ""Nice""}, {""speaker"": ""A"", ""message"": ""Love that""}, {""speaker"": ""B"", ""message"": ""Mostly journaling, breathwork, and trying to be more present.""}, {""speaker"": ""A"", ""message"": ""Honestly I\u2019ve been craving more grounded community lately.""}, {""speaker"": ""B"", ""message"": ""Mostly journaling, breathwork, and trying to be more present.""}, {""speaker"": ""A"", ""message"": ""That makes sense. A lot of social spaces feel pretty surface-level.""}, {""speaker"": ""B"", ""message"": ""Makes sense""}, {""speaker"": ""A"", ""message"": ""I\u2019ve been wanting to meet people who care about inner growth.""}, {""speaker"": ""B"", ""message"": ""Cool""}, {""speaker"": ""A"", ""message"": ""Same. I think finding aligned community is the hardest part.""}, {""speaker"": ""B"", ""message"": ""I relate to that. It\u2019s easy to practice alone, but harder to stay consistent without support.""}, {""speaker"": ""A"", ""message"": ""Yeah, I\u2019ve been wanting something that feels more intentional than just another meetup.""}]",416.9,9,8,9,6.9,20,ready_for_event
C0289,U044,U006,"[{""speaker"": ""A"", ""message"": ""Yeah totally""}, {""speaker"": ""B"", ""message"": ""That\u2019s cool""}, {""speaker"": ""A"", ""message"": ""Hey!""}, {""speaker"": ""B"", ""message"": ""Any plans this weekend?""}, {""speaker"": ""A"", ""message"": ""Not really haha""}, {""speaker"": ""B"", ""message"": ""How\u2019s your week going?""}, {""speaker"": ""A"", ""message"": ""Hey!""}, {""speaker"": ""B"", ""message"": ""Love that""}, {""speaker"": ""A"", ""message"": ""Hey haha""}, {""speaker"": ""B"", ""message"": ""Nice""}, {""speaker"": ""A"", ""message"": ""Busy honestly""}]",1087.2,6,5,4,2.2,24,shallow
C0290,U015,U016,"[{""speaker"": ""A"", ""message"": ""Have you been exploring spirituality for a while?""}, {""speaker"": ""B"", ""message"": ""Mostly journaling, breathwork, and trying to be more present.""}, {""speaker"": ""A"", ""message"": ""I\u2019m trying to spend less time online and more time in real community.""}, {""speaker"": ""B"", ""message"": ""I relate to that. It\u2019s easy to practice alone, but harder to stay consistent without support.""}, {""speaker"": ""A"", ""message"": ""That\u2019s beautiful. I\u2019ve been realizing how much environment affects my practice.""}, {""speaker"": ""B"", ""message"": ""That\u2019s beautiful. I\u2019ve been realizing how much environment affects my practice.""}, {""speaker"": ""A"", ""message"": ""Yeah""}, {""speaker"": ""B"", ""message"": ""Yeah""}, {""speaker"": ""A"", ""message"": ""Honestly I\u2019ve been craving more grounded community lately.""}]",432.6,5,4,11,8.7,5,healthy
C0291,U120,U132,"[{""speaker"": ""A"", ""message"": ""Not really haha""}, {""speaker"": ""B"", ""message"": ""How\u2019s your week going?""}, {""speaker"": ""A"", ""message"": ""That\u2019s cool""}, {""speaker"": ""B"", ""message"": ""That\u2019s cool""}, {""speaker"": ""A"", ""message"": ""Not really haha""}, {""speaker"": ""B"", ""message"": ""Love that""}, {""speaker"": ""A"", ""message"": ""That\u2019s cool""}, {""speaker"": ""B"", ""message"": ""Any plans this weekend?""}, {""speaker"": ""A"", ""message"": ""How\u2019s your week going?""}, {""speaker"": ""B"", ""message"": ""Yeah totally""}, {""speaker"": ""A"", ""message"": ""Busy honestly""}, {""speaker"": ""B"", ""message"": ""Nice""}]",1006.3,6,6,4,2.6,25,stalled
C0292,U149,U011,"[{""speaker"": ""A"", ""message"": ""That\u2019s cool""}, {""speaker"": ""B"", ""message"": ""Busy honestly""}, {""speaker"": ""A"", ""message"": ""Pretty good""}, {""speaker"": ""B"", ""message"": ""Same""}, {""speaker"": ""A"", ""message"": ""Same""}, {""speaker"": ""B"", ""message"": ""Hey haha""}, {""speaker"": ""A"", ""message"": ""Same""}, {""speaker"": ""B"", ""message"": ""Not really haha""}, {""speaker"": ""A"", ""message"": ""Not really haha""}]",996.0,5,4,5,1.9,21,shallow
C0293,U090,U088,"[{""speaker"": ""A"", ""message"": ""Have you been exploring spirituality for a while?""}, {""speaker"": ""B"", ""message"": ""I feel like I\u2019ve been searching for deeper connection.""}, {""speaker"": ""A"", ""message"": ""Mostly journaling, breathwork, and trying to be more present.""}, {""speaker"": ""B"", ""message"": ""Mostly journaling, breathwork, and trying to be more present.""}, {""speaker"": ""A"", ""message"": ""Yeah, I\u2019ve been wanting something that feels more intentional than just another meetup.""}, {""speaker"": ""B"", ""message"": ""I feel like I\u2019ve been searching for deeper connection.""}, {""speaker"": ""A"", ""message"": ""Same. I think finding aligned community is the hardest part.""}, {""speaker"": ""B"", ""message"": ""Honestly I\u2019ve been craving more grounded community lately.""}, {""speaker"": ""A"", ""message"": ""Totally""}, {""speaker"": ""B"", ""message"": ""I\u2019ve been wanting to meet people who care about inner growth.""}, {""speaker"": ""A"", ""message"": ""That\u2019s beautiful. I\u2019ve been realizing how much environment affects my practice.""}, {""speaker"": ""B"", ""message"": ""Love that""}, {""speaker"": ""A"", ""message"": ""Mostly journaling, breathwork, and trying to be more present.""}]",72.0,7,6,6,8.4,20,ready_for_event
C0294,U058,U012,"[{""speaker"": ""A"", ""message"": ""Do you usually go to wellness events?""}, {""speaker"": ""B"", ""message"": ""Mostly just exploring right now.""}, {""speaker"": ""A"", ""message"": ""Sorry just saw this.""}, {""speaker"": ""B"", ""message"": ""I\u2019ve had a busy week.""}, {""speaker"": ""A"", ""message"": ""I\u2019ve had a busy week.""}, {""speaker"": ""B"", ""message"": ""What kind of practices are you into?""}]",1567.8,3,3,8,5.5,60,stalled
C0295,U040,U035,"[{""speaker"": ""A"", ""message"": ""Yeah totally""}, {""speaker"": ""B"", ""message"": ""Same""}, {""speaker"": ""A"", ""message"": ""Yeah totally""}, {""speaker"": ""B"", ""message"": ""Not really haha""}, {""speaker"": ""A"", ""message"": ""Same""}, {""speaker"": ""B"", ""message"": ""Love that""}, {""speaker"": ""A"", ""message"": ""Same""}, {""speaker"": ""B"", ""message"": ""How\u2019s your week going?""}, {""speaker"": ""A"", ""message"": ""Busy honestly""}, {""speaker"": ""B"", ""message"": ""Nice""}, {""speaker"": ""A"", ""message"": ""Same""}]",2500.6,6,5,5,1.8,26,stalled
C0296,U100,U142,"[{""speaker"": ""A"", ""message"": ""Do you usually go to wellness events?""}, {""speaker"": ""B"", ""message"": ""I\u2019m trying to spend less time online and more time in real community.""}, {""speaker"": ""A"", ""message"": ""That makes sense. A lot of social spaces feel pretty surface-level.""}, {""speaker"": ""B"", ""message"": ""Yeah I\u2019ve been feeling that too. It would be nice to meet people in person.""}, {""speaker"": ""A"", ""message"": ""There\u2019s a community yoga and tea gathering this weekend.""}, {""speaker"": ""B"", ""message"": ""Wait that actually sounds amazing.""}, {""speaker"": ""A"", ""message"": ""You should come if you\u2019re free.""}, {""speaker"": ""B"", ""message"": ""I\u2019d definitely be down.""}, {""speaker"": ""A"", ""message"": ""Amazing, I\u2019ll send you the details \ud83d\ude4f""}, {""speaker"": ""B"", ""message"": ""Perfect, thank you :)""}]",64.7,5,5,21,8.1,2,ready_for_event
C0297,U099,U195,"[{""speaker"": ""A"", ""message"": ""What brought you to Sangha?""}, {""speaker"": ""B"", ""message"": ""I got into meditation after feeling pretty burned out last year.""}, {""speaker"": ""A"", ""message"": ""I got into meditation after feeling pretty burned out last year.""}, {""speaker"": ""B"", ""message"": ""Mostly journaling, breathwork, and trying to be more present.""}, {""speaker"": ""A"", ""message"": ""I relate to that. It\u2019s easy to practice alone, but harder to stay consistent without support.""}, {""speaker"": ""B"", ""message"": ""Cool""}, {""speaker"": ""A"", ""message"": ""That\u2019s beautiful. I\u2019ve been realizing how much environment affects my practice.""}, {""speaker"": ""B"", ""message"": ""That\u2019s beautiful. I\u2019ve been realizing how much environment affects my practice.""}, {""speaker"": ""A"", ""message"": ""Cool""}, {""speaker"": ""B"", ""message"": ""I relate to that. It\u2019s easy to practice alone, but harder to stay consistent without support.""}, {""speaker"": ""A"", ""message"": ""Love that""}, {""speaker"": ""B"", ""message"": ""That\u2019s beautiful. I\u2019ve been realizing how much environment affects my practice.""}, {""speaker"": ""A"", ""message"": ""That\u2019s beautiful. I\u2019ve been realizing how much environment affects my practice.""}, {""speaker"": ""B"", ""message"": ""Haha same""}, {""speaker"": ""A"", ""message"": ""Yeah""}]",421.9,8,7,10,7.9,15,ready_for_event
C0298,U106,U082,"[{""speaker"": ""A"", ""message"": ""What kind of practices are helping you lately?""}, {""speaker"": ""B"", ""message"": ""I feel like I\u2019ve been searching for deeper connection.""}, {""speaker"": ""A"", ""message"": ""That makes sense. A lot of social spaces feel pretty surface-level.""}, {""speaker"": ""B"", ""message"": ""Yeah I\u2019ve been feeling that too. It would be nice to meet people in person.""}, {""speaker"": ""A"", ""message"": ""I saw a breathwork class nearby that feels pretty aligned.""}, {""speaker"": ""B"", ""message"": ""Wait that actually sounds amazing.""}, {""speaker"": ""A"", ""message"": ""You should come if you\u2019re free.""}, {""speaker"": ""B"", ""message"": ""I\u2019d definitely be down.""}, {""speaker"": ""A"", ""message"": ""Amazing, I\u2019ll send you the details \ud83d\ude4f""}, {""speaker"": ""B"", ""message"": ""Perfect, thank you :)""}]",9.7,5,5,11,7.9,8,ready_for_event
C0299,U181,U041,"[{""speaker"": ""A"", ""message"": ""Have you been exploring spirituality for a while?""}, {""speaker"": ""B"", ""message"": ""I\u2019ve been wanting to meet people who care about inner growth.""}, {""speaker"": ""A"", ""message"": ""Love that""}, {""speaker"": ""B"", ""message"": ""Haha same""}, {""speaker"": ""A"", ""message"": ""I relate to that. It\u2019s easy to practice alone, but harder to stay consistent without support.""}, {""speaker"": ""B"", ""message"": ""For sure""}, {""speaker"": ""A"", ""message"": ""Love that""}, {""speaker"": ""B"", ""message"": ""I\u2019ve been wanting to meet people who care about inner growth.""}, {""speaker"": ""A"", ""message"": ""For sure""}, {""speaker"": ""B"", ""message"": ""I\u2019m trying to spend less time online and more time in real community.""}, {""speaker"": ""A"", ""message"": ""Haha same""}]",123.0,6,5,7,6.5,12,healthy
C0300,U085,U123,"[{""speaker"": ""A"", ""message"": ""What brought you to Sangha?""}, {""speaker"": ""B"", ""message"": ""Mostly just exploring right now.""}, {""speaker"": ""A"", ""message"": ""Yeah I relate to that.""}, {""speaker"": ""B"", ""message"": ""That makes sense.""}]",2125.2,2,2,9,4.5,105,stalled
C0301,U016,U063,"[{""speaker"": ""A"", ""message"": ""Are you looking more for events, community, or personal practice right now?""}, {""speaker"": ""B"", ""message"": ""Honestly I\u2019ve been craving more grounded community lately.""}, {""speaker"": ""A"", ""message"": ""That makes sense. A lot of social spaces feel pretty surface-level.""}, {""speaker"": ""B"", ""message"": ""Yeah I\u2019ve been feeling that too. It would be nice to meet people in person.""}, {""speaker"": ""A"", ""message"": ""I saw a breathwork class nearby that feels pretty aligned.""}, {""speaker"": ""B"", ""message"": ""Wait that actually sounds amazing.""}, {""speaker"": ""A"", ""message"": ""You should come if you\u2019re free.""}, {""speaker"": ""B"", ""message"": ""I\u2019d definitely be down.""}, {""speaker"": ""A"", ""message"": ""Amazing, I\u2019ll send you the details \ud83d\ude4f""}, {""speaker"": ""B"", ""message"": ""Perfect, thank you :)""}, {""speaker"": ""A"", ""message"": ""I think it could be a nice low-pressure way to meet.""}, {""speaker"": ""B"", ""message"": ""Agreed. I like that it\u2019s centered around practice, not just chatting.""}]",37.7,6,6,10,8.7,1,ready_for_event
C0302,U015,U063,"[{""speaker"": ""A"", ""message"": ""How\u2019s your week going?""}, {""speaker"": ""B"", ""message"": ""Pretty good""}, {""speaker"": ""A"", ""message"": ""Yeah totally""}, {""speaker"": ""B"", ""message"": ""Hey haha""}, {""speaker"": ""A"", ""message"": ""That\u2019s cool""}, {""speaker"": ""B"", ""message"": ""Nice""}, {""speaker"": ""A"", ""message"": ""Any plans this weekend?""}, {""speaker"": ""B"", ""message"": ""That\u2019s cool""}, {""speaker"": ""A"", ""message"": ""Love that""}]",1883.8,5,4,1,2.3,8,shallow
C0303,U045,U127,"[{""speaker"": ""A"", ""message"": ""Do you usually go to wellness events?""}, {""speaker"": ""B"", ""message"": ""Honestly I\u2019ve been craving more grounded community lately.""}, {""speaker"": ""A"", ""message"": ""Mostly journaling, breathwork, and trying to be more present.""}, {""speaker"": ""B"", ""message"": ""Yeah, I\u2019ve been wanting something that feels more intentional than just another meetup.""}, {""speaker"": ""A"", ""message"": ""Yeah""}, {""speaker"": ""B"", ""message"": ""I got into meditation after feeling pretty burned out last year.""}, {""speaker"": ""A"", ""message"": ""Love that""}, {""speaker"": ""B"", ""message"": ""I\u2019m trying to spend less time online and more time in real community.""}, {""speaker"": ""A"", ""message"": ""Totally""}]",133.4,5,4,10,7.2,8,ready_for_event
C0304,U076,U150,"[{""speaker"": ""A"", ""message"": ""Do you usually go to wellness events?""}, {""speaker"": ""B"", ""message"": ""I\u2019ve been wanting more community honestly.""}, {""speaker"": ""A"", ""message"": ""Yeah I relate to that.""}]",3570.6,2,1,7,6.0,106,stalled
C0305,U169,U099,"[{""speaker"": ""A"", ""message"": ""What kind of practices are helping you lately?""}, {""speaker"": ""B"", ""message"": ""I\u2019m trying to spend less time online and more time in real community.""}, {""speaker"": ""A"", ""message"": ""I got into meditation after feeling pretty burned out last year.""}, {""speaker"": ""B"", ""message"": ""For sure""}, {""speaker"": ""A"", ""message"": ""Makes sense""}, {""speaker"": ""B"", ""message"": ""I got into meditation after feeling pretty burned out last year.""}, {""speaker"": ""A"", ""message"": ""Nice""}, {""speaker"": ""B"", ""message"": ""Totally""}]",118.8,4,4,10,6.1,14,healthy
C0306,U063,U140,"[{""speaker"": ""A"", ""message"": ""Do you usually go to wellness events?""}, {""speaker"": ""B"", ""message"": ""I\u2019ve been wanting more community honestly.""}, {""speaker"": ""A"", ""message"": ""What kind of practices are you into?""}, {""speaker"": ""B"", ""message"": ""I\u2019ve had a busy week.""}, {""speaker"": ""A"", ""message"": ""What kind of practices are you into?""}, {""speaker"": ""B"", ""message"": ""Sorry just saw this.""}, {""speaker"": ""A"", ""message"": ""What kind of practices are you into?""}]",3933.2,4,3,7,6.1,45,stalled
C0307,U177,U051,"[{""speaker"": ""A"", ""message"": ""What brought you to Sangha?""}, {""speaker"": ""B"", ""message"": ""I\u2019m trying to spend less time online and more time in real community.""}, {""speaker"": ""A"", ""message"": ""Totally""}, {""speaker"": ""B"", ""message"": ""Makes sense""}, {""speaker"": ""A"", ""message"": ""Yeah, I\u2019ve been wanting something that feels more intentional than just another meetup.""}, {""speaker"": ""B"", ""message"": ""Haha same""}, {""speaker"": ""A"", ""message"": ""Love that""}, {""speaker"": ""B"", ""message"": ""That makes sense. A lot of social spaces feel pretty surface-level.""}, {""speaker"": ""A"", ""message"": ""Haha same""}, {""speaker"": ""B"", ""message"": ""I\u2019ve been wanting to meet people who care about inner growth.""}, {""speaker"": ""A"", ""message"": ""Honestly I\u2019ve been craving more grounded community lately.""}, {""speaker"": ""B"", ""message"": ""I\u2019m trying to spend less time online and more time in real community.""}, {""speaker"": ""A"", ""message"": ""Cool""}, {""speaker"": ""B"", ""message"": ""I feel like I\u2019ve been searching for deeper connection.""}, {""speaker"": ""A"", ""message"": ""Yeah, I\u2019ve been wanting something that feels more intentional than just another meetup.""}]",135.0,8,7,7,7.1,17,ready_for_event
C0308,U163,U176,"[{""speaker"": ""A"", ""message"": ""Are you looking more for events, community, or personal practice right now?""}, {""speaker"": ""B"", ""message"": ""Trying to get back into meditation.""}, {""speaker"": ""A"", ""message"": ""Sorry just saw this.""}, {""speaker"": ""B"", ""message"": ""Sorry just saw this.""}, {""speaker"": ""A"", ""message"": ""Yeah I relate to that.""}, {""speaker"": ""B"", ""message"": ""Sorry just saw this.""}, {""speaker"": ""A"", ""message"": ""That makes sense.""}]",3432.9,4,3,7,5.4,144,stalled
C0309,U154,U153,"[{""speaker"": ""A"", ""message"": ""Are you looking more for events, community, or personal practice right now?""}, {""speaker"": ""B"", ""message"": ""Honestly I\u2019ve been craving more grounded community lately.""}, {""speaker"": ""A"", ""message"": ""I got into meditation after feeling pretty burned out last year.""}, {""speaker"": ""B"", ""message"": ""Same. I think finding aligned community is the hardest part.""}, {""speaker"": ""A"", ""message"": ""I got into meditation after feeling pretty burned out last year.""}, {""speaker"": ""B"", ""message"": ""Cool""}, {""speaker"": ""A"", ""message"": ""Makes sense""}, {""speaker"": ""B"", ""message"": ""I\u2019ve been wanting to meet people who care about inner growth.""}, {""speaker"": ""A"", ""message"": ""Same. I think finding aligned community is the hardest part.""}]",22.5,5,4,8,8.4,19,ready_for_event
C0310,U009,U189,"[{""speaker"": ""A"", ""message"": ""Are you looking more for events, community, or personal practice right now?""}, {""speaker"": ""B"", ""message"": ""I\u2019m trying to spend less time online and more time in real community.""}, {""speaker"": ""A"", ""message"": ""Makes sense""}, {""speaker"": ""B"", ""message"": ""I feel like I\u2019ve been searching for deeper connection.""}, {""speaker"": ""A"", ""message"": ""Yeah""}, {""speaker"": ""B"", ""message"": ""I\u2019m trying to spend less time online and more time in real community.""}, {""speaker"": ""A"", ""message"": ""I\u2019m trying to spend less time online and more time in real community.""}, {""speaker"": ""B"", ""message"": ""That\u2019s beautiful. I\u2019ve been realizing how much environment affects my practice.""}, {""speaker"": ""A"", ""message"": ""Makes sense""}, {""speaker"": ""B"", ""message"": ""Mostly journaling, breathwork, and trying to be more present.""}, {""speaker"": ""A"", ""message"": ""Yeah""}, {""speaker"": ""B"", ""message"": ""Totally""}, {""speaker"": ""A"", ""message"": ""Makes sense""}, {""speaker"": ""B"", ""message"": ""For sure""}, {""speaker"": ""A"", ""message"": ""I\u2019ve been wanting to meet people who care about inner growth.""}, {""speaker"": ""B"", ""message"": ""Same. I think finding aligned community is the hardest part.""}, {""speaker"": ""A"", ""message"": ""Cool""}]",457.1,9,8,2,6.6,12,healthy
C0311,U171,U011,"[{""speaker"": ""A"", ""message"": ""Same""}, {""speaker"": ""B"", ""message"": ""That\u2019s cool""}, {""speaker"": ""A"", ""message"": ""Pretty good""}, {""speaker"": ""B"", ""message"": ""Any plans this weekend?""}, {""speaker"": ""A"", ""message"": ""Love that""}, {""speaker"": ""B"", ""message"": ""That\u2019s cool""}, {""speaker"": ""A"", ""message"": ""Busy honestly""}, {""speaker"": ""B"", ""message"": ""Nice""}, {""speaker"": ""A"", ""message"": ""Yeah totally""}, {""speaker"": ""B"", ""message"": ""Hey haha""}, {""speaker"": ""A"", ""message"": ""Hey!""}, {""speaker"": ""B"", ""message"": ""That\u2019s cool""}]",1867.7,6,6,1,1.9,23,shallow
C0312,U065,U092,"[{""speaker"": ""A"", ""message"": ""Hey!""}, {""speaker"": ""B"", ""message"": ""Hey!""}, {""speaker"": ""A"", ""message"": ""Yeah totally""}, {""speaker"": ""B"", ""message"": ""Love that""}, {""speaker"": ""A"", ""message"": ""How\u2019s your week going?""}, {""speaker"": ""B"", ""message"": ""Hey!""}]",2026.8,3,3,6,1.8,5,shallow
C0313,U083,U073,"[{""speaker"": ""A"", ""message"": ""What kind of practices are helping you lately?""}, {""speaker"": ""B"", ""message"": ""Yeah, still figuring it out.""}, {""speaker"": ""A"", ""message"": ""Yeah, I\u2019ve been wanting something that feels more intentional than just another meetup.""}, {""speaker"": ""A"", ""message"": ""Same. I think finding aligned community is the hardest part.""}, {""speaker"": ""A"", ""message"": ""I think community makes practice feel more real.""}, {""speaker"": ""B"", ""message"": ""Totally""}, {""speaker"": ""A"", ""message"": ""I got into meditation after feeling pretty burned out last year.""}, {""speaker"": ""A"", ""message"": ""Do you usually go to things like this?""}, {""speaker"": ""A"", ""message"": ""Honestly I\u2019ve been craving more grounded community lately.""}, {""speaker"": ""A"", ""message"": ""Mostly journaling, breathwork, and trying to be more present.""}, {""speaker"": ""A"", ""message"": ""Same. I think finding aligned community is the hardest part.""}]",452.0,9,2,7,8.3,16,one_sided
C0314,U022,U004,"[{""speaker"": ""B"", ""message"": ""Have you been exploring spirituality for a while?""}, {""speaker"": ""A"", ""message"": ""Mostly curious.""}, {""speaker"": ""B"", ""message"": ""Yeah, I\u2019ve been wanting something that feels more intentional than just another meetup.""}, {""speaker"": ""B"", ""message"": ""I\u2019ve been wanting to meet people who care about inner growth.""}, {""speaker"": ""B"", ""message"": ""I feel like I\u2019ve been searching for deeper connection.""}, {""speaker"": ""B"", ""message"": ""That\u2019s beautiful. I\u2019ve been realizing how much environment affects my practice.""}, {""speaker"": ""B"", ""message"": ""I feel like I\u2019ve been searching for deeper connection.""}, {""speaker"": ""B"", ""message"": ""Do you usually go to things like this?""}, {""speaker"": ""B"", ""message"": ""I feel like I\u2019ve been searching for deeper connection.""}, {""speaker"": ""B"", ""message"": ""I\u2019m trying to spend less time online and more time in real community.""}]",646.3,1,9,2,9.3,19,one_sided
C0315,U046,U003,"[{""speaker"": ""A"", ""message"": ""Are you looking more for events, community, or personal practice right now?""}, {""speaker"": ""B"", ""message"": ""I\u2019m trying to spend less time online and more time in real community.""}, {""speaker"": ""A"", ""message"": ""Love that""}, {""speaker"": ""B"", ""message"": ""I\u2019m trying to spend less time online and more time in real community.""}, {""speaker"": ""A"", ""message"": ""Yeah""}, {""speaker"": ""B"", ""message"": ""Makes sense""}, {""speaker"": ""A"", ""message"": ""Same. I think finding aligned community is the hardest part.""}, {""speaker"": ""B"", ""message"": ""I\u2019ve been wanting to meet people who care about inner growth.""}, {""speaker"": ""A"", ""message"": ""That makes sense. A lot of social spaces feel pretty surface-level.""}, {""speaker"": ""B"", ""message"": ""I feel like I\u2019ve been searching for deeper connection.""}]",268.2,5,5,2,8.4,7,healthy
C0316,U187,U022,"[{""speaker"": ""A"", ""message"": ""Have you been exploring spirituality for a while?""}, {""speaker"": ""B"", ""message"": ""Mostly journaling, breathwork, and trying to be more present.""}, {""speaker"": ""A"", ""message"": ""Mostly journaling, breathwork, and trying to be more present.""}, {""speaker"": ""B"", ""message"": ""I got into meditation after feeling pretty burned out last year.""}, {""speaker"": ""A"", ""message"": ""Nice""}, {""speaker"": ""B"", ""message"": ""Nice""}, {""speaker"": ""A"", ""message"": ""Nice""}, {""speaker"": ""B"", ""message"": ""I\u2019m trying to spend less time online and more time in real community.""}, {""speaker"": ""A"", ""message"": ""I feel like I\u2019ve been searching for deeper connection.""}, {""speaker"": ""B"", ""message"": ""Nice""}, {""speaker"": ""A"", ""message"": ""That\u2019s beautiful. I\u2019ve been realizing how much environment affects my practice.""}, {""speaker"": ""B"", ""message"": ""Mostly journaling, breathwork, and trying to be more present.""}, {""speaker"": ""A"", ""message"": ""Mostly journaling, breathwork, and trying to be more present.""}, {""speaker"": ""B"", ""message"": ""For sure""}, {""speaker"": ""A"", ""message"": ""That makes sense. A lot of social spaces feel pretty surface-level.""}, {""speaker"": ""B"", ""message"": ""Honestly I\u2019ve been craving more grounded community lately.""}, {""speaker"": ""A"", ""message"": ""I got into meditation after feeling pretty burned out last year.""}]",207.0,9,8,12,7.3,1,ready_for_event
C0317,U075,U045,"[{""speaker"": ""A"", ""message"": ""Do you usually go to wellness events?""}, {""speaker"": ""B"", ""message"": ""I feel like I\u2019ve been searching for deeper connection.""}, {""speaker"": ""A"", ""message"": ""Nice""}, {""speaker"": ""B"", ""message"": ""Love that""}, {""speaker"": ""A"", ""message"": ""Nice""}, {""speaker"": ""B"", ""message"": ""Honestly I\u2019ve been craving more grounded community lately.""}, {""speaker"": ""A"", ""message"": ""Yeah""}, {""speaker"": ""B"", ""message"": ""I\u2019m trying to spend less time online and more time in real community.""}, {""speaker"": ""A"", ""message"": ""Yeah, I\u2019ve been wanting something that feels more intentional than just another meetup.""}, {""speaker"": ""B"", ""message"": ""I\u2019m trying to spend less time online and more time in real community.""}, {""speaker"": ""A"", ""message"": ""I feel like I\u2019ve been searching for deeper connection.""}, {""speaker"": ""B"", ""message"": ""I feel like I\u2019ve been searching for deeper connection.""}, {""speaker"": ""A"", ""message"": ""I relate to that. It\u2019s easy to practice alone, but harder to stay consistent without support.""}, {""speaker"": ""B"", ""message"": ""That makes sense. A lot of social spaces feel pretty surface-level.""}, {""speaker"": ""A"", ""message"": ""Cool""}, {""speaker"": ""B"", ""message"": ""That makes sense. A lot of social spaces feel pretty surface-level.""}, {""speaker"": ""A"", ""message"": ""For sure""}]",274.0,9,8,7,7.5,7,ready_for_event
C0318,U043,U106,"[{""speaker"": ""A"", ""message"": ""What brought you to Sangha?""}, {""speaker"": ""B"", ""message"": ""Mostly just exploring right now.""}, {""speaker"": ""A"", ""message"": ""Sorry just saw this.""}]",3354.9,2,1,2,4.7,158,stalled
C0319,U117,U051,"[{""speaker"": ""A"", ""message"": ""Busy honestly""}, {""speaker"": ""B"", ""message"": ""Busy honestly""}, {""speaker"": ""A"", ""message"": ""Love that""}, {""speaker"": ""B"", ""message"": ""Hey haha""}, {""speaker"": ""A"", ""message"": ""Any plans this weekend?""}, {""speaker"": ""B"", ""message"": ""How\u2019s your week going?""}, {""speaker"": ""A"", ""message"": ""Hey haha""}, {""speaker"": ""B"", ""message"": ""Nice""}, {""speaker"": ""A"", ""message"": ""Love that""}, {""speaker"": ""B"", ""message"": ""Nice""}]",1457.7,5,5,2,2.2,5,shallow
C0320,U039,U127,"[{""speaker"": ""A"", ""message"": ""Do you usually go to wellness events?""}, {""speaker"": ""B"", ""message"": ""I got into meditation after feeling pretty burned out last year.""}, {""speaker"": ""A"", ""message"": ""Same. I think finding aligned community is the hardest part.""}, {""speaker"": ""B"", ""message"": ""Yeah I\u2019ve been feeling that too. It would be nice to meet people in person.""}, {""speaker"": ""A"", ""message"": ""Would you ever want to go to a kirtan together sometime?""}, {""speaker"": ""B"", ""message"": ""Wait that actually sounds amazing.""}, {""speaker"": ""A"", ""message"": ""You should come if you\u2019re free.""}, {""speaker"": ""B"", ""message"": ""I\u2019d definitely be down.""}, {""speaker"": ""A"", ""message"": ""Amazing, I\u2019ll send you the details \ud83d\ude4f""}, {""speaker"": ""B"", ""message"": ""Perfect, thank you :)""}, {""speaker"": ""A"", ""message"": ""I think it could be a nice low-pressure way to meet.""}, {""speaker"": ""B"", ""message"": ""Agreed. I like that it\u2019s centered around practice, not just chatting.""}]",15.2,6,6,18,8.5,10,ready_for_event
C0321,U002,U065,"[{""speaker"": ""A"", ""message"": ""What brought you to Sangha?""}, {""speaker"": ""B"", ""message"": ""Mostly journaling, breathwork, and trying to be more present.""}, {""speaker"": ""A"", ""message"": ""That\u2019s beautiful. I\u2019ve been realizing how much environment affects my practice.""}, {""speaker"": ""B"", ""message"": ""Yeah I\u2019ve been feeling that too. It would be nice to meet people in person.""}, {""speaker"": ""A"", ""message"": ""There\u2019s a community yoga and tea gathering this weekend.""}, {""speaker"": ""B"", ""message"": ""Wait that actually sounds amazing.""}, {""speaker"": ""A"", ""message"": ""You should come if you\u2019re free.""}, {""speaker"": ""B"", ""message"": ""I\u2019d definitely be down.""}, {""speaker"": ""A"", ""message"": ""Amazing, I\u2019ll send you the details \ud83d\ude4f""}, {""speaker"": ""B"", ""message"": ""Perfect, thank you :)""}, {""speaker"": ""A"", ""message"": ""I think it could be a nice low-pressure way to meet.""}, {""speaker"": ""B"", ""message"": ""Agreed. I like that it\u2019s centered around practice, not just chatting.""}]",66.4,6,6,6,8.1,2,ready_for_event
C0322,U012,U155,"[{""speaker"": ""A"", ""message"": ""Do you usually go to wellness events?""}, {""speaker"": ""B"", ""message"": ""I feel like I\u2019ve been searching for deeper connection.""}, {""speaker"": ""A"", ""message"": ""For sure""}, {""speaker"": ""B"", ""message"": ""I feel like I\u2019ve been searching for deeper connection.""}, {""speaker"": ""A"", ""message"": ""Love that""}, {""speaker"": ""B"", ""message"": ""Totally""}, {""speaker"": ""A"", ""message"": ""Cool""}, {""speaker"": ""B"", ""message"": ""I relate to that. It\u2019s easy to practice alone, but harder to stay consistent without support.""}, {""speaker"": ""A"", ""message"": ""Totally""}, {""speaker"": ""B"", ""message"": ""Nice""}]",323.4,5,5,9,4.9,12,ready_for_event
C0323,U003,U106,"[{""speaker"": ""A"", ""message"": ""What kind of practices are helping you lately?""}, {""speaker"": ""B"", ""message"": ""Mostly just exploring right now.""}, {""speaker"": ""A"", ""message"": ""Yeah I relate to that.""}]",2048.8,2,1,10,6.0,28,stalled
C0324,U135,U067,"[{""speaker"": ""A"", ""message"": ""What kind of practices are helping you lately?""}, {""speaker"": ""B"", ""message"": ""Honestly I\u2019ve been craving more grounded community lately.""}, {""speaker"": ""A"", ""message"": ""Yeah, I\u2019ve been wanting something that feels more intentional than just another meetup.""}, {""speaker"": ""B"", ""message"": ""Yeah I\u2019ve been feeling that too. It would be nice to meet people in person.""}, {""speaker"": ""A"", ""message"": ""There\u2019s actually a sound bath this weekend I was thinking of going to.""}, {""speaker"": ""B"", ""message"": ""Wait that actually sounds amazing.""}, {""speaker"": ""A"", ""message"": ""You should come if you\u2019re free.""}, {""speaker"": ""B"", ""message"": ""I\u2019d definitely be down.""}, {""speaker"": ""A"", ""message"": ""Amazing, I\u2019ll send you the details \ud83d\ude4f""}, {""speaker"": ""B"", ""message"": ""Perfect, thank you :)""}, {""speaker"": ""A"", ""message"": ""I think it could be a nice low-pressure way to meet.""}, {""speaker"": ""B"", ""message"": ""Agreed. I like that it\u2019s centered around practice, not just chatting.""}]",27.4,6,6,24,8.8,11,ready_for_event
C0325,U198,U071,"[{""speaker"": ""A"", ""message"": ""Have you been exploring spirituality for a while?""}, {""speaker"": ""B"", ""message"": ""I\u2019m trying to spend less time online and more time in real community.""}, {""speaker"": ""A"", ""message"": ""Yeah, I\u2019ve been wanting something that feels more intentional than just another meetup.""}, {""speaker"": ""B"", ""message"": ""Yeah I\u2019ve been feeling that too. It would be nice to meet people in person.""}, {""speaker"": ""A"", ""message"": ""There\u2019s actually a sound bath this weekend I was thinking of going to.""}, {""speaker"": ""B"", ""message"": ""Wait that actually sounds amazing.""}, {""speaker"": ""A"", ""message"": ""You should come if you\u2019re free.""}, {""speaker"": ""B"", ""message"": ""I\u2019d definitely be down.""}, {""speaker"": ""A"", ""message"": ""Amazing, I\u2019ll send you the details \ud83d\ude4f""}, {""speaker"": ""B"", ""message"": ""Perfect, thank you :)""}]",115.1,5,5,20,8.8,10,ready_for_event
C0326,U057,U125,"[{""speaker"": ""A"", ""message"": ""What kind of practices are helping you lately?""}, {""speaker"": ""B"", ""message"": ""I\u2019ve been wanting to meet people who care about inner growth.""}, {""speaker"": ""A"", ""message"": ""Love that""}, {""speaker"": ""B"", ""message"": ""I relate to that. It\u2019s easy to practice alone, but harder to stay consistent without support.""}, {""speaker"": ""A"", ""message"": ""Honestly I\u2019ve been craving more grounded community lately.""}, {""speaker"": ""B"", ""message"": ""Honestly I\u2019ve been craving more grounded community lately.""}, {""speaker"": ""A"", ""message"": ""That\u2019s beautiful. I\u2019ve been realizing how much environment affects my practice.""}, {""speaker"": ""B"", ""message"": ""I feel like I\u2019ve been searching for deeper connection.""}, {""speaker"": ""A"", ""message"": ""Nice""}, {""speaker"": ""B"", ""message"": ""Haha same""}, {""speaker"": ""A"", ""message"": ""Nice""}, {""speaker"": ""B"", ""message"": ""I feel like I\u2019ve been searching for deeper connection.""}, {""speaker"": ""A"", ""message"": ""Love that""}, {""speaker"": ""B"", ""message"": ""Yeah""}, {""speaker"": ""A"", ""message"": ""That\u2019s beautiful. I\u2019ve been realizing how much environment affects my practice.""}, {""speaker"": ""B"", ""message"": ""Love that""}, {""speaker"": ""A"", ""message"": ""Same. I think finding aligned community is the hardest part.""}, {""speaker"": ""B"", ""message"": ""I\u2019ve been wanting to meet people who care about inner growth.""}]",274.7,9,9,5,6.8,6,ready_for_event
C0327,U015,U185,"[{""speaker"": ""B"", ""message"": ""What kind of practices are helping you lately?""}, {""speaker"": ""A"", ""message"": ""Yeah, still figuring it out.""}, {""speaker"": ""B"", ""message"": ""Same. I think finding aligned community is the hardest part.""}, {""speaker"": ""B"", ""message"": ""I got into meditation after feeling pretty burned out last year.""}, {""speaker"": ""A"", ""message"": ""Totally""}, {""speaker"": ""B"", ""message"": ""I feel like I\u2019ve been searching for deeper connection.""}, {""speaker"": ""B"", ""message"": ""I think community makes practice feel more real.""}, {""speaker"": ""A"", ""message"": ""Totally""}, {""speaker"": ""B"", ""message"": ""Same. I think finding aligned community is the hardest part.""}, {""speaker"": ""B"", ""message"": ""Most of my friends aren\u2019t really into this kind of stuff.""}, {""speaker"": ""B"", ""message"": ""Same. I think finding aligned community is the hardest part.""}, {""speaker"": ""B"", ""message"": ""I relate to that. It\u2019s easy to practice alone, but harder to stay consistent without support.""}, {""speaker"": ""B"", ""message"": ""I think community makes practice feel more real.""}, {""speaker"": ""B"", ""message"": ""I relate to that. It\u2019s easy to practice alone, but harder to stay consistent without support.""}, {""speaker"": ""B"", ""message"": ""Honestly I\u2019ve been craving more grounded community lately.""}, {""speaker"": ""B"", ""message"": ""Most of my friends aren\u2019t really into this kind of stuff.""}, {""speaker"": ""B"", ""message"": ""I think community makes practice feel more real.""}]",201.7,3,14,6,8.9,35,one_sided
C0328,U028,U098,"[{""speaker"": ""A"", ""message"": ""What brought you to Sangha?""}, {""speaker"": ""B"", ""message"": ""I\u2019ve been wanting more community honestly.""}, {""speaker"": ""A"", ""message"": ""Sorry just saw this.""}, {""speaker"": ""B"", ""message"": ""What kind of practices are you into?""}]",1616.1,2,2,9,5.5,145,stalled
C0329,U017,U044,"[{""speaker"": ""B"", ""message"": ""What brought you to Sangha?""}, {""speaker"": ""A"", ""message"": ""Just exploring a bit.""}, {""speaker"": ""B"", ""message"": ""That\u2019s beautiful. I\u2019ve been realizing how much environment affects my practice.""}, {""speaker"": ""A"", ""message"": ""Totally""}, {""speaker"": ""B"", ""message"": ""That\u2019s beautiful. I\u2019ve been realizing how much environment affects my practice.""}, {""speaker"": ""B"", ""message"": ""I\u2019ve been wanting to meet more intentional people honestly.""}, {""speaker"": ""B"", ""message"": ""I\u2019ve been wanting to meet people who care about inner growth.""}, {""speaker"": ""B"", ""message"": ""Honestly I\u2019ve been craving more grounded community lately.""}, {""speaker"": ""B"", ""message"": ""Same. I think finding aligned community is the hardest part.""}, {""speaker"": ""B"", ""message"": ""I think community makes practice feel more real.""}]",110.0,2,8,4,7.8,24,one_sided
C0330,U080,U048,"[{""speaker"": ""A"", ""message"": ""Are you looking more for events, community, or personal practice right now?""}, {""speaker"": ""B"", ""message"": ""I\u2019ve been wanting to meet people who care about inner growth.""}, {""speaker"": ""A"", ""message"": ""Makes sense""}, {""speaker"": ""B"", ""message"": ""Totally""}, {""speaker"": ""A"", ""message"": ""That makes sense. A lot of social spaces feel pretty surface-level.""}, {""speaker"": ""B"", ""message"": ""Mostly journaling, breathwork, and trying to be more present.""}, {""speaker"": ""A"", ""message"": ""Makes sense""}, {""speaker"": ""B"", ""message"": ""For sure""}]",47.5,4,4,12,6.2,12,ready_for_event
C0331,U175,U142,"[{""speaker"": ""A"", ""message"": ""What brought you to Sangha?""}, {""speaker"": ""B"", ""message"": ""Honestly I\u2019ve been craving more grounded community lately.""}, {""speaker"": ""A"", ""message"": ""Cool""}, {""speaker"": ""B"", ""message"": ""I feel like I\u2019ve been searching for deeper connection.""}, {""speaker"": ""A"", ""message"": ""Nice""}, {""speaker"": ""B"", ""message"": ""Love that""}, {""speaker"": ""A"", ""message"": ""That makes sense. A lot of social spaces feel pretty surface-level.""}, {""speaker"": ""B"", ""message"": ""That\u2019s beautiful. I\u2019ve been realizing how much environment affects my practice.""}, {""speaker"": ""A"", ""message"": ""Yeah, I\u2019ve been wanting something that feels more intentional than just another meetup.""}]",40.4,5,4,10,6.8,12,ready_for_event
C0332,U160,U170,"[{""speaker"": ""A"", ""message"": ""Do you usually go to wellness events?""}, {""speaker"": ""B"", ""message"": ""I got into meditation after feeling pretty burned out last year.""}, {""speaker"": ""A"", ""message"": ""I relate to that. It\u2019s easy to practice alone, but harder to stay consistent without support.""}, {""speaker"": ""B"", ""message"": ""I\u2019m trying to spend less time online and more time in real community.""}, {""speaker"": ""A"", ""message"": ""Totally""}, {""speaker"": ""B"", ""message"": ""For sure""}, {""speaker"": ""A"", ""message"": ""Totally""}, {""speaker"": ""B"", ""message"": ""That\u2019s beautiful. I\u2019ve been realizing how much environment affects my practice.""}, {""speaker"": ""A"", ""message"": ""For sure""}, {""speaker"": ""B"", ""message"": ""Same. I think finding aligned community is the hardest part.""}, {""speaker"": ""A"", ""message"": ""Yeah""}]",224.5,6,5,1,6.8,20,healthy
C0333,U029,U167,"[{""speaker"": ""A"", ""message"": ""Have you been exploring spirituality for a while?""}, {""speaker"": ""B"", ""message"": ""Mostly just exploring right now.""}, {""speaker"": ""A"", ""message"": ""I\u2019ve had a busy week.""}, {""speaker"": ""B"", ""message"": ""What kind of practices are you into?""}]",3038.9,2,2,2,6.2,98,stalled
C0334,U005,U158,"[{""speaker"": ""B"", ""message"": ""Do you usually go to wellness events?""}, {""speaker"": ""A"", ""message"": ""Mostly curious.""}, {""speaker"": ""B"", ""message"": ""Yeah, I\u2019ve been wanting something that feels more intentional than just another meetup.""}, {""speaker"": ""B"", ""message"": ""I got into meditation after feeling pretty burned out last year.""}, {""speaker"": ""A"", ""message"": ""Yeah""}, {""speaker"": ""B"", ""message"": ""I think community makes practice feel more real.""}, {""speaker"": ""B"", ""message"": ""I feel like I\u2019ve been searching for deeper connection.""}, {""speaker"": ""B"", ""message"": ""I feel like I\u2019ve been searching for deeper connection.""}, {""speaker"": ""B"", ""message"": ""I relate to that. It\u2019s easy to practice alone, but harder to stay consistent without support.""}, {""speaker"": ""B"", ""message"": ""I\u2019ve been wanting to meet more intentional people honestly.""}, {""speaker"": ""B"", ""message"": ""I relate to that. It\u2019s easy to practice alone, but harder to stay consistent without support.""}, {""speaker"": ""B"", ""message"": ""Do you usually go to things like this?""}, {""speaker"": ""A"", ""message"": ""Totally""}, {""speaker"": ""B"", ""message"": ""I\u2019ve been wanting to meet people who care about inner growth.""}]",143.8,3,11,11,8.6,10,one_sided
C0335,U119,U065,"[{""speaker"": ""A"", ""message"": ""What brought you to Sangha?""}, {""speaker"": ""B"", ""message"": ""I feel like I\u2019ve been searching for deeper connection.""}, {""speaker"": ""A"", ""message"": ""That\u2019s beautiful. I\u2019ve been realizing how much environment affects my practice.""}, {""speaker"": ""B"", ""message"": ""Yeah I\u2019ve been feeling that too. It would be nice to meet people in person.""}, {""speaker"": ""A"", ""message"": ""Would you ever want to go to a kirtan together sometime?""}, {""speaker"": ""B"", ""message"": ""Wait that actually sounds amazing.""}, {""speaker"": ""A"", ""message"": ""You should come if you\u2019re free.""}, {""speaker"": ""B"", ""message"": ""I\u2019d definitely be down.""}, {""speaker"": ""A"", ""message"": ""Amazing, I\u2019ll send you the details \ud83d\ude4f""}, {""speaker"": ""B"", ""message"": ""Perfect, thank you :)""}, {""speaker"": ""A"", ""message"": ""I think it could be a nice low-pressure way to meet.""}, {""speaker"": ""B"", ""message"": ""Agreed. I like that it\u2019s centered around practice, not just chatting.""}]",6.1,6,6,21,8.2,10,ready_for_event
C0336,U009,U076,"[{""speaker"": ""A"", ""message"": ""Have you been exploring spirituality for a while?""}, {""speaker"": ""B"", ""message"": ""I\u2019m trying to spend less time online and more time in real community.""}, {""speaker"": ""A"", ""message"": ""Totally""}, {""speaker"": ""B"", ""message"": ""I got into meditation after feeling pretty burned out last year.""}, {""speaker"": ""A"", ""message"": ""I\u2019ve been wanting to meet people who care about inner growth.""}, {""speaker"": ""B"", ""message"": ""Mostly journaling, breathwork, and trying to be more present.""}, {""speaker"": ""A"", ""message"": ""Haha same""}, {""speaker"": ""B"", ""message"": ""Honestly I\u2019ve been craving more grounded community lately.""}, {""speaker"": ""A"", ""message"": ""Haha same""}, {""speaker"": ""B"", ""message"": ""Same. I think finding aligned community is the hardest part.""}, {""speaker"": ""A"", ""message"": ""Yeah""}, {""speaker"": ""B"", ""message"": ""Totally""}, {""speaker"": ""A"", ""message"": ""Honestly I\u2019ve been craving more grounded community lately.""}, {""speaker"": ""B"", ""message"": ""Yeah""}, {""speaker"": ""A"", ""message"": ""I\u2019ve been wanting to meet people who care about inner growth.""}, {""speaker"": ""B"", ""message"": ""I\u2019m trying to spend less time online and more time in real community.""}, {""speaker"": ""A"", ""message"": ""Honestly I\u2019ve been craving more grounded community lately.""}, {""speaker"": ""B"", ""message"": ""Yeah, I\u2019ve been wanting something that feels more intentional than just another meetup.""}]",263.3,9,9,5,7.3,5,ready_for_event
C0337,U112,U099,"[{""speaker"": ""A"", ""message"": ""Are you looking more for events, community, or personal practice right now?""}, {""speaker"": ""B"", ""message"": ""I\u2019ve been wanting more community honestly.""}, {""speaker"": ""A"", ""message"": ""I\u2019ve had a busy week.""}]",5030.6,2,1,4,7.7,36,stalled
C0338,U158,U146,"[{""speaker"": ""A"", ""message"": ""What brought you to Sangha?""}, {""speaker"": ""B"", ""message"": ""Just exploring a bit.""}, {""speaker"": ""A"", ""message"": ""Yeah, I\u2019ve been wanting something that feels more intentional than just another meetup.""}, {""speaker"": ""A"", ""message"": ""That\u2019s beautiful. I\u2019ve been realizing how much environment affects my practice.""}, {""speaker"": ""A"", ""message"": ""That\u2019s beautiful. I\u2019ve been realizing how much environment affects my practice.""}, {""speaker"": ""B"", ""message"": ""Makes sense""}, {""speaker"": ""A"", ""message"": ""That\u2019s beautiful. I\u2019ve been realizing how much environment affects my practice.""}, {""speaker"": ""A"", ""message"": ""That\u2019s beautiful. I\u2019ve been realizing how much environment affects my practice.""}, {""speaker"": ""A"", ""message"": ""That\u2019s beautiful. I\u2019ve been realizing how much environment affects my practice.""}, {""speaker"": ""A"", ""message"": ""Same. I think finding aligned community is the hardest part.""}, {""speaker"": ""A"", ""message"": ""I think community makes practice feel more real.""}, {""speaker"": ""A"", ""message"": ""Most of my friends aren\u2019t really into this kind of stuff.""}, {""speaker"": ""A"", ""message"": ""That\u2019s beautiful. I\u2019ve been realizing how much environment affects my practice.""}]",763.9,11,2,11,9.2,25,one_sided
C0339,U139,U030,"[{""speaker"": ""A"", ""message"": ""What kind of practices are helping you lately?""}, {""speaker"": ""B"", ""message"": ""Trying to get back into meditation.""}, {""speaker"": ""A"", ""message"": ""That makes sense.""}, {""speaker"": ""B"", ""message"": ""Sorry just saw this.""}, {""speaker"": ""A"", ""message"": ""What kind of practices are you into?""}]",4183.1,3,2,5,5.6,114,stalled
C0340,U012,U060,"[{""speaker"": ""A"", ""message"": ""What brought you to Sangha?""}, {""speaker"": ""B"", ""message"": ""Mostly journaling, breathwork, and trying to be more present.""}, {""speaker"": ""A"", ""message"": ""Mostly journaling, breathwork, and trying to be more present.""}, {""speaker"": ""B"", ""message"": ""Love that""}, {""speaker"": ""A"", ""message"": ""That makes sense. A lot of social spaces feel pretty surface-level.""}, {""speaker"": ""B"", ""message"": ""Honestly I\u2019ve been craving more grounded community lately.""}, {""speaker"": ""A"", ""message"": ""For sure""}, {""speaker"": ""B"", ""message"": ""I got into meditation after feeling pretty burned out last year.""}, {""speaker"": ""A"", ""message"": ""I\u2019m trying to spend less time online and more time in real community.""}, {""speaker"": ""B"", ""message"": ""That makes sense. A lot of social spaces feel pretty surface-level.""}, {""speaker"": ""A"", ""message"": ""Nice""}, {""speaker"": ""B"", ""message"": ""Honestly I\u2019ve been craving more grounded community lately.""}, {""speaker"": ""A"", ""message"": ""Honestly I\u2019ve been craving more grounded community lately.""}, {""speaker"": ""B"", ""message"": ""For sure""}]",215.5,7,7,8,7.1,9,ready_for_event
C0341,U137,U083,"[{""speaker"": ""A"", ""message"": ""What kind of practices are helping you lately?""}, {""speaker"": ""B"", ""message"": ""Mostly curious.""}, {""speaker"": ""A"", ""message"": ""Same. I think finding aligned community is the hardest part.""}, {""speaker"": ""A"", ""message"": ""Most of my friends aren\u2019t really into this kind of stuff.""}, {""speaker"": ""A"", ""message"": ""I got into meditation after feeling pretty burned out last year.""}, {""speaker"": ""A"", ""message"": ""That\u2019s beautiful. I\u2019ve been realizing how much environment affects my practice.""}, {""speaker"": ""A"", ""message"": ""I think community makes practice feel more real.""}, {""speaker"": ""A"", ""message"": ""I think community makes practice feel more real.""}, {""speaker"": ""A"", ""message"": ""I\u2019ve been wanting to meet more intentional people honestly.""}, {""speaker"": ""A"", ""message"": ""I got into meditation after feeling pretty burned out last year.""}, {""speaker"": ""A"", ""message"": ""I got into meditation after feeling pretty burned out last year.""}, {""speaker"": ""A"", ""message"": ""Most of my friends aren\u2019t really into this kind of stuff.""}, {""speaker"": ""A"", ""message"": ""I\u2019ve been wanting to meet more intentional people honestly.""}]",438.3,12,1,12,9.2,34,one_sided
C0342,U078,U127,"[{""speaker"": ""A"", ""message"": ""Have you been exploring spirituality for a while?""}, {""speaker"": ""B"", ""message"": ""Mostly journaling, breathwork, and trying to be more present.""}, {""speaker"": ""A"", ""message"": ""That\u2019s beautiful. I\u2019ve been realizing how much environment affects my practice.""}, {""speaker"": ""B"", ""message"": ""Yeah I\u2019ve been feeling that too. It would be nice to meet people in person.""}, {""speaker"": ""A"", ""message"": ""There\u2019s a meditation event next Thursday that looks really grounding.""}, {""speaker"": ""B"", ""message"": ""Wait that actually sounds amazing.""}, {""speaker"": ""A"", ""message"": ""You should come if you\u2019re free.""}, {""speaker"": ""B"", ""message"": ""I\u2019d definitely be down.""}, {""speaker"": ""A"", ""message"": ""Amazing, I\u2019ll send you the details \ud83d\ude4f""}, {""speaker"": ""B"", ""message"": ""Perfect, thank you :)""}]",85.3,5,5,15,7.9,12,ready_for_event
C0343,U027,U005,"[{""speaker"": ""A"", ""message"": ""Have you been exploring spirituality for a while?""}, {""speaker"": ""B"", ""message"": ""I\u2019ve been wanting to meet people who care about inner growth.""}, {""speaker"": ""A"", ""message"": ""Cool""}, {""speaker"": ""B"", ""message"": ""Mostly journaling, breathwork, and trying to be more present.""}, {""speaker"": ""A"", ""message"": ""That\u2019s beautiful. I\u2019ve been realizing how much environment affects my practice.""}, {""speaker"": ""B"", ""message"": ""Totally""}, {""speaker"": ""A"", ""message"": ""Haha same""}, {""speaker"": ""B"", ""message"": ""Haha same""}, {""speaker"": ""A"", ""message"": ""I\u2019m trying to spend less time online and more time in real community.""}, {""speaker"": ""B"", ""message"": ""Mostly journaling, breathwork, and trying to be more present.""}, {""speaker"": ""A"", ""message"": ""Makes sense""}, {""speaker"": ""B"", ""message"": ""That makes sense. A lot of social spaces feel pretty surface-level.""}, {""speaker"": ""A"", ""message"": ""Honestly I\u2019ve been craving more grounded community lately.""}, {""speaker"": ""B"", ""message"": ""I feel like I\u2019ve been searching for deeper connection.""}, {""speaker"": ""A"", ""message"": ""Honestly I\u2019ve been craving more grounded community lately.""}, {""speaker"": ""B"", ""message"": ""Same. I think finding aligned community is the hardest part.""}, {""speaker"": ""A"", ""message"": ""That makes sense. A lot of social spaces feel pretty surface-level.""}]",181.5,9,8,6,7.4,8,ready_for_event
C0344,U043,U153,"[{""speaker"": ""A"", ""message"": ""What brought you to Sangha?""}, {""speaker"": ""B"", ""message"": ""I\u2019ve been wanting to meet people who care about inner growth.""}, {""speaker"": ""A"", ""message"": ""That makes sense. A lot of social spaces feel pretty surface-level.""}, {""speaker"": ""B"", ""message"": ""Same. I think finding aligned community is the hardest part.""}, {""speaker"": ""A"", ""message"": ""I got into meditation after feeling pretty burned out last year.""}, {""speaker"": ""B"", ""message"": ""Yeah, I\u2019ve been wanting something that feels more intentional than just another meetup.""}, {""speaker"": ""A"", ""message"": ""Makes sense""}, {""speaker"": ""B"", ""message"": ""Same. I think finding aligned community is the hardest part.""}, {""speaker"": ""A"", ""message"": ""Haha same""}, {""speaker"": ""B"", ""message"": ""That\u2019s beautiful. I\u2019ve been realizing how much environment affects my practice.""}, {""speaker"": ""A"", ""message"": ""Haha same""}, {""speaker"": ""B"", ""message"": ""Yeah, I\u2019ve been wanting something that feels more intentional than just another meetup.""}, {""speaker"": ""A"", ""message"": ""Makes sense""}, {""speaker"": ""B"", ""message"": ""Nice""}, {""speaker"": ""A"", ""message"": ""Love that""}, {""speaker"": ""B"", ""message"": ""That makes sense. A lot of social spaces feel pretty surface-level.""}, {""speaker"": ""A"", ""message"": ""For sure""}]",445.5,9,8,11,7.0,6,ready_for_event
C0345,U033,U147,"[{""speaker"": ""A"", ""message"": ""What kind of practices are helping you lately?""}, {""speaker"": ""B"", ""message"": ""Mostly just exploring right now.""}]",2672.4,1,1,7,6.5,86,stalled
C0346,U003,U194,"[{""speaker"": ""A"", ""message"": ""Are you looking more for events, community, or personal practice right now?""}, {""speaker"": ""B"", ""message"": ""I got into meditation after feeling pretty burned out last year.""}, {""speaker"": ""A"", ""message"": ""That makes sense. A lot of social spaces feel pretty surface-level.""}, {""speaker"": ""B"", ""message"": ""Yeah I\u2019ve been feeling that too. It would be nice to meet people in person.""}, {""speaker"": ""A"", ""message"": ""There\u2019s a meditation event next Thursday that looks really grounding.""}, {""speaker"": ""B"", ""message"": ""Wait that actually sounds amazing.""}, {""speaker"": ""A"", ""message"": ""You should come if you\u2019re free.""}, {""speaker"": ""B"", ""message"": ""I\u2019d definitely be down.""}, {""speaker"": ""A"", ""message"": ""Amazing, I\u2019ll send you the details \ud83d\ude4f""}, {""speaker"": ""B"", ""message"": ""Perfect, thank you :)""}, {""speaker"": ""A"", ""message"": ""I think it could be a nice low-pressure way to meet.""}, {""speaker"": ""B"", ""message"": ""Agreed. I like that it\u2019s centered around practice, not just chatting.""}]",57.6,6,6,12,8.9,10,ready_for_event
C0347,U179,U124,"[{""speaker"": ""A"", ""message"": ""Are you looking more for events, community, or personal practice right now?""}, {""speaker"": ""B"", ""message"": ""Mostly curious.""}, {""speaker"": ""A"", ""message"": ""Yeah, I\u2019ve been wanting something that feels more intentional than just another meetup.""}, {""speaker"": ""A"", ""message"": ""That\u2019s beautiful. I\u2019ve been realizing how much environment affects my practice.""}, {""speaker"": ""A"", ""message"": ""Yeah, I\u2019ve been wanting something that feels more intentional than just another meetup.""}, {""speaker"": ""A"", ""message"": ""Honestly I\u2019ve been craving more grounded community lately.""}, {""speaker"": ""A"", ""message"": ""I\u2019ve been wanting to meet more intentional people honestly.""}, {""speaker"": ""A"", ""message"": ""I\u2019m trying to spend less time online and more time in real community.""}, {""speaker"": ""A"", ""message"": ""I got into meditation after feeling pretty burned out last year.""}, {""speaker"": ""A"", ""message"": ""Most of my friends aren\u2019t really into this kind of stuff.""}, {""speaker"": ""A"", ""message"": ""Honestly I\u2019ve been craving more grounded community lately.""}, {""speaker"": ""A"", ""message"": ""Most of my friends aren\u2019t really into this kind of stuff.""}, {""speaker"": ""A"", ""message"": ""Mostly journaling, breathwork, and trying to be more present.""}]",690.5,12,1,3,10.1,4,one_sided
C0348,U040,U167,"[{""speaker"": ""A"", ""message"": ""Do you usually go to wellness events?""}, {""speaker"": ""B"", ""message"": ""Mostly journaling, breathwork, and trying to be more present.""}, {""speaker"": ""A"", ""message"": ""I relate to that. It\u2019s easy to practice alone, but harder to stay consistent without support.""}, {""speaker"": ""B"", ""message"": ""Totally""}, {""speaker"": ""A"", ""message"": ""I got into meditation after feeling pretty burned out last year.""}, {""speaker"": ""B"", ""message"": ""I feel like I\u2019ve been searching for deeper connection.""}, {""speaker"": ""A"", ""message"": ""Haha same""}, {""speaker"": ""B"", ""message"": ""Totally""}, {""speaker"": ""A"", ""message"": ""Same. I think finding aligned community is the hardest part.""}, {""speaker"": ""B"", ""message"": ""Yeah, I\u2019ve been wanting something that feels more intentional than just another meetup.""}, {""speaker"": ""A"", ""message"": ""Yeah, I\u2019ve been wanting something that feels more intentional than just another meetup.""}]",174.5,6,5,12,8.4,13,ready_for_event
C0349,U049,U004,"[{""speaker"": ""B"", ""message"": ""Are you looking more for events, community, or personal practice right now?""}, {""speaker"": ""A"", ""message"": ""Just exploring a bit.""}, {""speaker"": ""B"", ""message"": ""Yeah, I\u2019ve been wanting something that feels more intentional than just another meetup.""}, {""speaker"": ""A"", ""message"": ""Makes sense""}, {""speaker"": ""B"", ""message"": ""Do you usually go to things like this?""}, {""speaker"": ""B"", ""message"": ""I think community makes practice feel more real.""}, {""speaker"": ""B"", ""message"": ""I\u2019ve been wanting to meet people who care about inner growth.""}, {""speaker"": ""B"", ""message"": ""Same. I think finding aligned community is the hardest part.""}, {""speaker"": ""B"", ""message"": ""That\u2019s beautiful. I\u2019ve been realizing how much environment affects my practice.""}, {""speaker"": ""B"", ""message"": ""I\u2019ve been wanting to meet more intentional people honestly.""}, {""speaker"": ""B"", ""message"": ""Yeah, I\u2019ve been wanting something that feels more intentional than just another meetup.""}, {""speaker"": ""B"", ""message"": ""I\u2019ve been wanting to meet more intentional people honestly.""}]",88.0,2,10,10,9.2,26,one_sided
C0350,U136,U181,"[{""speaker"": ""A"", ""message"": ""Love that""}, {""speaker"": ""B"", ""message"": ""Any plans this weekend?""}, {""speaker"": ""A"", ""message"": ""Not really haha""}, {""speaker"": ""B"", ""message"": ""Hey haha""}, {""speaker"": ""A"", ""message"": ""Not really haha""}, {""speaker"": ""B"", ""message"": ""That\u2019s cool""}, {""speaker"": ""A"", ""message"": ""Busy honestly""}, {""speaker"": ""B"", ""message"": ""That\u2019s cool""}, {""speaker"": ""A"", ""message"": ""Hey haha""}, {""speaker"": ""B"", ""message"": ""How\u2019s your week going?""}, {""speaker"": ""A"", ""message"": ""Not really haha""}]",1870.9,6,5,5,2.6,6,shallow
C0351,U160,U020,"[{""speaker"": ""A"", ""message"": ""That\u2019s cool""}, {""speaker"": ""B"", ""message"": ""Hey!""}, {""speaker"": ""A"", ""message"": ""Nice""}, {""speaker"": ""B"", ""message"": ""How\u2019s your week going?""}, {""speaker"": ""A"", ""message"": ""Hey haha""}, {""speaker"": ""B"", ""message"": ""Yeah totally""}, {""speaker"": ""A"", ""message"": ""Hey haha""}]",2134.3,4,3,6,2.0,8,shallow
C0352,U158,U026,"[{""speaker"": ""A"", ""message"": ""Are you looking more for events, community, or personal practice right now?""}, {""speaker"": ""B"", ""message"": ""Honestly I\u2019ve been craving more grounded community lately.""}, {""speaker"": ""A"", ""message"": ""I relate to that. It\u2019s easy to practice alone, but harder to stay consistent without support.""}, {""speaker"": ""B"", ""message"": ""Haha same""}, {""speaker"": ""A"", ""message"": ""Nice""}, {""speaker"": ""B"", ""message"": ""I feel like I\u2019ve been searching for deeper connection.""}, {""speaker"": ""A"", ""message"": ""I feel like I\u2019ve been searching for deeper connection.""}, {""speaker"": ""B"", ""message"": ""That\u2019s beautiful. I\u2019ve been realizing how much environment affects my practice.""}, {""speaker"": ""A"", ""message"": ""I got into meditation after feeling pretty burned out last year.""}, {""speaker"": ""B"", ""message"": ""Yeah""}, {""speaker"": ""A"", ""message"": ""Love that""}]",276.1,6,5,7,7.5,15,healthy
C0353,U145,U192,"[{""speaker"": ""A"", ""message"": ""Do you usually go to wellness events?""}, {""speaker"": ""B"", ""message"": ""I\u2019ve been wanting to meet people who care about inner growth.""}, {""speaker"": ""A"", ""message"": ""Yeah, I\u2019ve been wanting something that feels more intentional than just another meetup.""}, {""speaker"": ""B"", ""message"": ""Yeah I\u2019ve been feeling that too. It would be nice to meet people in person.""}, {""speaker"": ""A"", ""message"": ""I saw a breathwork class nearby that feels pretty aligned.""}, {""speaker"": ""B"", ""message"": ""Wait that actually sounds amazing.""}, {""speaker"": ""A"", ""message"": ""You should come if you\u2019re free.""}, {""speaker"": ""B"", ""message"": ""I\u2019d definitely be down.""}, {""speaker"": ""A"", ""message"": ""Amazing, I\u2019ll send you the details \ud83d\ude4f""}, {""speaker"": ""B"", ""message"": ""Perfect, thank you :)""}]",24.3,5,5,18,8.2,2,ready_for_event
C0354,U005,U075,"[{""speaker"": ""A"", ""message"": ""Have you been exploring spirituality for a while?""}, {""speaker"": ""B"", ""message"": ""I\u2019ve been wanting to meet people who care about inner growth.""}, {""speaker"": ""A"", ""message"": ""Cool""}, {""speaker"": ""B"", ""message"": ""Haha same""}, {""speaker"": ""A"", ""message"": ""That makes sense. A lot of social spaces feel pretty surface-level.""}, {""speaker"": ""B"", ""message"": ""Honestly I\u2019ve been craving more grounded community lately.""}, {""speaker"": ""A"", ""message"": ""Love that""}, {""speaker"": ""B"", ""message"": ""I feel like I\u2019ve been searching for deeper connection.""}, {""speaker"": ""A"", ""message"": ""Same. I think finding aligned community is the hardest part.""}]",84.8,5,4,7,6.9,20,ready_for_event
C0355,U145,U182,"[{""speaker"": ""A"", ""message"": ""What brought you to Sangha?""}, {""speaker"": ""B"", ""message"": ""I\u2019ve been wanting more community honestly.""}, {""speaker"": ""A"", ""message"": ""I\u2019ve had a busy week.""}, {""speaker"": ""B"", ""message"": ""Sorry just saw this.""}]",2594.1,2,2,2,5.0,159,stalled
C0356,U016,U160,"[{""speaker"": ""A"", ""message"": ""Are you looking more for events, community, or personal practice right now?""}, {""speaker"": ""B"", ""message"": ""I\u2019m trying to spend less time online and more time in real community.""}, {""speaker"": ""A"", ""message"": ""Love that""}, {""speaker"": ""B"", ""message"": ""Love that""}, {""speaker"": ""A"", ""message"": ""That\u2019s beautiful. I\u2019ve been realizing how much environment affects my practice.""}, {""speaker"": ""B"", ""message"": ""I relate to that. It\u2019s easy to practice alone, but harder to stay consistent without support.""}, {""speaker"": ""A"", ""message"": ""For sure""}, {""speaker"": ""B"", ""message"": ""Yeah, I\u2019ve been wanting something that feels more intentional than just another meetup.""}, {""speaker"": ""A"", ""message"": ""I feel like I\u2019ve been searching for deeper connection.""}, {""speaker"": ""B"", ""message"": ""That\u2019s beautiful. I\u2019ve been realizing how much environment affects my practice.""}, {""speaker"": ""A"", ""message"": ""Same. I think finding aligned community is the hardest part.""}, {""speaker"": ""B"", ""message"": ""Mostly journaling, breathwork, and trying to be more present.""}, {""speaker"": ""A"", ""message"": ""I got into meditation after feeling pretty burned out last year.""}, {""speaker"": ""B"", ""message"": ""For sure""}, {""speaker"": ""A"", ""message"": ""Love that""}, {""speaker"": ""B"", ""message"": ""I\u2019ve been wanting to meet people who care about inner growth.""}, {""speaker"": ""A"", ""message"": ""Yeah, I\u2019ve been wanting something that feels more intentional than just another meetup.""}]",299.1,9,8,5,8.8,5,ready_for_event
C0357,U108,U135,"[{""speaker"": ""A"", ""message"": ""Are you looking more for events, community, or personal practice right now?""}, {""speaker"": ""B"", ""message"": ""Honestly I\u2019ve been craving more grounded community lately.""}, {""speaker"": ""A"", ""message"": ""That\u2019s beautiful. I\u2019ve been realizing how much environment affects my practice.""}, {""speaker"": ""B"", ""message"": ""Makes sense""}, {""speaker"": ""A"", ""message"": ""I\u2019ve been wanting to meet people who care about inner growth.""}, {""speaker"": ""B"", ""message"": ""Mostly journaling, breathwork, and trying to be more present.""}, {""speaker"": ""A"", ""message"": ""I relate to that. It\u2019s easy to practice alone, but harder to stay consistent without support.""}, {""speaker"": ""B"", ""message"": ""Yeah""}, {""speaker"": ""A"", ""message"": ""For sure""}, {""speaker"": ""B"", ""message"": ""I feel like I\u2019ve been searching for deeper connection.""}, {""speaker"": ""A"", ""message"": ""Yeah, I\u2019ve been wanting something that feels more intentional than just another meetup.""}, {""speaker"": ""B"", ""message"": ""I got into meditation after feeling pretty burned out last year.""}, {""speaker"": ""A"", ""message"": ""I feel like I\u2019ve been searching for deeper connection.""}, {""speaker"": ""B"", ""message"": ""That makes sense. A lot of social spaces feel pretty surface-level.""}, {""speaker"": ""A"", ""message"": ""Totally""}]",478.7,8,7,2,8.4,20,healthy
C0358,U014,U132,"[{""speaker"": ""A"", ""message"": ""Are you looking more for events, community, or personal practice right now?""}, {""speaker"": ""B"", ""message"": ""Honestly I\u2019ve been craving more grounded community lately.""}, {""speaker"": ""A"", ""message"": ""That makes sense. A lot of social spaces feel pretty surface-level.""}, {""speaker"": ""B"", ""message"": ""I relate to that. It\u2019s easy to practice alone, but harder to stay consistent without support.""}, {""speaker"": ""A"", ""message"": ""For sure""}, {""speaker"": ""B"", ""message"": ""Cool""}, {""speaker"": ""A"", ""message"": ""That\u2019s beautiful. I\u2019ve been realizing how much environment affects my practice.""}, {""speaker"": ""B"", ""message"": ""Same. I think finding aligned community is the hardest part.""}]",214.1,4,4,2,8.9,17,healthy
C0359,U011,U038,"[{""speaker"": ""A"", ""message"": ""Are you looking more for events, community, or personal practice right now?""}, {""speaker"": ""B"", ""message"": ""I got into meditation after feeling pretty burned out last year.""}, {""speaker"": ""A"", ""message"": ""Makes sense""}, {""speaker"": ""B"", ""message"": ""I\u2019m trying to spend less time online and more time in real community.""}, {""speaker"": ""A"", ""message"": ""That makes sense. A lot of social spaces feel pretty surface-level.""}, {""speaker"": ""B"", ""message"": ""I feel like I\u2019ve been searching for deeper connection.""}, {""speaker"": ""A"", ""message"": ""I got into meditation after feeling pretty burned out last year.""}, {""speaker"": ""B"", ""message"": ""Honestly I\u2019ve been craving more grounded community lately.""}]",37.9,4,4,5,9.6,10,ready_for_event
C0360,U009,U116,"[{""speaker"": ""A"", ""message"": ""What brought you to Sangha?""}, {""speaker"": ""B"", ""message"": ""I\u2019ve been wanting to meet people who care about inner growth.""}, {""speaker"": ""A"", ""message"": ""That makes sense. A lot of social spaces feel pretty surface-level.""}, {""speaker"": ""B"", ""message"": ""Yeah I\u2019ve been feeling that too. It would be nice to meet people in person.""}, {""speaker"": ""A"", ""message"": ""There\u2019s actually a sound bath this weekend I was thinking of going to.""}, {""speaker"": ""B"", ""message"": ""Wait that actually sounds amazing.""}, {""speaker"": ""A"", ""message"": ""You should come if you\u2019re free.""}, {""speaker"": ""B"", ""message"": ""I\u2019d definitely be down.""}, {""speaker"": ""A"", ""message"": ""Amazing, I\u2019ll send you the details \ud83d\ude4f""}, {""speaker"": ""B"", ""message"": ""Perfect, thank you :)""}, {""speaker"": ""A"", ""message"": ""I think it could be a nice low-pressure way to meet.""}, {""speaker"": ""B"", ""message"": ""Agreed. I like that it\u2019s centered around practice, not just chatting.""}]",35.5,6,6,16,8.6,4,ready_for_event
C0361,U022,U066,"[{""speaker"": ""A"", ""message"": ""What brought you to Sangha?""}, {""speaker"": ""B"", ""message"": ""I got into meditation after feeling pretty burned out last year.""}, {""speaker"": ""A"", ""message"": ""Totally""}, {""speaker"": ""B"", ""message"": ""Yeah""}, {""speaker"": ""A"", ""message"": ""I\u2019m trying to spend less time online and more time in real community.""}, {""speaker"": ""B"", ""message"": ""Totally""}, {""speaker"": ""A"", ""message"": ""I relate to that. It\u2019s easy to practice alone, but harder to stay consistent without support.""}, {""speaker"": ""B"", ""message"": ""Love that""}, {""speaker"": ""A"", ""message"": ""Honestly I\u2019ve been craving more grounded community lately.""}, {""speaker"": ""B"", ""message"": ""Totally""}, {""speaker"": ""A"", ""message"": ""I relate to that. It\u2019s easy to practice alone, but harder to stay consistent without support.""}, {""speaker"": ""B"", ""message"": ""For sure""}, {""speaker"": ""A"", ""message"": ""Totally""}, {""speaker"": ""B"", ""message"": ""Yeah""}, {""speaker"": ""A"", ""message"": ""I\u2019m trying to spend less time online and more time in real community.""}, {""speaker"": ""B"", ""message"": ""Love that""}, {""speaker"": ""A"", ""message"": ""Honestly I\u2019ve been craving more grounded community lately.""}, {""speaker"": ""B"", ""message"": ""That makes sense. A lot of social spaces feel pretty surface-level.""}]",200.7,9,9,5,6.3,19,ready_for_event
C0362,U061,U122,"[{""speaker"": ""A"", ""message"": ""Hey haha""}, {""speaker"": ""B"", ""message"": ""Same""}, {""speaker"": ""A"", ""message"": ""Yeah totally""}, {""speaker"": ""B"", ""message"": ""Same""}, {""speaker"": ""A"", ""message"": ""Same""}, {""speaker"": ""B"", ""message"": ""Any plans this weekend?""}, {""speaker"": ""A"", ""message"": ""Love that""}, {""speaker"": ""B"", ""message"": ""How\u2019s your week going?""}, {""speaker"": ""A"", ""message"": ""Love that""}, {""speaker"": ""B"", ""message"": ""That\u2019s cool""}, {""speaker"": ""A"", ""message"": ""Yeah totally""}, {""speaker"": ""B"", ""message"": ""How\u2019s your week going?""}]",2154.9,6,6,6,2.2,5,shallow
C0363,U188,U039,"[{""speaker"": ""A"", ""message"": ""Not really haha""}, {""speaker"": ""B"", ""message"": ""That\u2019s cool""}, {""speaker"": ""A"", ""message"": ""Hey!""}, {""speaker"": ""B"", ""message"": ""Love that""}, {""speaker"": ""A"", ""message"": ""How\u2019s your week going?""}, {""speaker"": ""B"", ""message"": ""Love that""}, {""speaker"": ""A"", ""message"": ""Love that""}, {""speaker"": ""B"", ""message"": ""Busy honestly""}, {""speaker"": ""A"", ""message"": ""How\u2019s your week going?""}, {""speaker"": ""B"", ""message"": ""Yeah totally""}, {""speaker"": ""A"", ""message"": ""Nice""}]",938.2,6,5,8,2.3,5,shallow
C0364,U142,U129,"[{""speaker"": ""A"", ""message"": ""What kind of practices are helping you lately?""}, {""speaker"": ""B"", ""message"": ""I\u2019ve been wanting to meet people who care about inner growth.""}, {""speaker"": ""A"", ""message"": ""Yeah""}, {""speaker"": ""B"", ""message"": ""Yeah, I\u2019ve been wanting something that feels more intentional than just another meetup.""}, {""speaker"": ""A"", ""message"": ""I got into meditation after feeling pretty burned out last year.""}, {""speaker"": ""B"", ""message"": ""Totally""}, {""speaker"": ""A"", ""message"": ""Yeah, I\u2019ve been wanting something that feels more intentional than just another meetup.""}, {""speaker"": ""B"", ""message"": ""I feel like I\u2019ve been searching for deeper connection.""}, {""speaker"": ""A"", ""message"": ""For sure""}, {""speaker"": ""B"", ""message"": ""Nice""}]",310.1,5,5,1,7.0,5,healthy
C0365,U040,U182,"[{""speaker"": ""A"", ""message"": ""Are you looking more for events, community, or personal practice right now?""}, {""speaker"": ""B"", ""message"": ""I\u2019ve been wanting to meet people who care about inner growth.""}, {""speaker"": ""A"", ""message"": ""Love that""}, {""speaker"": ""B"", ""message"": ""Yeah, I\u2019ve been wanting something that feels more intentional than just another meetup.""}, {""speaker"": ""A"", ""message"": ""I got into meditation after feeling pretty burned out last year.""}, {""speaker"": ""B"", ""message"": ""Nice""}, {""speaker"": ""A"", ""message"": ""Mostly journaling, breathwork, and trying to be more present.""}, {""speaker"": ""B"", ""message"": ""Same. I think finding aligned community is the hardest part.""}, {""speaker"": ""A"", ""message"": ""Yeah""}, {""speaker"": ""B"", ""message"": ""That makes sense. A lot of social spaces feel pretty surface-level.""}, {""speaker"": ""A"", ""message"": ""Yeah, I\u2019ve been wanting something that feels more intentional than just another meetup.""}, {""speaker"": ""B"", ""message"": ""Yeah""}, {""speaker"": ""A"", ""message"": ""Mostly journaling, breathwork, and trying to be more present.""}, {""speaker"": ""B"", ""message"": ""I\u2019m trying to spend less time online and more time in real community.""}, {""speaker"": ""A"", ""message"": ""Yeah, I\u2019ve been wanting something that feels more intentional than just another meetup.""}]",105.6,8,7,2,8.7,16,healthy
C0366,U124,U079,"[{""speaker"": ""A"", ""message"": ""Have you been exploring spirituality for a while?""}, {""speaker"": ""B"", ""message"": ""Honestly I\u2019ve been craving more grounded community lately.""}, {""speaker"": ""A"", ""message"": ""Totally""}, {""speaker"": ""B"", ""message"": ""I relate to that. It\u2019s easy to practice alone, but harder to stay consistent without support.""}, {""speaker"": ""A"", ""message"": ""I\u2019m trying to spend less time online and more time in real community.""}, {""speaker"": ""B"", ""message"": ""I got into meditation after feeling pretty burned out last year.""}, {""speaker"": ""A"", ""message"": ""Honestly I\u2019ve been craving more grounded community lately.""}, {""speaker"": ""B"", ""message"": ""That makes sense. A lot of social spaces feel pretty surface-level.""}, {""speaker"": ""A"", ""message"": ""I\u2019m trying to spend less time online and more time in real community.""}, {""speaker"": ""B"", ""message"": ""I relate to that. It\u2019s easy to practice alone, but harder to stay consistent without support.""}, {""speaker"": ""A"", ""message"": ""I\u2019ve been wanting to meet people who care about inner growth.""}, {""speaker"": ""B"", ""message"": ""I relate to that. It\u2019s easy to practice alone, but harder to stay consistent without support.""}, {""speaker"": ""A"", ""message"": ""Makes sense""}, {""speaker"": ""B"", ""message"": ""I\u2019m trying to spend less time online and more time in real community.""}]",18.9,7,7,7,10.5,12,ready_for_event
C0367,U140,U030,"[{""speaker"": ""A"", ""message"": ""What brought you to Sangha?""}, {""speaker"": ""B"", ""message"": ""I got into meditation after feeling pretty burned out last year.""}, {""speaker"": ""A"", ""message"": ""Same. I think finding aligned community is the hardest part.""}, {""speaker"": ""B"", ""message"": ""Totally""}, {""speaker"": ""A"", ""message"": ""Yeah""}, {""speaker"": ""B"", ""message"": ""Love that""}, {""speaker"": ""A"", ""message"": ""Yeah, I\u2019ve been wanting something that feels more intentional than just another meetup.""}, {""speaker"": ""B"", ""message"": ""Makes sense""}, {""speaker"": ""A"", ""message"": ""Yeah, I\u2019ve been wanting something that feels more intentional than just another meetup.""}, {""speaker"": ""B"", ""message"": ""Mostly journaling, breathwork, and trying to be more present.""}, {""speaker"": ""A"", ""message"": ""Makes sense""}, {""speaker"": ""B"", ""message"": ""That\u2019s beautiful. I\u2019ve been realizing how much environment affects my practice.""}, {""speaker"": ""A"", ""message"": ""Cool""}, {""speaker"": ""B"", ""message"": ""That makes sense. A lot of social spaces feel pretty surface-level.""}]",312.4,7,7,6,6.6,2,ready_for_event
C0368,U191,U098,"[{""speaker"": ""A"", ""message"": ""Do you usually go to wellness events?""}, {""speaker"": ""B"", ""message"": ""I\u2019m trying to spend less time online and more time in real community.""}, {""speaker"": ""A"", ""message"": ""I got into meditation after feeling pretty burned out last year.""}, {""speaker"": ""B"", ""message"": ""I relate to that. It\u2019s easy to practice alone, but harder to stay consistent without support.""}, {""speaker"": ""A"", ""message"": ""Totally""}, {""speaker"": ""B"", ""message"": ""Yeah""}, {""speaker"": ""A"", ""message"": ""That\u2019s beautiful. I\u2019ve been realizing how much environment affects my practice.""}, {""speaker"": ""B"", ""message"": ""For sure""}, {""speaker"": ""A"", ""message"": ""Nice""}, {""speaker"": ""B"", ""message"": ""That makes sense. A lot of social spaces feel pretty surface-level.""}, {""speaker"": ""A"", ""message"": ""Yeah""}, {""speaker"": ""B"", ""message"": ""Love that""}, {""speaker"": ""A"", ""message"": ""Makes sense""}, {""speaker"": ""B"", ""message"": ""Yeah, I\u2019ve been wanting something that feels more intentional than just another meetup.""}, {""speaker"": ""A"", ""message"": ""I\u2019m trying to spend less time online and more time in real community.""}, {""speaker"": ""B"", ""message"": ""Mostly journaling, breathwork, and trying to be more present.""}, {""speaker"": ""A"", ""message"": ""Mostly journaling, breathwork, and trying to be more present.""}, {""speaker"": ""B"", ""message"": ""That\u2019s beautiful. I\u2019ve been realizing how much environment affects my practice.""}]",86.8,9,9,6,7.4,1,ready_for_event
C0369,U041,U075,"[{""speaker"": ""A"", ""message"": ""What kind of practices are helping you lately?""}, {""speaker"": ""B"", ""message"": ""I\u2019m trying to spend less time online and more time in real community.""}, {""speaker"": ""A"", ""message"": ""I got into meditation after feeling pretty burned out last year.""}, {""speaker"": ""B"", ""message"": ""I\u2019m trying to spend less time online and more time in real community.""}, {""speaker"": ""A"", ""message"": ""Nice""}, {""speaker"": ""B"", ""message"": ""I\u2019m trying to spend less time online and more time in real community.""}, {""speaker"": ""A"", ""message"": ""Same. I think finding aligned community is the hardest part.""}, {""speaker"": ""B"", ""message"": ""I got into meditation after feeling pretty burned out last year.""}, {""speaker"": ""A"", ""message"": ""Mostly journaling, breathwork, and trying to be more present.""}]",139.1,5,4,7,9.9,13,healthy
C0370,U183,U160,"[{""speaker"": ""A"", ""message"": ""Have you been exploring spirituality for a while?""}, {""speaker"": ""B"", ""message"": ""Honestly I\u2019ve been craving more grounded community lately.""}, {""speaker"": ""A"", ""message"": ""That\u2019s beautiful. I\u2019ve been realizing how much environment affects my practice.""}, {""speaker"": ""B"", ""message"": ""Haha same""}, {""speaker"": ""A"", ""message"": ""Yeah""}, {""speaker"": ""B"", ""message"": ""That\u2019s beautiful. I\u2019ve been realizing how much environment affects my practice.""}, {""speaker"": ""A"", ""message"": ""I got into meditation after feeling pretty burned out last year.""}, {""speaker"": ""B"", ""message"": ""Same. I think finding aligned community is the hardest part.""}, {""speaker"": ""A"", ""message"": ""Yeah, I\u2019ve been wanting something that feels more intentional than just another meetup.""}, {""speaker"": ""B"", ""message"": ""Makes sense""}, {""speaker"": ""A"", ""message"": ""Nice""}, {""speaker"": ""B"", ""message"": ""I relate to that. It\u2019s easy to practice alone, but harder to stay consistent without support.""}, {""speaker"": ""A"", ""message"": ""Love that""}, {""speaker"": ""B"", ""message"": ""Nice""}, {""speaker"": ""A"", ""message"": ""I\u2019m trying to spend less time online and more time in real community.""}, {""speaker"": ""B"", ""message"": ""Mostly journaling, breathwork, and trying to be more present.""}]",50.2,8,8,4,7.4,6,healthy
C0371,U198,U194,"[{""speaker"": ""A"", ""message"": ""Yeah totally""}, {""speaker"": ""B"", ""message"": ""That\u2019s cool""}, {""speaker"": ""A"", ""message"": ""Hey haha""}, {""speaker"": ""B"", ""message"": ""Any plans this weekend?""}, {""speaker"": ""A"", ""message"": ""Hey haha""}, {""speaker"": ""B"", ""message"": ""That\u2019s cool""}, {""speaker"": ""A"", ""message"": ""Nice""}, {""speaker"": ""B"", ""message"": ""Yeah totally""}]",1326.2,4,4,5,2.1,25,stalled
C0372,U091,U031,"[{""speaker"": ""A"", ""message"": ""What kind of practices are helping you lately?""}, {""speaker"": ""B"", ""message"": ""Yeah, still figuring it out.""}, {""speaker"": ""A"", ""message"": ""I relate to that. It\u2019s easy to practice alone, but harder to stay consistent without support.""}, {""speaker"": ""A"", ""message"": ""Honestly I\u2019ve been craving more grounded community lately.""}, {""speaker"": ""A"", ""message"": ""Most of my friends aren\u2019t really into this kind of stuff.""}, {""speaker"": ""A"", ""message"": ""Mostly journaling, breathwork, and trying to be more present.""}, {""speaker"": ""A"", ""message"": ""Most of my friends aren\u2019t really into this kind of stuff.""}, {""speaker"": ""A"", ""message"": ""I got into meditation after feeling pretty burned out last year.""}, {""speaker"": ""A"", ""message"": ""Mostly journaling, breathwork, and trying to be more present.""}, {""speaker"": ""A"", ""message"": ""I\u2019ve been wanting to meet more intentional people honestly.""}, {""speaker"": ""A"", ""message"": ""Do you usually go to things like this?""}, {""speaker"": ""A"", ""message"": ""I\u2019ve been wanting to meet more intentional people honestly.""}, {""speaker"": ""A"", ""message"": ""Same. I think finding aligned community is the hardest part.""}, {""speaker"": ""A"", ""message"": ""I think community makes practice feel more real.""}, {""speaker"": ""A"", ""message"": ""Most of my friends aren\u2019t really into this kind of stuff.""}]",181.3,14,1,6,9.5,10,one_sided
C0373,U032,U159,"[{""speaker"": ""A"", ""message"": ""What brought you to Sangha?""}, {""speaker"": ""B"", ""message"": ""I\u2019m trying to spend less time online and more time in real community.""}, {""speaker"": ""A"", ""message"": ""Makes sense""}, {""speaker"": ""B"", ""message"": ""Yeah, I\u2019ve been wanting something that feels more intentional than just another meetup.""}, {""speaker"": ""A"", ""message"": ""Haha same""}, {""speaker"": ""B"", ""message"": ""Nice""}, {""speaker"": ""A"", ""message"": ""For sure""}, {""speaker"": ""B"", ""message"": ""Haha same""}, {""speaker"": ""A"", ""message"": ""I got into meditation after feeling pretty burned out last year.""}, {""speaker"": ""B"", ""message"": ""I relate to that. It\u2019s easy to practice alone, but harder to stay consistent without support.""}, {""speaker"": ""A"", ""message"": ""Nice""}, {""speaker"": ""B"", ""message"": ""I feel like I\u2019ve been searching for deeper connection.""}, {""speaker"": ""A"", ""message"": ""I\u2019ve been wanting to meet people who care about inner growth.""}, {""speaker"": ""B"", ""message"": ""I got into meditation after feeling pretty burned out last year.""}, {""speaker"": ""A"", ""message"": ""That makes sense. A lot of social spaces feel pretty surface-level.""}, {""speaker"": ""B"", ""message"": ""I relate to that. It\u2019s easy to practice alone, but harder to stay consistent without support.""}, {""speaker"": ""A"", ""message"": ""Same. I think finding aligned community is the hardest part.""}, {""speaker"": ""B"", ""message"": ""I relate to that. It\u2019s easy to practice alone, but harder to stay consistent without support.""}]",55.7,9,9,12,8.4,20,ready_for_event
C0374,U066,U042,"[{""speaker"": ""A"", ""message"": ""Do you usually go to wellness events?""}, {""speaker"": ""B"", ""message"": ""Mostly journaling, breathwork, and trying to be more present.""}, {""speaker"": ""A"", ""message"": ""That\u2019s beautiful. I\u2019ve been realizing how much environment affects my practice.""}, {""speaker"": ""B"", ""message"": ""Yeah I\u2019ve been feeling that too. It would be nice to meet people in person.""}, {""speaker"": ""A"", ""message"": ""There\u2019s actually a sound bath this weekend I was thinking of going to.""}, {""speaker"": ""B"", ""message"": ""Wait that actually sounds amazing.""}, {""speaker"": ""A"", ""message"": ""You should come if you\u2019re free.""}, {""speaker"": ""B"", ""message"": ""I\u2019d definitely be down.""}, {""speaker"": ""A"", ""message"": ""Amazing, I\u2019ll send you the details \ud83d\ude4f""}, {""speaker"": ""B"", ""message"": ""Perfect, thank you :)""}]",8.4,5,5,18,8.1,8,ready_for_event
C0375,U046,U108,"[{""speaker"": ""A"", ""message"": ""Do you usually go to wellness events?""}, {""speaker"": ""B"", ""message"": ""I\u2019m trying to spend less time online and more time in real community.""}, {""speaker"": ""A"", ""message"": ""Yeah, I\u2019ve been wanting something that feels more intentional than just another meetup.""}, {""speaker"": ""B"", ""message"": ""Yeah I\u2019ve been feeling that too. It would be nice to meet people in person.""}, {""speaker"": ""A"", ""message"": ""There\u2019s actually a sound bath this weekend I was thinking of going to.""}, {""speaker"": ""B"", ""message"": ""Wait that actually sounds amazing.""}, {""speaker"": ""A"", ""message"": ""You should come if you\u2019re free.""}, {""speaker"": ""B"", ""message"": ""I\u2019d definitely be down.""}, {""speaker"": ""A"", ""message"": ""Amazing, I\u2019ll send you the details \ud83d\ude4f""}, {""speaker"": ""B"", ""message"": ""Perfect, thank you :)""}]",23.2,5,5,23,8.7,7,ready_for_event
C0376,U176,U078,"[{""speaker"": ""A"", ""message"": ""What brought you to Sangha?""}, {""speaker"": ""B"", ""message"": ""I\u2019ve been wanting more community honestly.""}, {""speaker"": ""A"", ""message"": ""That makes sense.""}, {""speaker"": ""B"", ""message"": ""What kind of practices are you into?""}, {""speaker"": ""A"", ""message"": ""Sorry just saw this.""}, {""speaker"": ""B"", ""message"": ""What kind of practices are you into?""}]",4420.3,3,3,7,5.3,126,stalled
C0377,U120,U048,"[{""speaker"": ""A"", ""message"": ""Are you looking more for events, community, or personal practice right now?""}, {""speaker"": ""B"", ""message"": ""I\u2019m trying to spend less time online and more time in real community.""}, {""speaker"": ""A"", ""message"": ""That makes sense. A lot of social spaces feel pretty surface-level.""}, {""speaker"": ""B"", ""message"": ""I feel like I\u2019ve been searching for deeper connection.""}, {""speaker"": ""A"", ""message"": ""Love that""}, {""speaker"": ""B"", ""message"": ""I\u2019m trying to spend less time online and more time in real community.""}, {""speaker"": ""A"", ""message"": ""Same. I think finding aligned community is the hardest part.""}, {""speaker"": ""B"", ""message"": ""Honestly I\u2019ve been craving more grounded community lately.""}, {""speaker"": ""A"", ""message"": ""Nice""}, {""speaker"": ""B"", ""message"": ""Yeah, I\u2019ve been wanting something that feels more intentional than just another meetup.""}]",99.4,5,5,10,9.2,3,ready_for_event
C0378,U039,U122,"[{""speaker"": ""A"", ""message"": ""Have you been exploring spirituality for a while?""}, {""speaker"": ""B"", ""message"": ""Honestly I\u2019ve been craving more grounded community lately.""}, {""speaker"": ""A"", ""message"": ""Yeah, I\u2019ve been wanting something that feels more intentional than just another meetup.""}, {""speaker"": ""B"", ""message"": ""Yeah I\u2019ve been feeling that too. It would be nice to meet people in person.""}, {""speaker"": ""A"", ""message"": ""Would you ever want to go to a kirtan together sometime?""}, {""speaker"": ""B"", ""message"": ""Wait that actually sounds amazing.""}, {""speaker"": ""A"", ""message"": ""You should come if you\u2019re free.""}, {""speaker"": ""B"", ""message"": ""I\u2019d definitely be down.""}, {""speaker"": ""A"", ""message"": ""Amazing, I\u2019ll send you the details \ud83d\ude4f""}, {""speaker"": ""B"", ""message"": ""Perfect, thank you :)""}, {""speaker"": ""A"", ""message"": ""I think it could be a nice low-pressure way to meet.""}, {""speaker"": ""B"", ""message"": ""Agreed. I like that it\u2019s centered around practice, not just chatting.""}]",50.9,6,6,15,8.6,3,ready_for_event
C0379,U112,U043,"[{""speaker"": ""A"", ""message"": ""Hey haha""}, {""speaker"": ""B"", ""message"": ""Same""}, {""speaker"": ""A"", ""message"": ""How\u2019s your week going?""}, {""speaker"": ""B"", ""message"": ""Busy honestly""}, {""speaker"": ""A"", ""message"": ""Love that""}, {""speaker"": ""B"", ""message"": ""Same""}, {""speaker"": ""A"", ""message"": ""Yeah totally""}, {""speaker"": ""B"", ""message"": ""Hey haha""}, {""speaker"": ""A"", ""message"": ""Hey!""}]",739.9,5,4,8,1.9,21,shallow
C0380,U139,U091,"[{""speaker"": ""A"", ""message"": ""Have you been exploring spirituality for a while?""}, {""speaker"": ""B"", ""message"": ""I feel like I\u2019ve been searching for deeper connection.""}, {""speaker"": ""A"", ""message"": ""Honestly I\u2019ve been craving more grounded community lately.""}, {""speaker"": ""B"", ""message"": ""Love that""}, {""speaker"": ""A"", ""message"": ""Yeah, I\u2019ve been wanting something that feels more intentional than just another meetup.""}, {""speaker"": ""B"", ""message"": ""For sure""}, {""speaker"": ""A"", ""message"": ""That makes sense. A lot of social spaces feel pretty surface-level.""}, {""speaker"": ""B"", ""message"": ""I\u2019ve been wanting to meet people who care about inner growth.""}, {""speaker"": ""A"", ""message"": ""Totally""}]",148.6,5,4,8,7.2,14,ready_for_event
C0381,U038,U047,"[{""speaker"": ""A"", ""message"": ""Do you usually go to wellness events?""}, {""speaker"": ""B"", ""message"": ""I feel like I\u2019ve been searching for deeper connection.""}, {""speaker"": ""A"", ""message"": ""Love that""}, {""speaker"": ""B"", ""message"": ""That\u2019s beautiful. I\u2019ve been realizing how much environment affects my practice.""}, {""speaker"": ""A"", ""message"": ""I\u2019m trying to spend less time online and more time in real community.""}, {""speaker"": ""B"", ""message"": ""Honestly I\u2019ve been craving more grounded community lately.""}, {""speaker"": ""A"", ""message"": ""Nice""}, {""speaker"": ""B"", ""message"": ""Love that""}, {""speaker"": ""A"", ""message"": ""I\u2019m trying to spend less time online and more time in real community.""}, {""speaker"": ""B"", ""message"": ""Love that""}, {""speaker"": ""A"", ""message"": ""Haha same""}, {""speaker"": ""B"", ""message"": ""Yeah""}, {""speaker"": ""A"", ""message"": ""Totally""}, {""speaker"": ""B"", ""message"": ""That\u2019s beautiful. I\u2019ve been realizing how much environment affects my practice.""}, {""speaker"": ""A"", ""message"": ""Yeah""}, {""speaker"": ""B"", ""message"": ""Totally""}]",346.3,8,8,11,5.3,5,ready_for_event
C0382,U192,U043,"[{""speaker"": ""A"", ""message"": ""Do you usually go to wellness events?""}, {""speaker"": ""B"", ""message"": ""Mostly just exploring right now.""}]",4022.3,1,1,9,6.0,57,stalled
C0383,U012,U075,"[{""speaker"": ""A"", ""message"": ""What kind of practices are helping you lately?""}, {""speaker"": ""B"", ""message"": ""I feel like I\u2019ve been searching for deeper connection.""}, {""speaker"": ""A"", ""message"": ""I feel like I\u2019ve been searching for deeper connection.""}, {""speaker"": ""B"", ""message"": ""That\u2019s beautiful. I\u2019ve been realizing how much environment affects my practice.""}, {""speaker"": ""A"", ""message"": ""I\u2019ve been wanting to meet people who care about inner growth.""}, {""speaker"": ""B"", ""message"": ""For sure""}, {""speaker"": ""A"", ""message"": ""Honestly I\u2019ve been craving more grounded community lately.""}, {""speaker"": ""B"", ""message"": ""Makes sense""}, {""speaker"": ""A"", ""message"": ""I got into meditation after feeling pretty burned out last year.""}, {""speaker"": ""B"", ""message"": ""I\u2019ve been wanting to meet people who care about inner growth.""}, {""speaker"": ""A"", ""message"": ""That makes sense. A lot of social spaces feel pretty surface-level.""}, {""speaker"": ""B"", ""message"": ""Yeah, I\u2019ve been wanting something that feels more intentional than just another meetup.""}, {""speaker"": ""A"", ""message"": ""Makes sense""}, {""speaker"": ""B"", ""message"": ""That makes sense. A lot of social spaces feel pretty surface-level.""}, {""speaker"": ""A"", ""message"": ""Love that""}]",164.8,8,7,4,8.1,5,healthy
C0384,U040,U112,"[{""speaker"": ""A"", ""message"": ""Do you usually go to wellness events?""}, {""speaker"": ""B"", ""message"": ""Just exploring a bit.""}, {""speaker"": ""A"", ""message"": ""I feel like I\u2019ve been searching for deeper connection.""}, {""speaker"": ""A"", ""message"": ""I got into meditation after feeling pretty burned out last year.""}, {""speaker"": ""A"", ""message"": ""I think community makes practice feel more real.""}, {""speaker"": ""A"", ""message"": ""Most of my friends aren\u2019t really into this kind of stuff.""}, {""speaker"": ""A"", ""message"": ""That\u2019s beautiful. I\u2019ve been realizing how much environment affects my practice.""}, {""speaker"": ""A"", ""message"": ""Do you usually go to things like this?""}, {""speaker"": ""A"", ""message"": ""Same. I think finding aligned community is the hardest part.""}, {""speaker"": ""B"", ""message"": ""Totally""}, {""speaker"": ""A"", ""message"": ""Do you usually go to things like this?""}, {""speaker"": ""A"", ""message"": ""Yeah, I\u2019ve been wanting something that feels more intentional than just another meetup.""}]",642.0,10,2,12,8.4,4,one_sided
C0385,U030,U139,"[{""speaker"": ""A"", ""message"": ""Hey!""}, {""speaker"": ""B"", ""message"": ""Yeah totally""}, {""speaker"": ""A"", ""message"": ""Hey haha""}, {""speaker"": ""B"", ""message"": ""How\u2019s your week going?""}, {""speaker"": ""A"", ""message"": ""Busy honestly""}, {""speaker"": ""B"", ""message"": ""Same""}]",2630.4,3,3,5,2.0,4,shallow
C0386,U042,U073,"[{""speaker"": ""A"", ""message"": ""Do you usually go to wellness events?""}, {""speaker"": ""B"", ""message"": ""I\u2019m trying to spend less time online and more time in real community.""}, {""speaker"": ""A"", ""message"": ""Nice""}, {""speaker"": ""B"", ""message"": ""I\u2019ve been wanting to meet people who care about inner growth.""}, {""speaker"": ""A"", ""message"": ""I\u2019ve been wanting to meet people who care about inner growth.""}, {""speaker"": ""B"", ""message"": ""Yeah""}, {""speaker"": ""A"", ""message"": ""Cool""}, {""speaker"": ""B"", ""message"": ""That\u2019s beautiful. I\u2019ve been realizing how much environment affects my practice.""}, {""speaker"": ""A"", ""message"": ""I relate to that. It\u2019s easy to practice alone, but harder to stay consistent without support.""}, {""speaker"": ""B"", ""message"": ""I\u2019ve been wanting to meet people who care about inner growth.""}, {""speaker"": ""A"", ""message"": ""I\u2019ve been wanting to meet people who care about inner growth.""}, {""speaker"": ""B"", ""message"": ""Honestly I\u2019ve been craving more grounded community lately.""}, {""speaker"": ""A"", ""message"": ""Same. I think finding aligned community is the hardest part.""}, {""speaker"": ""B"", ""message"": ""I\u2019ve been wanting to meet people who care about inner growth.""}, {""speaker"": ""A"", ""message"": ""Cool""}, {""speaker"": ""B"", ""message"": ""Same. I think finding aligned community is the hardest part.""}, {""speaker"": ""A"", ""message"": ""I got into meditation after feeling pretty burned out last year.""}]",164.4,9,8,4,8.5,15,healthy
C0387,U031,U193,"[{""speaker"": ""A"", ""message"": ""Have you been exploring spirituality for a while?""}, {""speaker"": ""B"", ""message"": ""Mostly journaling, breathwork, and trying to be more present.""}, {""speaker"": ""A"", ""message"": ""I relate to that. It\u2019s easy to practice alone, but harder to stay consistent without support.""}, {""speaker"": ""B"", ""message"": ""Yeah I\u2019ve been feeling that too. It would be nice to meet people in person.""}, {""speaker"": ""A"", ""message"": ""There\u2019s a meditation event next Thursday that looks really grounding.""}, {""speaker"": ""B"", ""message"": ""Wait that actually sounds amazing.""}, {""speaker"": ""A"", ""message"": ""You should come if you\u2019re free.""}, {""speaker"": ""B"", ""message"": ""I\u2019d definitely be down.""}, {""speaker"": ""A"", ""message"": ""Amazing, I\u2019ll send you the details \ud83d\ude4f""}, {""speaker"": ""B"", ""message"": ""Perfect, thank you :)""}]",94.0,5,5,6,8.4,1,ready_for_event
C0388,U024,U006,"[{""speaker"": ""B"", ""message"": ""Are you looking more for events, community, or personal practice right now?""}, {""speaker"": ""A"", ""message"": ""Yeah, still figuring it out.""}, {""speaker"": ""B"", ""message"": ""I feel like I\u2019ve been searching for deeper connection.""}, {""speaker"": ""B"", ""message"": ""I feel like I\u2019ve been searching for deeper connection.""}, {""speaker"": ""B"", ""message"": ""Same. I think finding aligned community is the hardest part.""}, {""speaker"": ""B"", ""message"": ""Honestly I\u2019ve been craving more grounded community lately.""}, {""speaker"": ""A"", ""message"": ""Totally""}, {""speaker"": ""B"", ""message"": ""I got into meditation after feeling pretty burned out last year.""}, {""speaker"": ""B"", ""message"": ""I feel like I\u2019ve been searching for deeper connection.""}, {""speaker"": ""B"", ""message"": ""Honestly I\u2019ve been craving more grounded community lately.""}]",599.9,2,8,5,8.2,30,one_sided
C0389,U153,U061,"[{""speaker"": ""A"", ""message"": ""Pretty good""}, {""speaker"": ""B"", ""message"": ""Any plans this weekend?""}, {""speaker"": ""A"", ""message"": ""Not really haha""}, {""speaker"": ""B"", ""message"": ""Any plans this weekend?""}, {""speaker"": ""A"", ""message"": ""Nice""}, {""speaker"": ""B"", ""message"": ""How\u2019s your week going?""}, {""speaker"": ""A"", ""message"": ""Love that""}, {""speaker"": ""B"", ""message"": ""Same""}]",1853.6,4,4,7,2.6,17,shallow
C0390,U064,U156,"[{""speaker"": ""B"", ""message"": ""Are you looking more for events, community, or personal practice right now?""}, {""speaker"": ""A"", ""message"": ""Yeah, still figuring it out.""}, {""speaker"": ""B"", ""message"": ""I\u2019m trying to spend less time online and more time in real community.""}, {""speaker"": ""B"", ""message"": ""I\u2019ve been wanting to meet more intentional people honestly.""}, {""speaker"": ""B"", ""message"": ""That\u2019s beautiful. I\u2019ve been realizing how much environment affects my practice.""}, {""speaker"": ""B"", ""message"": ""I relate to that. It\u2019s easy to practice alone, but harder to stay consistent without support.""}, {""speaker"": ""A"", ""message"": ""Yeah""}, {""speaker"": ""B"", ""message"": ""I\u2019ve been wanting to meet people who care about inner growth.""}, {""speaker"": ""B"", ""message"": ""I got into meditation after feeling pretty burned out last year.""}, {""speaker"": ""B"", ""message"": ""That\u2019s beautiful. I\u2019ve been realizing how much environment affects my practice.""}, {""speaker"": ""B"", ""message"": ""Yeah, I\u2019ve been wanting something that feels more intentional than just another meetup.""}, {""speaker"": ""B"", ""message"": ""Do you usually go to things like this?""}, {""speaker"": ""B"", ""message"": ""Do you usually go to things like this?""}, {""speaker"": ""B"", ""message"": ""I\u2019ve been wanting to meet more intentional people honestly.""}]",695.4,2,12,11,9.9,10,one_sided
C0391,U174,U167,"[{""speaker"": ""A"", ""message"": ""Are you looking more for events, community, or personal practice right now?""}, {""speaker"": ""B"", ""message"": ""I\u2019ve been wanting to meet people who care about inner growth.""}, {""speaker"": ""A"", ""message"": ""Same. I think finding aligned community is the hardest part.""}, {""speaker"": ""B"", ""message"": ""Yeah I\u2019ve been feeling that too. It would be nice to meet people in person.""}, {""speaker"": ""A"", ""message"": ""There\u2019s a community yoga and tea gathering this weekend.""}, {""speaker"": ""B"", ""message"": ""Wait that actually sounds amazing.""}, {""speaker"": ""A"", ""message"": ""You should come if you\u2019re free.""}, {""speaker"": ""B"", ""message"": ""I\u2019d definitely be down.""}, {""speaker"": ""A"", ""message"": ""Amazing, I\u2019ll send you the details \ud83d\ude4f""}, {""speaker"": ""B"", ""message"": ""Perfect, thank you :)""}]",23.2,5,5,9,8.3,9,ready_for_event
C0392,U180,U071,"[{""speaker"": ""A"", ""message"": ""Have you been exploring spirituality for a while?""}, {""speaker"": ""B"", ""message"": ""Mostly curious.""}, {""speaker"": ""A"", ""message"": ""That makes sense. A lot of social spaces feel pretty surface-level.""}, {""speaker"": ""B"", ""message"": ""Yeah""}, {""speaker"": ""A"", ""message"": ""I\u2019ve been wanting to meet more intentional people honestly.""}, {""speaker"": ""B"", ""message"": ""Totally""}, {""speaker"": ""A"", ""message"": ""Yeah, I\u2019ve been wanting something that feels more intentional than just another meetup.""}, {""speaker"": ""A"", ""message"": ""I\u2019m trying to spend less time online and more time in real community.""}, {""speaker"": ""A"", ""message"": ""I feel like I\u2019ve been searching for deeper connection.""}, {""speaker"": ""A"", ""message"": ""I feel like I\u2019ve been searching for deeper connection.""}, {""speaker"": ""A"", ""message"": ""I got into meditation after feeling pretty burned out last year.""}, {""speaker"": ""A"", ""message"": ""I\u2019ve been wanting to meet more intentional people honestly.""}, {""speaker"": ""A"", ""message"": ""I think community makes practice feel more real.""}, {""speaker"": ""A"", ""message"": ""Do you usually go to things like this?""}, {""speaker"": ""A"", ""message"": ""Most of my friends aren\u2019t really into this kind of stuff.""}, {""speaker"": ""A"", ""message"": ""I\u2019m trying to spend less time online and more time in real community.""}]",364.5,13,3,2,8.5,3,one_sided
C0393,U139,U058,"[{""speaker"": ""A"", ""message"": ""Have you been exploring spirituality for a while?""}, {""speaker"": ""B"", ""message"": ""I\u2019ve been wanting to meet people who care about inner growth.""}, {""speaker"": ""A"", ""message"": ""I relate to that. It\u2019s easy to practice alone, but harder to stay consistent without support.""}, {""speaker"": ""B"", ""message"": ""Yeah I\u2019ve been feeling that too. It would be nice to meet people in person.""}, {""speaker"": ""A"", ""message"": ""I saw a breathwork class nearby that feels pretty aligned.""}, {""speaker"": ""B"", ""message"": ""Wait that actually sounds amazing.""}, {""speaker"": ""A"", ""message"": ""You should come if you\u2019re free.""}, {""speaker"": ""B"", ""message"": ""I\u2019d definitely be down.""}, {""speaker"": ""A"", ""message"": ""Amazing, I\u2019ll send you the details \ud83d\ude4f""}, {""speaker"": ""B"", ""message"": ""Perfect, thank you :)""}, {""speaker"": ""A"", ""message"": ""I think it could be a nice low-pressure way to meet.""}, {""speaker"": ""B"", ""message"": ""Agreed. I like that it\u2019s centered around practice, not just chatting.""}]",81.7,6,6,7,9.0,7,ready_for_event
C0394,U165,U028,"[{""speaker"": ""A"", ""message"": ""Are you looking more for events, community, or personal practice right now?""}, {""speaker"": ""B"", ""message"": ""I\u2019m trying to spend less time online and more time in real community.""}, {""speaker"": ""A"", ""message"": ""Same. I think finding aligned community is the hardest part.""}, {""speaker"": ""B"", ""message"": ""Totally""}, {""speaker"": ""A"", ""message"": ""Makes sense""}, {""speaker"": ""B"", ""message"": ""I got into meditation after feeling pretty burned out last year.""}, {""speaker"": ""A"", ""message"": ""For sure""}, {""speaker"": ""B"", ""message"": ""Cool""}, {""speaker"": ""A"", ""message"": ""Love that""}, {""speaker"": ""B"", ""message"": ""I\u2019m trying to spend less time online and more time in real community.""}, {""speaker"": ""A"", ""message"": ""Haha same""}, {""speaker"": ""B"", ""message"": ""Makes sense""}, {""speaker"": ""A"", ""message"": ""That\u2019s beautiful. I\u2019ve been realizing how much environment affects my practice.""}, {""speaker"": ""B"", ""message"": ""Haha same""}, {""speaker"": ""A"", ""message"": ""Cool""}, {""speaker"": ""B"", ""message"": ""I feel like I\u2019ve been searching for deeper connection.""}, {""speaker"": ""A"", ""message"": ""Totally""}, {""speaker"": ""B"", ""message"": ""I feel like I\u2019ve been searching for deeper connection.""}]",19.4,9,9,3,5.8,5,healthy
C0395,U111,U020,"[{""speaker"": ""A"", ""message"": ""Do you usually go to wellness events?""}, {""speaker"": ""B"", ""message"": ""Mostly just exploring right now.""}, {""speaker"": ""A"", ""message"": ""I\u2019ve had a busy week.""}, {""speaker"": ""B"", ""message"": ""Sorry just saw this.""}, {""speaker"": ""A"", ""message"": ""Yeah I relate to that.""}, {""speaker"": ""B"", ""message"": ""What kind of practices are you into?""}]",2414.6,3,3,8,5.5,38,stalled
C0396,U063,U197,"[{""speaker"": ""A"", ""message"": ""Are you looking more for events, community, or personal practice right now?""}, {""speaker"": ""B"", ""message"": ""Trying to get back into meditation.""}]",1910.3,1,1,10,9.0,163,stalled
C0397,U198,U141,"[{""speaker"": ""A"", ""message"": ""What kind of practices are helping you lately?""}, {""speaker"": ""B"", ""message"": ""Mostly curious.""}, {""speaker"": ""A"", ""message"": ""Most of my friends aren\u2019t really into this kind of stuff.""}, {""speaker"": ""A"", ""message"": ""Yeah, I\u2019ve been wanting something that feels more intentional than just another meetup.""}, {""speaker"": ""A"", ""message"": ""I got into meditation after feeling pretty burned out last year.""}, {""speaker"": ""A"", ""message"": ""I got into meditation after feeling pretty burned out last year.""}, {""speaker"": ""A"", ""message"": ""I\u2019ve been wanting to meet people who care about inner growth.""}, {""speaker"": ""A"", ""message"": ""Honestly I\u2019ve been craving more grounded community lately.""}, {""speaker"": ""A"", ""message"": ""That\u2019s beautiful. I\u2019ve been realizing how much environment affects my practice.""}, {""speaker"": ""A"", ""message"": ""Same. I think finding aligned community is the hardest part.""}]",169.8,9,1,12,9.6,22,one_sided
C0398,U168,U145,"[{""speaker"": ""A"", ""message"": ""Are you looking more for events, community, or personal practice right now?""}, {""speaker"": ""B"", ""message"": ""Mostly journaling, breathwork, and trying to be more present.""}, {""speaker"": ""A"", ""message"": ""Nice""}, {""speaker"": ""B"", ""message"": ""I feel like I\u2019ve been searching for deeper connection.""}, {""speaker"": ""A"", ""message"": ""I got into meditation after feeling pretty burned out last year.""}, {""speaker"": ""B"", ""message"": ""Mostly journaling, breathwork, and trying to be more present.""}, {""speaker"": ""A"", ""message"": ""I got into meditation after feeling pretty burned out last year.""}, {""speaker"": ""B"", ""message"": ""I got into meditation after feeling pretty burned out last year.""}, {""speaker"": ""A"", ""message"": ""Mostly journaling, breathwork, and trying to be more present.""}, {""speaker"": ""B"", ""message"": ""That\u2019s beautiful. I\u2019ve been realizing how much environment affects my practice.""}, {""speaker"": ""A"", ""message"": ""I\u2019ve been wanting to meet people who care about inner growth.""}, {""speaker"": ""B"", ""message"": ""Yeah""}, {""speaker"": ""A"", ""message"": ""Makes sense""}, {""speaker"": ""B"", ""message"": ""Mostly journaling, breathwork, and trying to be more present.""}, {""speaker"": ""A"", ""message"": ""I\u2019m trying to spend less time online and more time in real community.""}, {""speaker"": ""B"", ""message"": ""That makes sense. A lot of social spaces feel pretty surface-level.""}]",277.4,8,8,6,8.8,4,ready_for_event
C0399,U023,U005,"[{""speaker"": ""A"", ""message"": ""What kind of practices are helping you lately?""}, {""speaker"": ""B"", ""message"": ""I feel like I\u2019ve been searching for deeper connection.""}, {""speaker"": ""A"", ""message"": ""That makes sense. A lot of social spaces feel pretty surface-level.""}, {""speaker"": ""B"", ""message"": ""Yeah I\u2019ve been feeling that too. It would be nice to meet people in person.""}, {""speaker"": ""A"", ""message"": ""There\u2019s actually a sound bath this weekend I was thinking of going to.""}, {""speaker"": ""B"", ""message"": ""Wait that actually sounds amazing.""}, {""speaker"": ""A"", ""message"": ""You should come if you\u2019re free.""}, {""speaker"": ""B"", ""message"": ""I\u2019d definitely be down.""}, {""speaker"": ""A"", ""message"": ""Amazing, I\u2019ll send you the details \ud83d\ude4f""}, {""speaker"": ""B"", ""message"": ""Perfect, thank you :)""}]",77.7,5,5,22,8.2,2,ready_for_event
C0400,U167,U175,"[{""speaker"": ""B"", ""message"": ""What kind of practices are helping you lately?""}, {""speaker"": ""A"", ""message"": ""Just exploring a bit.""}, {""speaker"": ""B"", ""message"": ""Yeah, I\u2019ve been wanting something that feels more intentional than just another meetup.""}, {""speaker"": ""B"", ""message"": ""Do you usually go to things like this?""}, {""speaker"": ""B"", ""message"": ""Most of my friends aren\u2019t really into this kind of stuff.""}, {""speaker"": ""B"", ""message"": ""I\u2019ve been wanting to meet people who care about inner growth.""}, {""speaker"": ""B"", ""message"": ""Yeah, I\u2019ve been wanting something that feels more intentional than just another meetup.""}, {""speaker"": ""B"", ""message"": ""Most of my friends aren\u2019t really into this kind of stuff.""}, {""speaker"": ""B"", ""message"": ""That\u2019s beautiful. I\u2019ve been realizing how much environment affects my practice.""}, {""speaker"": ""B"", ""message"": ""I got into meditation after feeling pretty burned out last year.""}]",944.6,1,9,4,10.1,28,one_sided
C0401,U048,U031,"[{""speaker"": ""A"", ""message"": ""Have you been exploring spirituality for a while?""}, {""speaker"": ""B"", ""message"": ""I\u2019ve been wanting more community honestly.""}, {""speaker"": ""A"", ""message"": ""Yeah I relate to that.""}, {""speaker"": ""B"", ""message"": ""What kind of practices are you into?""}, {""speaker"": ""A"", ""message"": ""Yeah I relate to that.""}]",4355.4,3,2,1,6.2,137,stalled
C0402,U080,U095,"[{""speaker"": ""A"", ""message"": ""Are you looking more for events, community, or personal practice right now?""}, {""speaker"": ""B"", ""message"": ""I\u2019ve been wanting to meet people who care about inner growth.""}, {""speaker"": ""A"", ""message"": ""Cool""}, {""speaker"": ""B"", ""message"": ""I relate to that. It\u2019s easy to practice alone, but harder to stay consistent without support.""}, {""speaker"": ""A"", ""message"": ""For sure""}, {""speaker"": ""B"", ""message"": ""I relate to that. It\u2019s easy to practice alone, but harder to stay consistent without support.""}, {""speaker"": ""A"", ""message"": ""That\u2019s beautiful. I\u2019ve been realizing how much environment affects my practice.""}, {""speaker"": ""B"", ""message"": ""Love that""}]",283.8,4,4,2,8.9,16,healthy
C0403,U195,U082,"[{""speaker"": ""A"", ""message"": ""What kind of practices are helping you lately?""}, {""speaker"": ""B"", ""message"": ""Mostly just exploring right now.""}, {""speaker"": ""A"", ""message"": ""That makes sense.""}, {""speaker"": ""B"", ""message"": ""Sorry just saw this.""}, {""speaker"": ""A"", ""message"": ""Sorry just saw this.""}, {""speaker"": ""B"", ""message"": ""I\u2019ve had a busy week.""}]",5144.8,3,3,1,4.8,116,stalled
C0404,U168,U096,"[{""speaker"": ""A"", ""message"": ""Do you usually go to wellness events?""}, {""speaker"": ""B"", ""message"": ""Honestly I\u2019ve been craving more grounded community lately.""}, {""speaker"": ""A"", ""message"": ""That makes sense. A lot of social spaces feel pretty surface-level.""}, {""speaker"": ""B"", ""message"": ""Cool""}, {""speaker"": ""A"", ""message"": ""Mostly journaling, breathwork, and trying to be more present.""}, {""speaker"": ""B"", ""message"": ""Makes sense""}, {""speaker"": ""A"", ""message"": ""Honestly I\u2019ve been craving more grounded community lately.""}, {""speaker"": ""B"", ""message"": ""I\u2019m trying to spend less time online and more time in real community.""}, {""speaker"": ""A"", ""message"": ""I feel like I\u2019ve been searching for deeper connection.""}, {""speaker"": ""B"", ""message"": ""That\u2019s beautiful. I\u2019ve been realizing how much environment affects my practice.""}, {""speaker"": ""A"", ""message"": ""Yeah""}, {""speaker"": ""B"", ""message"": ""Nice""}, {""speaker"": ""A"", ""message"": ""Makes sense""}, {""speaker"": ""B"", ""message"": ""Cool""}, {""speaker"": ""A"", ""message"": ""Honestly I\u2019ve been craving more grounded community lately.""}]",326.1,8,7,2,6.1,19,healthy
C0405,U114,U112,"[{""speaker"": ""A"", ""message"": ""Do you usually go to wellness events?""}, {""speaker"": ""B"", ""message"": ""I feel like I\u2019ve been searching for deeper connection.""}, {""speaker"": ""A"", ""message"": ""Totally""}, {""speaker"": ""B"", ""message"": ""Same. I think finding aligned community is the hardest part.""}, {""speaker"": ""A"", ""message"": ""Makes sense""}, {""speaker"": ""B"", ""message"": ""Love that""}, {""speaker"": ""A"", ""message"": ""I relate to that. It\u2019s easy to practice alone, but harder to stay consistent without support.""}, {""speaker"": ""B"", ""message"": ""I got into meditation after feeling pretty burned out last year.""}, {""speaker"": ""A"", ""message"": ""Honestly I\u2019ve been craving more grounded community lately.""}, {""speaker"": ""B"", ""message"": ""I\u2019m trying to spend less time online and more time in real community.""}, {""speaker"": ""A"", ""message"": ""Totally""}]",228.9,6,5,10,7.3,9,ready_for_event
C0406,U093,U007,"[{""speaker"": ""B"", ""message"": ""What kind of practices are helping you lately?""}, {""speaker"": ""A"", ""message"": ""Yeah, still figuring it out.""}, {""speaker"": ""B"", ""message"": ""Honestly I\u2019ve been craving more grounded community lately.""}, {""speaker"": ""B"", ""message"": ""Honestly I\u2019ve been craving more grounded community lately.""}, {""speaker"": ""B"", ""message"": ""Mostly journaling, breathwork, and trying to be more present.""}, {""speaker"": ""B"", ""message"": ""I relate to that. It\u2019s easy to practice alone, but harder to stay consistent without support.""}, {""speaker"": ""B"", ""message"": ""Same. I think finding aligned community is the hardest part.""}, {""speaker"": ""B"", ""message"": ""That makes sense. A lot of social spaces feel pretty surface-level.""}, {""speaker"": ""B"", ""message"": ""Do you usually go to things like this?""}, {""speaker"": ""B"", ""message"": ""I\u2019ve been wanting to meet more intentional people honestly.""}, {""speaker"": ""B"", ""message"": ""I\u2019m trying to spend less time online and more time in real community.""}, {""speaker"": ""B"", ""message"": ""That\u2019s beautiful. I\u2019ve been realizing how much environment affects my practice.""}, {""speaker"": ""B"", ""message"": ""I\u2019ve been wanting to meet people who care about inner growth.""}]",669.4,1,12,13,9.8,13,one_sided
C0407,U130,U137,"[{""speaker"": ""A"", ""message"": ""What brought you to Sangha?""}, {""speaker"": ""B"", ""message"": ""I got into meditation after feeling pretty burned out last year.""}, {""speaker"": ""A"", ""message"": ""Yeah, I\u2019ve been wanting something that feels more intentional than just another meetup.""}, {""speaker"": ""B"", ""message"": ""I feel like I\u2019ve been searching for deeper connection.""}, {""speaker"": ""A"", ""message"": ""Same. I think finding aligned community is the hardest part.""}, {""speaker"": ""B"", ""message"": ""Makes sense""}, {""speaker"": ""A"", ""message"": ""Love that""}, {""speaker"": ""B"", ""message"": ""Yeah, I\u2019ve been wanting something that feels more intentional than just another meetup.""}, {""speaker"": ""A"", ""message"": ""Yeah""}, {""speaker"": ""B"", ""message"": ""I relate to that. It\u2019s easy to practice alone, but harder to stay consistent without support.""}, {""speaker"": ""A"", ""message"": ""Totally""}, {""speaker"": ""B"", ""message"": ""That makes sense. A lot of social spaces feel pretty surface-level.""}, {""speaker"": ""A"", ""message"": ""For sure""}, {""speaker"": ""B"", ""message"": ""Cool""}, {""speaker"": ""A"", ""message"": ""I\u2019ve been wanting to meet people who care about inner growth.""}, {""speaker"": ""B"", ""message"": ""Yeah, I\u2019ve been wanting something that feels more intentional than just another meetup.""}, {""speaker"": ""A"", ""message"": ""I\u2019m trying to spend less time online and more time in real community.""}]",373.1,9,8,3,7.9,4,healthy
C0408,U059,U151,"[{""speaker"": ""A"", ""message"": ""Have you been exploring spirituality for a while?""}, {""speaker"": ""B"", ""message"": ""I feel like I\u2019ve been searching for deeper connection.""}, {""speaker"": ""A"", ""message"": ""That\u2019s beautiful. I\u2019ve been realizing how much environment affects my practice.""}, {""speaker"": ""B"", ""message"": ""Yeah I\u2019ve been feeling that too. It would be nice to meet people in person.""}, {""speaker"": ""A"", ""message"": ""Would you ever want to go to a kirtan together sometime?""}, {""speaker"": ""B"", ""message"": ""Wait that actually sounds amazing.""}, {""speaker"": ""A"", ""message"": ""You should come if you\u2019re free.""}, {""speaker"": ""B"", ""message"": ""I\u2019d definitely be down.""}, {""speaker"": ""A"", ""message"": ""Amazing, I\u2019ll send you the details \ud83d\ude4f""}, {""speaker"": ""B"", ""message"": ""Perfect, thank you :)""}, {""speaker"": ""A"", ""message"": ""I think it could be a nice low-pressure way to meet.""}, {""speaker"": ""B"", ""message"": ""Agreed. I like that it\u2019s centered around practice, not just chatting.""}]",7.4,6,6,6,8.5,11,ready_for_event
C0409,U063,U163,"[{""speaker"": ""A"", ""message"": ""Hey haha""}, {""speaker"": ""B"", ""message"": ""How\u2019s your week going?""}, {""speaker"": ""A"", ""message"": ""How\u2019s your week going?""}, {""speaker"": ""B"", ""message"": ""How\u2019s your week going?""}, {""speaker"": ""A"", ""message"": ""Same""}, {""speaker"": ""B"", ""message"": ""Yeah totally""}, {""speaker"": ""A"", ""message"": ""Hey haha""}, {""speaker"": ""B"", ""message"": ""Any plans this weekend?""}, {""speaker"": ""A"", ""message"": ""That\u2019s cool""}, {""speaker"": ""B"", ""message"": ""Same""}, {""speaker"": ""A"", ""message"": ""Not really haha""}, {""speaker"": ""B"", ""message"": ""Same""}]",999.7,6,6,8,2.5,4,healthy
C0410,U063,U029,"[{""speaker"": ""A"", ""message"": ""Are you looking more for events, community, or personal practice right now?""}, {""speaker"": ""B"", ""message"": ""I\u2019ve been wanting to meet people who care about inner growth.""}, {""speaker"": ""A"", ""message"": ""I relate to that. It\u2019s easy to practice alone, but harder to stay consistent without support.""}, {""speaker"": ""B"", ""message"": ""Yeah I\u2019ve been feeling that too. It would be nice to meet people in person.""}, {""speaker"": ""A"", ""message"": ""There\u2019s actually a sound bath this weekend I was thinking of going to.""}, {""speaker"": ""B"", ""message"": ""Wait that actually sounds amazing.""}, {""speaker"": ""A"", ""message"": ""You should come if you\u2019re free.""}, {""speaker"": ""B"", ""message"": ""I\u2019d definitely be down.""}, {""speaker"": ""A"", ""message"": ""Amazing, I\u2019ll send you the details \ud83d\ude4f""}, {""speaker"": ""B"", ""message"": ""Perfect, thank you :)""}]",105.9,5,5,9,9.3,5,ready_for_event
C0411,U118,U128,"[{""speaker"": ""A"", ""message"": ""Love that""}, {""speaker"": ""B"", ""message"": ""That\u2019s cool""}, {""speaker"": ""A"", ""message"": ""Yeah totally""}, {""speaker"": ""B"", ""message"": ""Hey!""}, {""speaker"": ""A"", ""message"": ""Hey haha""}, {""speaker"": ""B"", ""message"": ""Busy honestly""}, {""speaker"": ""A"", ""message"": ""Hey!""}, {""speaker"": ""B"", ""message"": ""Same""}, {""speaker"": ""A"", ""message"": ""Yeah totally""}, {""speaker"": ""B"", ""message"": ""Yeah totally""}, {""speaker"": ""A"", ""message"": ""Any plans this weekend?""}, {""speaker"": ""B"", ""message"": ""Pretty good""}]",1707.1,6,6,5,1.9,17,shallow
C0412,U011,U020,"[{""speaker"": ""A"", ""message"": ""What kind of practices are helping you lately?""}, {""speaker"": ""B"", ""message"": ""I got into meditation after feeling pretty burned out last year.""}, {""speaker"": ""A"", ""message"": ""Yeah""}, {""speaker"": ""B"", ""message"": ""I\u2019ve been wanting to meet people who care about inner growth.""}, {""speaker"": ""A"", ""message"": ""I relate to that. It\u2019s easy to practice alone, but harder to stay consistent without support.""}, {""speaker"": ""B"", ""message"": ""Yeah""}, {""speaker"": ""A"", ""message"": ""I\u2019ve been wanting to meet people who care about inner growth.""}, {""speaker"": ""B"", ""message"": ""Mostly journaling, breathwork, and trying to be more present.""}, {""speaker"": ""A"", ""message"": ""Honestly I\u2019ve been craving more grounded community lately.""}, {""speaker"": ""B"", ""message"": ""I\u2019m trying to spend less time online and more time in real community.""}, {""speaker"": ""A"", ""message"": ""That\u2019s beautiful. I\u2019ve been realizing how much environment affects my practice.""}]",384.0,6,5,6,9.1,2,ready_for_event
C0413,U115,U019,"[{""speaker"": ""A"", ""message"": ""Have you been exploring spirituality for a while?""}, {""speaker"": ""B"", ""message"": ""Yeah, still figuring it out.""}, {""speaker"": ""A"", ""message"": ""Same. I think finding aligned community is the hardest part.""}, {""speaker"": ""B"", ""message"": ""Totally""}, {""speaker"": ""A"", ""message"": ""I\u2019m trying to spend less time online and more time in real community.""}, {""speaker"": ""A"", ""message"": ""Mostly journaling, breathwork, and trying to be more present.""}, {""speaker"": ""A"", ""message"": ""I think community makes practice feel more real.""}, {""speaker"": ""A"", ""message"": ""I think community makes practice feel more real.""}, {""speaker"": ""A"", ""message"": ""That makes sense. A lot of social spaces feel pretty surface-level.""}, {""speaker"": ""B"", ""message"": ""Yeah""}, {""speaker"": ""A"", ""message"": ""Yeah, I\u2019ve been wanting something that feels more intentional than just another meetup.""}, {""speaker"": ""A"", ""message"": ""Honestly I\u2019ve been craving more grounded community lately.""}, {""speaker"": ""A"", ""message"": ""I got into meditation after feeling pretty burned out last year.""}, {""speaker"": ""A"", ""message"": ""I\u2019ve been wanting to meet people who care about inner growth.""}, {""speaker"": ""A"", ""message"": ""Do you usually go to things like this?""}, {""speaker"": ""A"", ""message"": ""Most of my friends aren\u2019t really into this kind of stuff.""}, {""speaker"": ""A"", ""message"": ""I\u2019ve been wanting to meet more intentional people honestly.""}]",558.1,14,3,10,8.5,17,one_sided
C0414,U077,U065,"[{""speaker"": ""A"", ""message"": ""Have you been exploring spirituality for a while?""}, {""speaker"": ""B"", ""message"": ""Mostly journaling, breathwork, and trying to be more present.""}, {""speaker"": ""A"", ""message"": ""I got into meditation after feeling pretty burned out last year.""}, {""speaker"": ""B"", ""message"": ""I relate to that. It\u2019s easy to practice alone, but harder to stay consistent without support.""}, {""speaker"": ""A"", ""message"": ""Makes sense""}, {""speaker"": ""B"", ""message"": ""Same. I think finding aligned community is the hardest part.""}, {""speaker"": ""A"", ""message"": ""For sure""}, {""speaker"": ""B"", ""message"": ""Totally""}, {""speaker"": ""A"", ""message"": ""Yeah""}, {""speaker"": ""B"", ""message"": ""Cool""}, {""speaker"": ""A"", ""message"": ""I\u2019ve been wanting to meet people who care about inner growth.""}, {""speaker"": ""B"", ""message"": ""Yeah, I\u2019ve been wanting something that feels more intentional than just another meetup.""}, {""speaker"": ""A"", ""message"": ""Same. I think finding aligned community is the hardest part.""}, {""speaker"": ""B"", ""message"": ""Same. I think finding aligned community is the hardest part.""}, {""speaker"": ""A"", ""message"": ""I relate to that. It\u2019s easy to practice alone, but harder to stay consistent without support.""}, {""speaker"": ""B"", ""message"": ""Yeah""}, {""speaker"": ""A"", ""message"": ""Makes sense""}]",406.6,9,8,11,7.3,19,ready_for_event
C0415,U143,U040,"[{""speaker"": ""A"", ""message"": ""Are you looking more for events, community, or personal practice right now?""}, {""speaker"": ""B"", ""message"": ""Honestly I\u2019ve been craving more grounded community lately.""}, {""speaker"": ""A"", ""message"": ""That makes sense. A lot of social spaces feel pretty surface-level.""}, {""speaker"": ""B"", ""message"": ""I feel like I\u2019ve been searching for deeper connection.""}, {""speaker"": ""A"", ""message"": ""Haha same""}, {""speaker"": ""B"", ""message"": ""I\u2019m trying to spend less time online and more time in real community.""}, {""speaker"": ""A"", ""message"": ""I feel like I\u2019ve been searching for deeper connection.""}, {""speaker"": ""B"", ""message"": ""Haha same""}, {""speaker"": ""A"", ""message"": ""Totally""}, {""speaker"": ""B"", ""message"": ""I feel like I\u2019ve been searching for deeper connection.""}, {""speaker"": ""A"", ""message"": ""For sure""}]",333.8,6,5,2,7.1,9,healthy
C0416,U125,U014,"[{""speaker"": ""A"", ""message"": ""Do you usually go to wellness events?""}, {""speaker"": ""B"", ""message"": ""Mostly curious.""}, {""speaker"": ""A"", ""message"": ""Do you usually go to things like this?""}, {""speaker"": ""A"", ""message"": ""Honestly I\u2019ve been craving more grounded community lately.""}, {""speaker"": ""A"", ""message"": ""I\u2019m trying to spend less time online and more time in real community.""}, {""speaker"": ""A"", ""message"": ""I think community makes practice feel more real.""}, {""speaker"": ""A"", ""message"": ""I got into meditation after feeling pretty burned out last year.""}, {""speaker"": ""A"", ""message"": ""Mostly journaling, breathwork, and trying to be more present.""}, {""speaker"": ""A"", ""message"": ""Most of my friends aren\u2019t really into this kind of stuff.""}, {""speaker"": ""A"", ""message"": ""Most of my friends aren\u2019t really into this kind of stuff.""}, {""speaker"": ""A"", ""message"": ""That makes sense. A lot of social spaces feel pretty surface-level.""}]",738.0,10,1,12,9.0,22,one_sided
C0417,U164,U130,"[{""speaker"": ""A"", ""message"": ""Have you been exploring spirituality for a while?""}, {""speaker"": ""B"", ""message"": ""Mostly journaling, breathwork, and trying to be more present.""}, {""speaker"": ""A"", ""message"": ""Yeah""}, {""speaker"": ""B"", ""message"": ""That makes sense. A lot of social spaces feel pretty surface-level.""}, {""speaker"": ""A"", ""message"": ""Makes sense""}, {""speaker"": ""B"", ""message"": ""Haha same""}, {""speaker"": ""A"", ""message"": ""Yeah""}, {""speaker"": ""B"", ""message"": ""I\u2019m trying to spend less time online and more time in real community.""}, {""speaker"": ""A"", ""message"": ""Same. I think finding aligned community is the hardest part.""}, {""speaker"": ""B"", ""message"": ""Love that""}, {""speaker"": ""A"", ""message"": ""For sure""}, {""speaker"": ""B"", ""message"": ""Love that""}, {""speaker"": ""A"", ""message"": ""Honestly I\u2019ve been craving more grounded community lately.""}, {""speaker"": ""B"", ""message"": ""Mostly journaling, breathwork, and trying to be more present.""}]",64.3,7,7,8,5.7,15,ready_for_event
C0418,U028,U062,"[{""speaker"": ""A"", ""message"": ""Are you looking more for events, community, or personal practice right now?""}, {""speaker"": ""B"", ""message"": ""I\u2019ve been wanting more community honestly.""}]",5019.0,1,1,4,9.0,50,stalled
C0419,U188,U027,"[{""speaker"": ""A"", ""message"": ""Do you usually go to wellness events?""}, {""speaker"": ""B"", ""message"": ""Trying to get back into meditation.""}]",3233.4,1,1,10,6.5,121,stalled
C0420,U134,U044,"[{""speaker"": ""A"", ""message"": ""What brought you to Sangha?""}, {""speaker"": ""B"", ""message"": ""I feel like I\u2019ve been searching for deeper connection.""}, {""speaker"": ""A"", ""message"": ""Yeah, I\u2019ve been wanting something that feels more intentional than just another meetup.""}, {""speaker"": ""B"", ""message"": ""Yeah I\u2019ve been feeling that too. It would be nice to meet people in person.""}, {""speaker"": ""A"", ""message"": ""There\u2019s actually a sound bath this weekend I was thinking of going to.""}, {""speaker"": ""B"", ""message"": ""Wait that actually sounds amazing.""}, {""speaker"": ""A"", ""message"": ""You should come if you\u2019re free.""}, {""speaker"": ""B"", ""message"": ""I\u2019d definitely be down.""}, {""speaker"": ""A"", ""message"": ""Amazing, I\u2019ll send you the details \ud83d\ude4f""}, {""speaker"": ""B"", ""message"": ""Perfect, thank you :)""}, {""speaker"": ""A"", ""message"": ""I think it could be a nice low-pressure way to meet.""}, {""speaker"": ""B"", ""message"": ""Agreed. I like that it\u2019s centered around practice, not just chatting.""}]",38.1,6,6,12,8.6,9,ready_for_event
C0421,U002,U132,"[{""speaker"": ""A"", ""message"": ""What brought you to Sangha?""}, {""speaker"": ""B"", ""message"": ""Honestly I\u2019ve been craving more grounded community lately.""}, {""speaker"": ""A"", ""message"": ""Same. I think finding aligned community is the hardest part.""}, {""speaker"": ""B"", ""message"": ""Love that""}, {""speaker"": ""A"", ""message"": ""Totally""}, {""speaker"": ""B"", ""message"": ""Cool""}, {""speaker"": ""A"", ""message"": ""Honestly I\u2019ve been craving more grounded community lately.""}, {""speaker"": ""B"", ""message"": ""I\u2019ve been wanting to meet people who care about inner growth.""}, {""speaker"": ""A"", ""message"": ""I got into meditation after feeling pretty burned out last year.""}, {""speaker"": ""B"", ""message"": ""I\u2019m trying to spend less time online and more time in real community.""}, {""speaker"": ""A"", ""message"": ""Honestly I\u2019ve been craving more grounded community lately.""}, {""speaker"": ""B"", ""message"": ""That\u2019s beautiful. I\u2019ve been realizing how much environment affects my practice.""}, {""speaker"": ""A"", ""message"": ""I relate to that. It\u2019s easy to practice alone, but harder to stay consistent without support.""}, {""speaker"": ""B"", ""message"": ""Nice""}, {""speaker"": ""A"", ""message"": ""Love that""}, {""speaker"": ""B"", ""message"": ""That makes sense. A lot of social spaces feel pretty surface-level.""}]",429.0,8,8,7,7.4,12,ready_for_event
C0422,U042,U200,"[{""speaker"": ""A"", ""message"": ""What kind of practices are helping you lately?""}, {""speaker"": ""B"", ""message"": ""I feel like I\u2019ve been searching for deeper connection.""}, {""speaker"": ""A"", ""message"": ""Yeah, I\u2019ve been wanting something that feels more intentional than just another meetup.""}, {""speaker"": ""B"", ""message"": ""Yeah I\u2019ve been feeling that too. It would be nice to meet people in person.""}, {""speaker"": ""A"", ""message"": ""There\u2019s a community yoga and tea gathering this weekend.""}, {""speaker"": ""B"", ""message"": ""Wait that actually sounds amazing.""}, {""speaker"": ""A"", ""message"": ""You should come if you\u2019re free.""}, {""speaker"": ""B"", ""message"": ""I\u2019d definitely be down.""}, {""speaker"": ""A"", ""message"": ""Amazing, I\u2019ll send you the details \ud83d\ude4f""}, {""speaker"": ""B"", ""message"": ""Perfect, thank you :)""}]",44.3,5,5,24,8.0,12,ready_for_event
C0423,U017,U120,"[{""speaker"": ""A"", ""message"": ""What brought you to Sangha?""}, {""speaker"": ""B"", ""message"": ""Trying to get back into meditation.""}, {""speaker"": ""A"", ""message"": ""That makes sense.""}, {""speaker"": ""B"", ""message"": ""That makes sense.""}, {""speaker"": ""A"", ""message"": ""That makes sense.""}]",4613.0,3,2,6,4.0,148,stalled
C0424,U172,U021,"[{""speaker"": ""A"", ""message"": ""What kind of practices are helping you lately?""}, {""speaker"": ""B"", ""message"": ""Yeah, still figuring it out.""}, {""speaker"": ""A"", ""message"": ""Honestly I\u2019ve been craving more grounded community lately.""}, {""speaker"": ""A"", ""message"": ""I think community makes practice feel more real.""}, {""speaker"": ""B"", ""message"": ""Yeah""}, {""speaker"": ""A"", ""message"": ""Most of my friends aren\u2019t really into this kind of stuff.""}, {""speaker"": ""A"", ""message"": ""Do you usually go to things like this?""}, {""speaker"": ""A"", ""message"": ""I relate to that. It\u2019s easy to practice alone, but harder to stay consistent without support.""}, {""speaker"": ""B"", ""message"": ""Yeah""}, {""speaker"": ""A"", ""message"": ""Do you usually go to things like this?""}, {""speaker"": ""A"", ""message"": ""Honestly I\u2019ve been craving more grounded community lately.""}, {""speaker"": ""A"", ""message"": ""I\u2019ve been wanting to meet people who care about inner growth.""}, {""speaker"": ""A"", ""message"": ""Most of my friends aren\u2019t really into this kind of stuff.""}, {""speaker"": ""A"", ""message"": ""Honestly I\u2019ve been craving more grounded community lately.""}, {""speaker"": ""A"", ""message"": ""I relate to that. It\u2019s easy to practice alone, but harder to stay consistent without support.""}]",652.5,12,3,1,8.5,32,one_sided
C0425,U046,U177,"[{""speaker"": ""A"", ""message"": ""Do you usually go to wellness events?""}, {""speaker"": ""B"", ""message"": ""I feel like I\u2019ve been searching for deeper connection.""}, {""speaker"": ""A"", ""message"": ""Haha same""}, {""speaker"": ""B"", ""message"": ""Same. I think finding aligned community is the hardest part.""}, {""speaker"": ""A"", ""message"": ""I relate to that. It\u2019s easy to practice alone, but harder to stay consistent without support.""}, {""speaker"": ""B"", ""message"": ""Mostly journaling, breathwork, and trying to be more present.""}, {""speaker"": ""A"", ""message"": ""I got into meditation after feeling pretty burned out last year.""}, {""speaker"": ""B"", ""message"": ""I\u2019ve been wanting to meet people who care about inner growth.""}, {""speaker"": ""A"", ""message"": ""That makes sense. A lot of social spaces feel pretty surface-level.""}, {""speaker"": ""B"", ""message"": ""I feel like I\u2019ve been searching for deeper connection.""}, {""speaker"": ""A"", ""message"": ""Cool""}, {""speaker"": ""B"", ""message"": ""I got into meditation after feeling pretty burned out last year.""}]",109.3,6,6,4,8.9,12,healthy
C0426,U024,U162,"[{""speaker"": ""A"", ""message"": ""What kind of practices are helping you lately?""}, {""speaker"": ""B"", ""message"": ""Honestly I\u2019ve been craving more grounded community lately.""}, {""speaker"": ""A"", ""message"": ""Yeah, I\u2019ve been wanting something that feels more intentional than just another meetup.""}, {""speaker"": ""B"", ""message"": ""Yeah I\u2019ve been feeling that too. It would be nice to meet people in person.""}, {""speaker"": ""A"", ""message"": ""There\u2019s a meditation event next Thursday that looks really grounding.""}, {""speaker"": ""B"", ""message"": ""Wait that actually sounds amazing.""}, {""speaker"": ""A"", ""message"": ""You should come if you\u2019re free.""}, {""speaker"": ""B"", ""message"": ""I\u2019d definitely be down.""}, {""speaker"": ""A"", ""message"": ""Amazing, I\u2019ll send you the details \ud83d\ude4f""}, {""speaker"": ""B"", ""message"": ""Perfect, thank you :)""}, {""speaker"": ""A"", ""message"": ""I think it could be a nice low-pressure way to meet.""}, {""speaker"": ""B"", ""message"": ""Agreed. I like that it\u2019s centered around practice, not just chatting.""}]",100.6,6,6,6,8.5,8,ready_for_event
C0427,U184,U038,"[{""speaker"": ""A"", ""message"": ""Have you been exploring spirituality for a while?""}, {""speaker"": ""B"", ""message"": ""I\u2019m trying to spend less time online and more time in real community.""}, {""speaker"": ""A"", ""message"": ""Makes sense""}, {""speaker"": ""B"", ""message"": ""Honestly I\u2019ve been craving more grounded community lately.""}, {""speaker"": ""A"", ""message"": ""Yeah""}, {""speaker"": ""B"", ""message"": ""I got into meditation after feeling pretty burned out last year.""}, {""speaker"": ""A"", ""message"": ""I\u2019m trying to spend less time online and more time in real community.""}, {""speaker"": ""B"", ""message"": ""Totally""}, {""speaker"": ""A"", ""message"": ""Yeah, I\u2019ve been wanting something that feels more intentional than just another meetup.""}, {""speaker"": ""B"", ""message"": ""Yeah""}, {""speaker"": ""A"", ""message"": ""Same. I think finding aligned community is the hardest part.""}, {""speaker"": ""B"", ""message"": ""That makes sense. A lot of social spaces feel pretty surface-level.""}, {""speaker"": ""A"", ""message"": ""I got into meditation after feeling pretty burned out last year.""}]",348.8,7,6,7,7.9,17,ready_for_event
C0428,U103,U044,"[{""speaker"": ""A"", ""message"": ""Are you looking more for events, community, or personal practice right now?""}, {""speaker"": ""B"", ""message"": ""Mostly journaling, breathwork, and trying to be more present.""}, {""speaker"": ""A"", ""message"": ""That makes sense. A lot of social spaces feel pretty surface-level.""}, {""speaker"": ""B"", ""message"": ""Yeah I\u2019ve been feeling that too. It would be nice to meet people in person.""}, {""speaker"": ""A"", ""message"": ""There\u2019s a meditation event next Thursday that looks really grounding.""}, {""speaker"": ""B"", ""message"": ""Wait that actually sounds amazing.""}, {""speaker"": ""A"", ""message"": ""You should come if you\u2019re free.""}, {""speaker"": ""B"", ""message"": ""I\u2019d definitely be down.""}, {""speaker"": ""A"", ""message"": ""Amazing, I\u2019ll send you the details \ud83d\ude4f""}, {""speaker"": ""B"", ""message"": ""Perfect, thank you :)""}]",45.7,5,5,24,8.3,10,ready_for_event
C0429,U058,U134,"[{""speaker"": ""A"", ""message"": ""What kind of practices are helping you lately?""}, {""speaker"": ""B"", ""message"": ""Honestly I\u2019ve been craving more grounded community lately.""}, {""speaker"": ""A"", ""message"": ""That\u2019s beautiful. I\u2019ve been realizing how much environment affects my practice.""}, {""speaker"": ""B"", ""message"": ""Yeah I\u2019ve been feeling that too. It would be nice to meet people in person.""}, {""speaker"": ""A"", ""message"": ""There\u2019s a meditation event next Thursday that looks really grounding.""}, {""speaker"": ""B"", ""message"": ""Wait that actually sounds amazing.""}, {""speaker"": ""A"", ""message"": ""You should come if you\u2019re free.""}, {""speaker"": ""B"", ""message"": ""I\u2019d definitely be down.""}, {""speaker"": ""A"", ""message"": ""Amazing, I\u2019ll send you the details \ud83d\ude4f""}, {""speaker"": ""B"", ""message"": ""Perfect, thank you :)""}, {""speaker"": ""A"", ""message"": ""I think it could be a nice low-pressure way to meet.""}, {""speaker"": ""B"", ""message"": ""Agreed. I like that it\u2019s centered around practice, not just chatting.""}]",100.1,6,6,10,8.3,7,ready_for_event
C0430,U164,U189,"[{""speaker"": ""A"", ""message"": ""Do you usually go to wellness events?""}, {""speaker"": ""B"", ""message"": ""I\u2019m trying to spend less time online and more time in real community.""}, {""speaker"": ""A"", ""message"": ""That\u2019s beautiful. I\u2019ve been realizing how much environment affects my practice.""}, {""speaker"": ""B"", ""message"": ""Yeah, I\u2019ve been wanting something that feels more intentional than just another meetup.""}, {""speaker"": ""A"", ""message"": ""Honestly I\u2019ve been craving more grounded community lately.""}, {""speaker"": ""B"", ""message"": ""I got into meditation after feeling pretty burned out last year.""}, {""speaker"": ""A"", ""message"": ""I\u2019ve been wanting to meet people who care about inner growth.""}, {""speaker"": ""B"", ""message"": ""Yeah""}, {""speaker"": ""A"", ""message"": ""Totally""}, {""speaker"": ""B"", ""message"": ""For sure""}, {""speaker"": ""A"", ""message"": ""That\u2019s beautiful. I\u2019ve been realizing how much environment affects my practice.""}]",83.3,6,5,1,8.1,7,healthy
C0431,U045,U184,"[{""speaker"": ""A"", ""message"": ""Have you been exploring spirituality for a while?""}, {""speaker"": ""B"", ""message"": ""I got into meditation after feeling pretty burned out last year.""}, {""speaker"": ""A"", ""message"": ""That makes sense. A lot of social spaces feel pretty surface-level.""}, {""speaker"": ""B"", ""message"": ""Yeah I\u2019ve been feeling that too. It would be nice to meet people in person.""}, {""speaker"": ""A"", ""message"": ""There\u2019s a meditation event next Thursday that looks really grounding.""}, {""speaker"": ""B"", ""message"": ""Wait that actually sounds amazing.""}, {""speaker"": ""A"", ""message"": ""You should come if you\u2019re free.""}, {""speaker"": ""B"", ""message"": ""I\u2019d definitely be down.""}, {""speaker"": ""A"", ""message"": ""Amazing, I\u2019ll send you the details \ud83d\ude4f""}, {""speaker"": ""B"", ""message"": ""Perfect, thank you :)""}, {""speaker"": ""A"", ""message"": ""I think it could be a nice low-pressure way to meet.""}, {""speaker"": ""B"", ""message"": ""Agreed. I like that it\u2019s centered around practice, not just chatting.""}]",67.9,6,6,19,8.6,10,ready_for_event
C0432,U078,U175,"[{""speaker"": ""A"", ""message"": ""Have you been exploring spirituality for a while?""}, {""speaker"": ""B"", ""message"": ""I feel like I\u2019ve been searching for deeper connection.""}, {""speaker"": ""A"", ""message"": ""That\u2019s beautiful. I\u2019ve been realizing how much environment affects my practice.""}, {""speaker"": ""B"", ""message"": ""Yeah I\u2019ve been feeling that too. It would be nice to meet people in person.""}, {""speaker"": ""A"", ""message"": ""There\u2019s a meditation event next Thursday that looks really grounding.""}, {""speaker"": ""B"", ""message"": ""Wait that actually sounds amazing.""}, {""speaker"": ""A"", ""message"": ""You should come if you\u2019re free.""}, {""speaker"": ""B"", ""message"": ""I\u2019d definitely be down.""}, {""speaker"": ""A"", ""message"": ""Amazing, I\u2019ll send you the details \ud83d\ude4f""}, {""speaker"": ""B"", ""message"": ""Perfect, thank you :)""}]",77.2,5,5,18,7.9,2,ready_for_event
C0433,U152,U085,"[{""speaker"": ""A"", ""message"": ""Have you been exploring spirituality for a while?""}, {""speaker"": ""B"", ""message"": ""I\u2019m trying to spend less time online and more time in real community.""}, {""speaker"": ""A"", ""message"": ""I relate to that. It\u2019s easy to practice alone, but harder to stay consistent without support.""}, {""speaker"": ""B"", ""message"": ""Yeah I\u2019ve been feeling that too. It would be nice to meet people in person.""}, {""speaker"": ""A"", ""message"": ""There\u2019s a community yoga and tea gathering this weekend.""}, {""speaker"": ""B"", ""message"": ""Wait that actually sounds amazing.""}, {""speaker"": ""A"", ""message"": ""You should come if you\u2019re free.""}, {""speaker"": ""B"", ""message"": ""I\u2019d definitely be down.""}, {""speaker"": ""A"", ""message"": ""Amazing, I\u2019ll send you the details \ud83d\ude4f""}, {""speaker"": ""B"", ""message"": ""Perfect, thank you :)""}, {""speaker"": ""A"", ""message"": ""I think it could be a nice low-pressure way to meet.""}, {""speaker"": ""B"", ""message"": ""Agreed. I like that it\u2019s centered around practice, not just chatting.""}]",85.8,6,6,12,9.1,4,ready_for_event
C0434,U062,U106,"[{""speaker"": ""A"", ""message"": ""Busy honestly""}, {""speaker"": ""B"", ""message"": ""That\u2019s cool""}, {""speaker"": ""A"", ""message"": ""Same""}, {""speaker"": ""B"", ""message"": ""How\u2019s your week going?""}, {""speaker"": ""A"", ""message"": ""Busy honestly""}, {""speaker"": ""B"", ""message"": ""Busy honestly""}, {""speaker"": ""A"", ""message"": ""That\u2019s cool""}, {""speaker"": ""B"", ""message"": ""Yeah totally""}, {""speaker"": ""A"", ""message"": ""How\u2019s your week going?""}, {""speaker"": ""B"", ""message"": ""Love that""}, {""speaker"": ""A"", ""message"": ""Nice""}, {""speaker"": ""B"", ""message"": ""How\u2019s your week going?""}]",1776.6,6,6,6,2.3,24,shallow
C0435,U035,U018,"[{""speaker"": ""A"", ""message"": ""Same""}, {""speaker"": ""B"", ""message"": ""Yeah totally""}, {""speaker"": ""A"", ""message"": ""Love that""}, {""speaker"": ""B"", ""message"": ""Hey!""}, {""speaker"": ""A"", ""message"": ""Love that""}, {""speaker"": ""B"", ""message"": ""Busy honestly""}, {""speaker"": ""A"", ""message"": ""Same""}, {""speaker"": ""B"", ""message"": ""Busy honestly""}, {""speaker"": ""A"", ""message"": ""Any plans this weekend?""}, {""speaker"": ""B"", ""message"": ""Busy honestly""}, {""speaker"": ""A"", ""message"": ""Pretty good""}]",1820.9,6,5,2,1.9,20,shallow
C0436,U059,U170,"[{""speaker"": ""A"", ""message"": ""Do you usually go to wellness events?""}, {""speaker"": ""B"", ""message"": ""Just exploring a bit.""}, {""speaker"": ""A"", ""message"": ""I relate to that. It\u2019s easy to practice alone, but harder to stay consistent without support.""}, {""speaker"": ""A"", ""message"": ""I\u2019ve been wanting to meet more intentional people honestly.""}, {""speaker"": ""A"", ""message"": ""I feel like I\u2019ve been searching for deeper connection.""}, {""speaker"": ""A"", ""message"": ""I\u2019ve been wanting to meet people who care about inner growth.""}, {""speaker"": ""A"", ""message"": ""Mostly journaling, breathwork, and trying to be more present.""}, {""speaker"": ""B"", ""message"": ""Makes sense""}, {""speaker"": ""A"", ""message"": ""I\u2019ve been wanting to meet more intentional people honestly.""}, {""speaker"": ""B"", ""message"": ""Totally""}, {""speaker"": ""A"", ""message"": ""That\u2019s beautiful. I\u2019ve been realizing how much environment affects my practice.""}, {""speaker"": ""A"", ""message"": ""Mostly journaling, breathwork, and trying to be more present.""}]",812.4,9,3,4,8.1,12,one_sided
C0437,U012,U102,"[{""speaker"": ""A"", ""message"": ""Have you been exploring spirituality for a while?""}, {""speaker"": ""B"", ""message"": ""I feel like I\u2019ve been searching for deeper connection.""}, {""speaker"": ""A"", ""message"": ""Mostly journaling, breathwork, and trying to be more present.""}, {""speaker"": ""B"", ""message"": ""Same. I think finding aligned community is the hardest part.""}, {""speaker"": ""A"", ""message"": ""I feel like I\u2019ve been searching for deeper connection.""}, {""speaker"": ""B"", ""message"": ""Makes sense""}, {""speaker"": ""A"", ""message"": ""That makes sense. A lot of social spaces feel pretty surface-level.""}, {""speaker"": ""B"", ""message"": ""I\u2019ve been wanting to meet people who care about inner growth.""}, {""speaker"": ""A"", ""message"": ""Cool""}]",459.9,5,4,7,7.8,8,ready_for_event
C0438,U056,U171,"[{""speaker"": ""A"", ""message"": ""What brought you to Sangha?""}, {""speaker"": ""B"", ""message"": ""I\u2019ve been wanting more community honestly.""}, {""speaker"": ""A"", ""message"": ""What kind of practices are you into?""}, {""speaker"": ""B"", ""message"": ""What kind of practices are you into?""}, {""speaker"": ""A"", ""message"": ""I\u2019ve had a busy week.""}, {""speaker"": ""B"", ""message"": ""What kind of practices are you into?""}, {""speaker"": ""A"", ""message"": ""I\u2019ve had a busy week.""}]",2551.6,4,3,6,6.0,72,stalled
C0439,U137,U090,"[{""speaker"": ""A"", ""message"": ""Do you usually go to wellness events?""}, {""speaker"": ""B"", ""message"": ""I\u2019ve been wanting to meet people who care about inner growth.""}, {""speaker"": ""A"", ""message"": ""That\u2019s beautiful. I\u2019ve been realizing how much environment affects my practice.""}, {""speaker"": ""B"", ""message"": ""Yeah""}, {""speaker"": ""A"", ""message"": ""I relate to that. It\u2019s easy to practice alone, but harder to stay consistent without support.""}, {""speaker"": ""B"", ""message"": ""Same. I think finding aligned community is the hardest part.""}, {""speaker"": ""A"", ""message"": ""Nice""}, {""speaker"": ""B"", ""message"": ""I relate to that. It\u2019s easy to practice alone, but harder to stay consistent without support.""}, {""speaker"": ""A"", ""message"": ""I\u2019m trying to spend less time online and more time in real community.""}, {""speaker"": ""B"", ""message"": ""Makes sense""}, {""speaker"": ""A"", ""message"": ""I feel like I\u2019ve been searching for deeper connection.""}]",246.8,6,5,5,8.8,15,ready_for_event
C0440,U116,U050,"[{""speaker"": ""B"", ""message"": ""Do you usually go to wellness events?""}, {""speaker"": ""A"", ""message"": ""Just exploring a bit.""}, {""speaker"": ""B"", ""message"": ""I think community makes practice feel more real.""}, {""speaker"": ""B"", ""message"": ""Same. I think finding aligned community is the hardest part.""}, {""speaker"": ""B"", ""message"": ""I\u2019ve been wanting to meet people who care about inner growth.""}, {""speaker"": ""B"", ""message"": ""Mostly journaling, breathwork, and trying to be more present.""}, {""speaker"": ""B"", ""message"": ""I got into meditation after feeling pretty burned out last year.""}, {""speaker"": ""B"", ""message"": ""I\u2019m trying to spend less time online and more time in real community.""}, {""speaker"": ""B"", ""message"": ""Yeah, I\u2019ve been wanting something that feels more intentional than just another meetup.""}]",869.6,1,8,12,9.6,34,one_sided
C0441,U162,U160,"[{""speaker"": ""A"", ""message"": ""Do you usually go to wellness events?""}, {""speaker"": ""B"", ""message"": ""I\u2019m trying to spend less time online and more time in real community.""}, {""speaker"": ""A"", ""message"": ""That\u2019s beautiful. I\u2019ve been realizing how much environment affects my practice.""}, {""speaker"": ""B"", ""message"": ""Yeah I\u2019ve been feeling that too. It would be nice to meet people in person.""}, {""speaker"": ""A"", ""message"": ""There\u2019s a community yoga and tea gathering this weekend.""}, {""speaker"": ""B"", ""message"": ""Wait that actually sounds amazing.""}, {""speaker"": ""A"", ""message"": ""You should come if you\u2019re free.""}, {""speaker"": ""B"", ""message"": ""I\u2019d definitely be down.""}, {""speaker"": ""A"", ""message"": ""Amazing, I\u2019ll send you the details \ud83d\ude4f""}, {""speaker"": ""B"", ""message"": ""Perfect, thank you :)""}, {""speaker"": ""A"", ""message"": ""I think it could be a nice low-pressure way to meet.""}, {""speaker"": ""B"", ""message"": ""Agreed. I like that it\u2019s centered around practice, not just chatting.""}]",29.1,6,6,11,8.6,8,ready_for_event
C0442,U151,U010,"[{""speaker"": ""A"", ""message"": ""Nice""}, {""speaker"": ""B"", ""message"": ""That\u2019s cool""}, {""speaker"": ""A"", ""message"": ""Any plans this weekend?""}, {""speaker"": ""B"", ""message"": ""Pretty good""}, {""speaker"": ""A"", ""message"": ""That\u2019s cool""}, {""speaker"": ""B"", ""message"": ""Hey!""}, {""speaker"": ""A"", ""message"": ""Pretty good""}, {""speaker"": ""B"", ""message"": ""Hey!""}, {""speaker"": ""A"", ""message"": ""Not really haha""}, {""speaker"": ""B"", ""message"": ""Hey haha""}]",1488.1,5,5,1,2.0,19,shallow
C0443,U129,U154,"[{""speaker"": ""A"", ""message"": ""Have you been exploring spirituality for a while?""}, {""speaker"": ""B"", ""message"": ""Mostly just exploring right now.""}, {""speaker"": ""A"", ""message"": ""Yeah I relate to that.""}]",5074.3,2,1,9,6.0,46,stalled
C0444,U077,U029,"[{""speaker"": ""A"", ""message"": ""Do you usually go to wellness events?""}, {""speaker"": ""B"", ""message"": ""Mostly journaling, breathwork, and trying to be more present.""}, {""speaker"": ""A"", ""message"": ""Totally""}, {""speaker"": ""B"", ""message"": ""For sure""}, {""speaker"": ""A"", ""message"": ""Cool""}, {""speaker"": ""B"", ""message"": ""Haha same""}, {""speaker"": ""A"", ""message"": ""Makes sense""}, {""speaker"": ""B"", ""message"": ""Totally""}, {""speaker"": ""A"", ""message"": ""Honestly I\u2019ve been craving more grounded community lately.""}]",376.0,5,4,10,3.7,20,healthy
C0445,U100,U056,"[{""speaker"": ""A"", ""message"": ""Same""}, {""speaker"": ""B"", ""message"": ""Pretty good""}, {""speaker"": ""A"", ""message"": ""Not really haha""}, {""speaker"": ""B"", ""message"": ""Pretty good""}, {""speaker"": ""A"", ""message"": ""Pretty good""}, {""speaker"": ""B"", ""message"": ""Busy honestly""}, {""speaker"": ""A"", ""message"": ""Not really haha""}, {""speaker"": ""B"", ""message"": ""How\u2019s your week going?""}, {""speaker"": ""A"", ""message"": ""Not really haha""}]",1746.3,5,4,5,2.4,4,shallow
C0446,U036,U130,"[{""speaker"": ""A"", ""message"": ""Have you been exploring spirituality for a while?""}, {""speaker"": ""B"", ""message"": ""Trying to get back into meditation.""}, {""speaker"": ""A"", ""message"": ""Sorry just saw this.""}, {""speaker"": ""B"", ""message"": ""Yeah I relate to that.""}, {""speaker"": ""A"", ""message"": ""Sorry just saw this.""}, {""speaker"": ""B"", ""message"": ""That makes sense.""}]",3851.0,3,3,2,5.0,55,stalled
C0447,U184,U098,"[{""speaker"": ""A"", ""message"": ""Are you looking more for events, community, or personal practice right now?""}, {""speaker"": ""B"", ""message"": ""I feel like I\u2019ve been searching for deeper connection.""}, {""speaker"": ""A"", ""message"": ""I got into meditation after feeling pretty burned out last year.""}, {""speaker"": ""B"", ""message"": ""Nice""}, {""speaker"": ""A"", ""message"": ""I\u2019m trying to spend less time online and more time in real community.""}, {""speaker"": ""B"", ""message"": ""I feel like I\u2019ve been searching for deeper connection.""}, {""speaker"": ""A"", ""message"": ""Cool""}, {""speaker"": ""B"", ""message"": ""Cool""}, {""speaker"": ""A"", ""message"": ""I feel like I\u2019ve been searching for deeper connection.""}, {""speaker"": ""B"", ""message"": ""Honestly I\u2019ve been craving more grounded community lately.""}, {""speaker"": ""A"", ""message"": ""That\u2019s beautiful. I\u2019ve been realizing how much environment affects my practice.""}]",417.2,6,5,2,7.7,11,healthy
C0448,U082,U041,"[{""speaker"": ""A"", ""message"": ""What brought you to Sangha?""}, {""speaker"": ""B"", ""message"": ""Just exploring a bit.""}, {""speaker"": ""A"", ""message"": ""I got into meditation after feeling pretty burned out last year.""}, {""speaker"": ""A"", ""message"": ""Yeah, I\u2019ve been wanting something that feels more intentional than just another meetup.""}, {""speaker"": ""A"", ""message"": ""Same. I think finding aligned community is the hardest part.""}, {""speaker"": ""A"", ""message"": ""I\u2019ve been wanting to meet people who care about inner growth.""}, {""speaker"": ""A"", ""message"": ""That\u2019s beautiful. I\u2019ve been realizing how much environment affects my practice.""}, {""speaker"": ""A"", ""message"": ""Mostly journaling, breathwork, and trying to be more present.""}, {""speaker"": ""A"", ""message"": ""That\u2019s beautiful. I\u2019ve been realizing how much environment affects my practice.""}, {""speaker"": ""A"", ""message"": ""I\u2019m trying to spend less time online and more time in real community.""}, {""speaker"": ""A"", ""message"": ""I\u2019m trying to spend less time online and more time in real community.""}, {""speaker"": ""A"", ""message"": ""That makes sense. A lot of social spaces feel pretty surface-level.""}, {""speaker"": ""A"", ""message"": ""Most of my friends aren\u2019t really into this kind of stuff.""}]",345.9,12,1,10,10.2,31,one_sided
C0449,U007,U183,"[{""speaker"": ""B"", ""message"": ""Are you looking more for events, community, or personal practice right now?""}, {""speaker"": ""A"", ""message"": ""Mostly curious.""}, {""speaker"": ""B"", ""message"": ""Honestly I\u2019ve been craving more grounded community lately.""}, {""speaker"": ""B"", ""message"": ""I\u2019ve been wanting to meet people who care about inner growth.""}, {""speaker"": ""A"", ""message"": ""Yeah""}, {""speaker"": ""B"", ""message"": ""I think community makes practice feel more real.""}, {""speaker"": ""B"", ""message"": ""I\u2019ve been wanting to meet more intentional people honestly.""}, {""speaker"": ""A"", ""message"": ""Totally""}, {""speaker"": ""B"", ""message"": ""I\u2019m trying to spend less time online and more time in real community.""}, {""speaker"": ""B"", ""message"": ""I got into meditation after feeling pretty burned out last year.""}, {""speaker"": ""B"", ""message"": ""I\u2019ve been wanting to meet people who care about inner growth.""}, {""speaker"": ""B"", ""message"": ""I feel like I\u2019ve been searching for deeper connection.""}, {""speaker"": ""B"", ""message"": ""Do you usually go to things like this?""}, {""speaker"": ""B"", ""message"": ""Most of my friends aren\u2019t really into this kind of stuff.""}, {""speaker"": ""B"", ""message"": ""That makes sense. A lot of social spaces feel pretty surface-level.""}, {""speaker"": ""B"", ""message"": ""I feel like I\u2019ve been searching for deeper connection.""}]",917.1,3,13,11,8.4,36,one_sided
C0450,U029,U192,"[{""speaker"": ""A"", ""message"": ""Hey!""}, {""speaker"": ""B"", ""message"": ""Nice""}, {""speaker"": ""A"", ""message"": ""Same""}, {""speaker"": ""B"", ""message"": ""Same""}, {""speaker"": ""A"", ""message"": ""Hey haha""}, {""speaker"": ""B"", ""message"": ""Love that""}, {""speaker"": ""A"", ""message"": ""Love that""}, {""speaker"": ""B"", ""message"": ""Nice""}, {""speaker"": ""A"", ""message"": ""That\u2019s cool""}, {""speaker"": ""B"", ""message"": ""Nice""}]",1668.5,5,5,8,1.4,5,shallow
C0451,U094,U080,"[{""speaker"": ""A"", ""message"": ""What brought you to Sangha?""}, {""speaker"": ""B"", ""message"": ""Trying to get back into meditation.""}, {""speaker"": ""A"", ""message"": ""That makes sense.""}, {""speaker"": ""B"", ""message"": ""That makes sense.""}, {""speaker"": ""A"", ""message"": ""Yeah I relate to that.""}, {""speaker"": ""B"", ""message"": ""Yeah I relate to that.""}, {""speaker"": ""A"", ""message"": ""I\u2019ve had a busy week.""}]",3031.1,4,3,5,4.6,76,stalled
C0452,U134,U095,"[{""speaker"": ""A"", ""message"": ""Have you been exploring spirituality for a while?""}, {""speaker"": ""B"", ""message"": ""Trying to get back into meditation.""}, {""speaker"": ""A"", ""message"": ""Yeah I relate to that.""}, {""speaker"": ""B"", ""message"": ""What kind of practices are you into?""}, {""speaker"": ""A"", ""message"": ""What kind of practices are you into?""}]",2383.9,3,2,6,6.6,139,stalled
C0453,U025,U004,"[{""speaker"": ""A"", ""message"": ""Pretty good""}, {""speaker"": ""B"", ""message"": ""Love that""}, {""speaker"": ""A"", ""message"": ""Busy honestly""}, {""speaker"": ""B"", ""message"": ""Pretty good""}, {""speaker"": ""A"", ""message"": ""How\u2019s your week going?""}, {""speaker"": ""B"", ""message"": ""That\u2019s cool""}, {""speaker"": ""A"", ""message"": ""Busy honestly""}, {""speaker"": ""B"", ""message"": ""Hey!""}, {""speaker"": ""A"", ""message"": ""Hey haha""}, {""speaker"": ""B"", ""message"": ""Same""}, {""speaker"": ""A"", ""message"": ""Nice""}, {""speaker"": ""B"", ""message"": ""Not really haha""}]",1281.2,6,6,3,2.0,8,shallow
C0454,U157,U088,"[{""speaker"": ""A"", ""message"": ""What kind of practices are helping you lately?""}, {""speaker"": ""B"", ""message"": ""I got into meditation after feeling pretty burned out last year.""}, {""speaker"": ""A"", ""message"": ""I relate to that. It\u2019s easy to practice alone, but harder to stay consistent without support.""}, {""speaker"": ""B"", ""message"": ""Yeah I\u2019ve been feeling that too. It would be nice to meet people in person.""}, {""speaker"": ""A"", ""message"": ""There\u2019s actually a sound bath this weekend I was thinking of going to.""}, {""speaker"": ""B"", ""message"": ""Wait that actually sounds amazing.""}, {""speaker"": ""A"", ""message"": ""You should come if you\u2019re free.""}, {""speaker"": ""B"", ""message"": ""I\u2019d definitely be down.""}, {""speaker"": ""A"", ""message"": ""Amazing, I\u2019ll send you the details \ud83d\ude4f""}, {""speaker"": ""B"", ""message"": ""Perfect, thank you :)""}]",62.5,5,5,25,8.9,11,ready_for_event
C0455,U034,U138,"[{""speaker"": ""A"", ""message"": ""Hey haha""}, {""speaker"": ""B"", ""message"": ""Yeah totally""}, {""speaker"": ""A"", ""message"": ""Nice""}, {""speaker"": ""B"", ""message"": ""How\u2019s your week going?""}, {""speaker"": ""A"", ""message"": ""Busy honestly""}, {""speaker"": ""B"", ""message"": ""Love that""}, {""speaker"": ""A"", ""message"": ""Pretty good""}, {""speaker"": ""B"", ""message"": ""How\u2019s your week going?""}, {""speaker"": ""A"", ""message"": ""Any plans this weekend?""}]",1084.9,5,4,2,2.6,16,shallow
C0456,U106,U127,"[{""speaker"": ""B"", ""message"": ""Do you usually go to wellness events?""}, {""speaker"": ""A"", ""message"": ""Mostly curious.""}, {""speaker"": ""B"", ""message"": ""Yeah, I\u2019ve been wanting something that feels more intentional than just another meetup.""}, {""speaker"": ""B"", ""message"": ""That makes sense. A lot of social spaces feel pretty surface-level.""}, {""speaker"": ""B"", ""message"": ""I relate to that. It\u2019s easy to practice alone, but harder to stay consistent without support.""}, {""speaker"": ""A"", ""message"": ""Totally""}, {""speaker"": ""B"", ""message"": ""Most of my friends aren\u2019t really into this kind of stuff.""}, {""speaker"": ""B"", ""message"": ""That makes sense. A lot of social spaces feel pretty surface-level.""}, {""speaker"": ""B"", ""message"": ""I\u2019m trying to spend less time online and more time in real community.""}, {""speaker"": ""B"", ""message"": ""I relate to that. It\u2019s easy to practice alone, but harder to stay consistent without support.""}, {""speaker"": ""B"", ""message"": ""Do you usually go to things like this?""}, {""speaker"": ""B"", ""message"": ""I got into meditation after feeling pretty burned out last year.""}, {""speaker"": ""B"", ""message"": ""That makes sense. A lot of social spaces feel pretty surface-level.""}, {""speaker"": ""B"", ""message"": ""I\u2019ve been wanting to meet more intentional people honestly.""}]",678.3,2,12,11,10.0,32,one_sided
C0457,U118,U009,"[{""speaker"": ""A"", ""message"": ""Have you been exploring spirituality for a while?""}, {""speaker"": ""B"", ""message"": ""I got into meditation after feeling pretty burned out last year.""}, {""speaker"": ""A"", ""message"": ""I\u2019m trying to spend less time online and more time in real community.""}, {""speaker"": ""B"", ""message"": ""Nice""}, {""speaker"": ""A"", ""message"": ""I feel like I\u2019ve been searching for deeper connection.""}, {""speaker"": ""B"", ""message"": ""Honestly I\u2019ve been craving more grounded community lately.""}, {""speaker"": ""A"", ""message"": ""Totally""}, {""speaker"": ""B"", ""message"": ""That\u2019s beautiful. I\u2019ve been realizing how much environment affects my practice.""}, {""speaker"": ""A"", ""message"": ""Yeah, I\u2019ve been wanting something that feels more intentional than just another meetup.""}, {""speaker"": ""B"", ""message"": ""Yeah""}, {""speaker"": ""A"", ""message"": ""I got into meditation after feeling pretty burned out last year.""}, {""speaker"": ""B"", ""message"": ""Cool""}, {""speaker"": ""A"", ""message"": ""Yeah, I\u2019ve been wanting something that feels more intentional than just another meetup.""}, {""speaker"": ""B"", ""message"": ""I relate to that. It\u2019s easy to practice alone, but harder to stay consistent without support.""}, {""speaker"": ""A"", ""message"": ""For sure""}]",178.4,8,7,11,7.9,18,ready_for_event
C0458,U167,U078,"[{""speaker"": ""A"", ""message"": ""Do you usually go to wellness events?""}, {""speaker"": ""B"", ""message"": ""Honestly I\u2019ve been craving more grounded community lately.""}, {""speaker"": ""A"", ""message"": ""That makes sense. A lot of social spaces feel pretty surface-level.""}, {""speaker"": ""B"", ""message"": ""Yeah I\u2019ve been feeling that too. It would be nice to meet people in person.""}, {""speaker"": ""A"", ""message"": ""I saw a breathwork class nearby that feels pretty aligned.""}, {""speaker"": ""B"", ""message"": ""Wait that actually sounds amazing.""}, {""speaker"": ""A"", ""message"": ""You should come if you\u2019re free.""}, {""speaker"": ""B"", ""message"": ""I\u2019d definitely be down.""}, {""speaker"": ""A"", ""message"": ""Amazing, I\u2019ll send you the details \ud83d\ude4f""}, {""speaker"": ""B"", ""message"": ""Perfect, thank you :)""}, {""speaker"": ""A"", ""message"": ""I think it could be a nice low-pressure way to meet.""}, {""speaker"": ""B"", ""message"": ""Agreed. I like that it\u2019s centered around practice, not just chatting.""}]",41.7,6,6,22,8.2,2,ready_for_event
C0459,U038,U131,"[{""speaker"": ""B"", ""message"": ""Have you been exploring spirituality for a while?""}, {""speaker"": ""A"", ""message"": ""Mostly curious.""}, {""speaker"": ""B"", ""message"": ""I\u2019ve been wanting to meet more intentional people honestly.""}, {""speaker"": ""B"", ""message"": ""Yeah, I\u2019ve been wanting something that feels more intentional than just another meetup.""}, {""speaker"": ""B"", ""message"": ""Yeah, I\u2019ve been wanting something that feels more intentional than just another meetup.""}, {""speaker"": ""B"", ""message"": ""I\u2019ve been wanting to meet people who care about inner growth.""}, {""speaker"": ""B"", ""message"": ""Mostly journaling, breathwork, and trying to be more present.""}, {""speaker"": ""B"", ""message"": ""I think community makes practice feel more real.""}, {""speaker"": ""A"", ""message"": ""Yeah""}, {""speaker"": ""B"", ""message"": ""Most of my friends aren\u2019t really into this kind of stuff.""}, {""speaker"": ""B"", ""message"": ""Yeah, I\u2019ve been wanting something that feels more intentional than just another meetup.""}, {""speaker"": ""B"", ""message"": ""Honestly I\u2019ve been craving more grounded community lately.""}, {""speaker"": ""B"", ""message"": ""I relate to that. It\u2019s easy to practice alone, but harder to stay consistent without support.""}, {""speaker"": ""B"", ""message"": ""I\u2019m trying to spend less time online and more time in real community.""}, {""speaker"": ""B"", ""message"": ""Same. I think finding aligned community is the hardest part.""}]",436.2,2,13,1,9.7,5,one_sided
C0460,U175,U052,"[{""speaker"": ""A"", ""message"": ""Have you been exploring spirituality for a while?""}, {""speaker"": ""B"", ""message"": ""Trying to get back into meditation.""}, {""speaker"": ""A"", ""message"": ""That makes sense.""}, {""speaker"": ""B"", ""message"": ""What kind of practices are you into?""}, {""speaker"": ""A"", ""message"": ""What kind of practices are you into?""}]",2426.7,3,2,8,6.2,155,stalled
C0461,U011,U082,"[{""speaker"": ""A"", ""message"": ""Do you usually go to wellness events?""}, {""speaker"": ""B"", ""message"": ""I feel like I\u2019ve been searching for deeper connection.""}, {""speaker"": ""A"", ""message"": ""Yeah, I\u2019ve been wanting something that feels more intentional than just another meetup.""}, {""speaker"": ""B"", ""message"": ""Yeah I\u2019ve been feeling that too. It would be nice to meet people in person.""}, {""speaker"": ""A"", ""message"": ""There\u2019s actually a sound bath this weekend I was thinking of going to.""}, {""speaker"": ""B"", ""message"": ""Wait that actually sounds amazing.""}, {""speaker"": ""A"", ""message"": ""You should come if you\u2019re free.""}, {""speaker"": ""B"", ""message"": ""I\u2019d definitely be down.""}, {""speaker"": ""A"", ""message"": ""Amazing, I\u2019ll send you the details \ud83d\ude4f""}, {""speaker"": ""B"", ""message"": ""Perfect, thank you :)""}]",69.5,5,5,9,8.3,5,ready_for_event
C0462,U147,U098,"[{""speaker"": ""A"", ""message"": ""Pretty good""}, {""speaker"": ""B"", ""message"": ""Busy honestly""}, {""speaker"": ""A"", ""message"": ""Nice""}, {""speaker"": ""B"", ""message"": ""Love that""}, {""speaker"": ""A"", ""message"": ""Same""}, {""speaker"": ""B"", ""message"": ""Any plans this weekend?""}, {""speaker"": ""A"", ""message"": ""Hey!""}]",882.3,4,3,6,1.9,24,shallow
C0463,U115,U193,"[{""speaker"": ""A"", ""message"": ""What kind of practices are helping you lately?""}, {""speaker"": ""B"", ""message"": ""Trying to get back into meditation.""}, {""speaker"": ""A"", ""message"": ""What kind of practices are you into?""}, {""speaker"": ""B"", ""message"": ""I\u2019ve had a busy week.""}, {""speaker"": ""A"", ""message"": ""I\u2019ve had a busy week.""}]",2904.5,3,2,8,6.2,41,stalled
C0464,U134,U172,"[{""speaker"": ""A"", ""message"": ""Do you usually go to wellness events?""}, {""speaker"": ""B"", ""message"": ""Trying to get back into meditation.""}, {""speaker"": ""A"", ""message"": ""Yeah I relate to that.""}, {""speaker"": ""B"", ""message"": ""Sorry just saw this.""}, {""speaker"": ""A"", ""message"": ""I\u2019ve had a busy week.""}, {""speaker"": ""B"", ""message"": ""I\u2019ve had a busy week.""}]",3850.2,3,3,5,5.3,131,stalled
C0465,U160,U149,"[{""speaker"": ""A"", ""message"": ""Have you been exploring spirituality for a while?""}, {""speaker"": ""B"", ""message"": ""Mostly just exploring right now.""}, {""speaker"": ""A"", ""message"": ""What kind of practices are you into?""}, {""speaker"": ""B"", ""message"": ""I\u2019ve had a busy week.""}, {""speaker"": ""A"", ""message"": ""What kind of practices are you into?""}, {""speaker"": ""B"", ""message"": ""What kind of practices are you into?""}, {""speaker"": ""A"", ""message"": ""What kind of practices are you into?""}]",2969.8,4,3,2,6.6,100,stalled
C0466,U052,U185,"[{""speaker"": ""A"", ""message"": ""Are you looking more for events, community, or personal practice right now?""}, {""speaker"": ""B"", ""message"": ""Mostly just exploring right now.""}, {""speaker"": ""A"", ""message"": ""Yeah I relate to that.""}, {""speaker"": ""B"", ""message"": ""I\u2019ve had a busy week.""}, {""speaker"": ""A"", ""message"": ""I\u2019ve had a busy week.""}, {""speaker"": ""B"", ""message"": ""That makes sense.""}]",1429.9,3,3,6,5.8,92,stalled
C0467,U051,U169,"[{""speaker"": ""A"", ""message"": ""Do you usually go to wellness events?""}, {""speaker"": ""B"", ""message"": ""I\u2019ve been wanting more community honestly.""}, {""speaker"": ""A"", ""message"": ""That makes sense.""}, {""speaker"": ""B"", ""message"": ""Yeah I relate to that.""}, {""speaker"": ""A"", ""message"": ""Sorry just saw this.""}]",4319.0,3,2,6,5.0,60,stalled
C0468,U032,U144,"[{""speaker"": ""A"", ""message"": ""Have you been exploring spirituality for a while?""}, {""speaker"": ""B"", ""message"": ""I got into meditation after feeling pretty burned out last year.""}, {""speaker"": ""A"", ""message"": ""That makes sense. A lot of social spaces feel pretty surface-level.""}, {""speaker"": ""B"", ""message"": ""I\u2019m trying to spend less time online and more time in real community.""}, {""speaker"": ""A"", ""message"": ""I relate to that. It\u2019s easy to practice alone, but harder to stay consistent without support.""}, {""speaker"": ""B"", ""message"": ""For sure""}, {""speaker"": ""A"", ""message"": ""Mostly journaling, breathwork, and trying to be more present.""}, {""speaker"": ""B"", ""message"": ""I got into meditation after feeling pretty burned out last year.""}, {""speaker"": ""A"", ""message"": ""That makes sense. A lot of social spaces feel pretty surface-level.""}]",65.1,5,4,2,10.2,8,healthy
C0469,U179,U159,"[{""speaker"": ""A"", ""message"": ""Are you looking more for events, community, or personal practice right now?""}, {""speaker"": ""B"", ""message"": ""Honestly I\u2019ve been craving more grounded community lately.""}, {""speaker"": ""A"", ""message"": ""I got into meditation after feeling pretty burned out last year.""}, {""speaker"": ""B"", ""message"": ""Makes sense""}, {""speaker"": ""A"", ""message"": ""Honestly I\u2019ve been craving more grounded community lately.""}, {""speaker"": ""B"", ""message"": ""I\u2019m trying to spend less time online and more time in real community.""}, {""speaker"": ""A"", ""message"": ""That\u2019s beautiful. I\u2019ve been realizing how much environment affects my practice.""}, {""speaker"": ""B"", ""message"": ""I relate to that. It\u2019s easy to practice alone, but harder to stay consistent without support.""}, {""speaker"": ""A"", ""message"": ""Same. I think finding aligned community is the hardest part.""}, {""speaker"": ""B"", ""message"": ""I relate to that. It\u2019s easy to practice alone, but harder to stay consistent without support.""}, {""speaker"": ""A"", ""message"": ""Love that""}, {""speaker"": ""B"", ""message"": ""That makes sense. A lot of social spaces feel pretty surface-level.""}, {""speaker"": ""A"", ""message"": ""I\u2019m trying to spend less time online and more time in real community.""}, {""speaker"": ""B"", ""message"": ""Mostly journaling, breathwork, and trying to be more present.""}, {""speaker"": ""A"", ""message"": ""Yeah, I\u2019ve been wanting something that feels more intentional than just another meetup.""}, {""speaker"": ""B"", ""message"": ""Yeah""}, {""speaker"": ""A"", ""message"": ""Cool""}, {""speaker"": ""B"", ""message"": ""Honestly I\u2019ve been craving more grounded community lately.""}]",50.8,9,9,2,9.2,3,healthy
C0470,U198,U041,"[{""speaker"": ""A"", ""message"": ""Any plans this weekend?""}, {""speaker"": ""B"", ""message"": ""Hey haha""}, {""speaker"": ""A"", ""message"": ""Busy honestly""}, {""speaker"": ""B"", ""message"": ""Love that""}, {""speaker"": ""A"", ""message"": ""Hey!""}, {""speaker"": ""B"", ""message"": ""Busy honestly""}, {""speaker"": ""A"", ""message"": ""Hey haha""}, {""speaker"": ""B"", ""message"": ""Busy honestly""}, {""speaker"": ""A"", ""message"": ""Hey haha""}, {""speaker"": ""B"", ""message"": ""Hey!""}, {""speaker"": ""A"", ""message"": ""Not really haha""}, {""speaker"": ""B"", ""message"": ""Hey!""}]",1550.1,6,6,7,2.0,24,shallow
C0471,U023,U116,"[{""speaker"": ""A"", ""message"": ""What kind of practices are helping you lately?""}, {""speaker"": ""B"", ""message"": ""Honestly I\u2019ve been craving more grounded community lately.""}, {""speaker"": ""A"", ""message"": ""Yeah, I\u2019ve been wanting something that feels more intentional than just another meetup.""}, {""speaker"": ""B"", ""message"": ""Same. I think finding aligned community is the hardest part.""}, {""speaker"": ""A"", ""message"": ""Love that""}, {""speaker"": ""B"", ""message"": ""I\u2019m trying to spend less time online and more time in real community.""}, {""speaker"": ""A"", ""message"": ""I\u2019ve been wanting to meet people who care about inner growth.""}, {""speaker"": ""B"", ""message"": ""That makes sense. A lot of social spaces feel pretty surface-level.""}]",108.8,4,4,4,9.5,5,healthy
C0472,U023,U034,"[{""speaker"": ""A"", ""message"": ""Do you usually go to wellness events?""}, {""speaker"": ""B"", ""message"": ""I\u2019ve been wanting more community honestly.""}, {""speaker"": ""A"", ""message"": ""That makes sense.""}]",3659.3,2,1,8,5.3,133,stalled
C0473,U088,U132,"[{""speaker"": ""A"", ""message"": ""Any plans this weekend?""}, {""speaker"": ""B"", ""message"": ""Not really haha""}, {""speaker"": ""A"", ""message"": ""Pretty good""}, {""speaker"": ""B"", ""message"": ""Nice""}, {""speaker"": ""A"", ""message"": ""That\u2019s cool""}, {""speaker"": ""B"", ""message"": ""Yeah totally""}, {""speaker"": ""A"", ""message"": ""Yeah totally""}, {""speaker"": ""B"", ""message"": ""Any plans this weekend?""}, {""speaker"": ""A"", ""message"": ""Hey!""}, {""speaker"": ""B"", ""message"": ""Busy honestly""}, {""speaker"": ""A"", ""message"": ""Yeah totally""}, {""speaker"": ""B"", ""message"": ""Love that""}]",1757.5,6,6,6,2.2,9,shallow
C0474,U079,U087,"[{""speaker"": ""A"", ""message"": ""What kind of practices are helping you lately?""}, {""speaker"": ""B"", ""message"": ""Mostly journaling, breathwork, and trying to be more present.""}, {""speaker"": ""A"", ""message"": ""I relate to that. It\u2019s easy to practice alone, but harder to stay consistent without support.""}, {""speaker"": ""B"", ""message"": ""Mostly journaling, breathwork, and trying to be more present.""}, {""speaker"": ""A"", ""message"": ""I feel like I\u2019ve been searching for deeper connection.""}, {""speaker"": ""B"", ""message"": ""Honestly I\u2019ve been craving more grounded community lately.""}, {""speaker"": ""A"", ""message"": ""I got into meditation after feeling pretty burned out last year.""}, {""speaker"": ""B"", ""message"": ""Makes sense""}]",158.2,4,4,2,9.0,1,healthy
C0475,U129,U002,"[{""speaker"": ""A"", ""message"": ""Are you looking more for events, community, or personal practice right now?""}, {""speaker"": ""B"", ""message"": ""I\u2019ve been wanting more community honestly.""}, {""speaker"": ""A"", ""message"": ""I\u2019ve had a busy week.""}, {""speaker"": ""B"", ""message"": ""Sorry just saw this.""}, {""speaker"": ""A"", ""message"": ""Sorry just saw this.""}, {""speaker"": ""B"", ""message"": ""That makes sense.""}, {""speaker"": ""A"", ""message"": ""That makes sense.""}]",3318.4,4,3,9,5.3,162,stalled
C0476,U064,U043,"[{""speaker"": ""A"", ""message"": ""What brought you to Sangha?""}, {""speaker"": ""B"", ""message"": ""I\u2019m trying to spend less time online and more time in real community.""}, {""speaker"": ""A"", ""message"": ""Haha same""}, {""speaker"": ""B"", ""message"": ""I\u2019ve been wanting to meet people who care about inner growth.""}, {""speaker"": ""A"", ""message"": ""That\u2019s beautiful. I\u2019ve been realizing how much environment affects my practice.""}, {""speaker"": ""B"", ""message"": ""I relate to that. It\u2019s easy to practice alone, but harder to stay consistent without support.""}, {""speaker"": ""A"", ""message"": ""Nice""}, {""speaker"": ""B"", ""message"": ""Same. I think finding aligned community is the hardest part.""}, {""speaker"": ""A"", ""message"": ""Cool""}, {""speaker"": ""B"", ""message"": ""That makes sense. A lot of social spaces feel pretty surface-level.""}, {""speaker"": ""A"", ""message"": ""I\u2019m trying to spend less time online and more time in real community.""}, {""speaker"": ""B"", ""message"": ""For sure""}, {""speaker"": ""A"", ""message"": ""That\u2019s beautiful. I\u2019ve been realizing how much environment affects my practice.""}, {""speaker"": ""B"", ""message"": ""Nice""}, {""speaker"": ""A"", ""message"": ""I\u2019ve been wanting to meet people who care about inner growth.""}, {""speaker"": ""B"", ""message"": ""I\u2019m trying to spend less time online and more time in real community.""}, {""speaker"": ""A"", ""message"": ""Love that""}]",241.1,9,8,9,7.9,10,ready_for_event
C0477,U006,U050,"[{""speaker"": ""A"", ""message"": ""What brought you to Sangha?""}, {""speaker"": ""B"", ""message"": ""I\u2019m trying to spend less time online and more time in real community.""}, {""speaker"": ""A"", ""message"": ""That\u2019s beautiful. I\u2019ve been realizing how much environment affects my practice.""}, {""speaker"": ""B"", ""message"": ""Yeah I\u2019ve been feeling that too. It would be nice to meet people in person.""}, {""speaker"": ""A"", ""message"": ""I saw a breathwork class nearby that feels pretty aligned.""}, {""speaker"": ""B"", ""message"": ""Wait that actually sounds amazing.""}, {""speaker"": ""A"", ""message"": ""You should come if you\u2019re free.""}, {""speaker"": ""B"", ""message"": ""I\u2019d definitely be down.""}, {""speaker"": ""A"", ""message"": ""Amazing, I\u2019ll send you the details \ud83d\ude4f""}, {""speaker"": ""B"", ""message"": ""Perfect, thank you :)""}]",48.7,5,5,16,8.0,1,ready_for_event
C0478,U169,U034,"[{""speaker"": ""A"", ""message"": ""Do you usually go to wellness events?""}, {""speaker"": ""B"", ""message"": ""I\u2019ve been wanting to meet people who care about inner growth.""}, {""speaker"": ""A"", ""message"": ""I feel like I\u2019ve been searching for deeper connection.""}, {""speaker"": ""B"", ""message"": ""Yeah, I\u2019ve been wanting something that feels more intentional than just another meetup.""}, {""speaker"": ""A"", ""message"": ""Honestly I\u2019ve been craving more grounded community lately.""}, {""speaker"": ""B"", ""message"": ""Honestly I\u2019ve been craving more grounded community lately.""}, {""speaker"": ""A"", ""message"": ""I\u2019m trying to spend less time online and more time in real community.""}, {""speaker"": ""B"", ""message"": ""I\u2019ve been wanting to meet people who care about inner growth.""}, {""speaker"": ""A"", ""message"": ""Love that""}, {""speaker"": ""B"", ""message"": ""Haha same""}, {""speaker"": ""A"", ""message"": ""I got into meditation after feeling pretty burned out last year.""}]",322.3,6,5,2,8.6,12,healthy
C0479,U149,U183,"[{""speaker"": ""A"", ""message"": ""Busy honestly""}, {""speaker"": ""B"", ""message"": ""Nice""}, {""speaker"": ""A"", ""message"": ""Any plans this weekend?""}, {""speaker"": ""B"", ""message"": ""Love that""}, {""speaker"": ""A"", ""message"": ""Busy honestly""}, {""speaker"": ""B"", ""message"": ""That\u2019s cool""}, {""speaker"": ""A"", ""message"": ""Pretty good""}, {""speaker"": ""B"", ""message"": ""Love that""}, {""speaker"": ""A"", ""message"": ""Nice""}, {""speaker"": ""B"", ""message"": ""How\u2019s your week going?""}, {""speaker"": ""A"", ""message"": ""Love that""}]",2690.3,6,5,3,2.2,23,shallow
C0480,U065,U118,"[{""speaker"": ""A"", ""message"": ""What kind of practices are helping you lately?""}, {""speaker"": ""B"", ""message"": ""Mostly journaling, breathwork, and trying to be more present.""}, {""speaker"": ""A"", ""message"": ""Same. I think finding aligned community is the hardest part.""}, {""speaker"": ""B"", ""message"": ""That makes sense. A lot of social spaces feel pretty surface-level.""}, {""speaker"": ""A"", ""message"": ""Haha same""}, {""speaker"": ""B"", ""message"": ""I\u2019m trying to spend less time online and more time in real community.""}, {""speaker"": ""A"", ""message"": ""Same. I think finding aligned community is the hardest part.""}, {""speaker"": ""B"", ""message"": ""I feel like I\u2019ve been searching for deeper connection.""}, {""speaker"": ""A"", ""message"": ""I\u2019m trying to spend less time online and more time in real community.""}]",343.5,5,4,6,9.4,11,ready_for_event
C0481,U126,U161,"[{""speaker"": ""A"", ""message"": ""Do you usually go to wellness events?""}, {""speaker"": ""B"", ""message"": ""Honestly I\u2019ve been craving more grounded community lately.""}, {""speaker"": ""A"", ""message"": ""Mostly journaling, breathwork, and trying to be more present.""}, {""speaker"": ""B"", ""message"": ""That makes sense. A lot of social spaces feel pretty surface-level.""}, {""speaker"": ""A"", ""message"": ""Nice""}, {""speaker"": ""B"", ""message"": ""Love that""}, {""speaker"": ""A"", ""message"": ""Honestly I\u2019ve been craving more grounded community lately.""}, {""speaker"": ""B"", ""message"": ""I\u2019ve been wanting to meet people who care about inner growth.""}, {""speaker"": ""A"", ""message"": ""I got into meditation after feeling pretty burned out last year.""}, {""speaker"": ""B"", ""message"": ""Cool""}, {""speaker"": ""A"", ""message"": ""That\u2019s beautiful. I\u2019ve been realizing how much environment affects my practice.""}, {""speaker"": ""B"", ""message"": ""Same. I think finding aligned community is the hardest part.""}, {""speaker"": ""A"", ""message"": ""Yeah""}, {""speaker"": ""B"", ""message"": ""I\u2019m trying to spend less time online and more time in real community.""}, {""speaker"": ""A"", ""message"": ""I\u2019ve been wanting to meet people who care about inner growth.""}, {""speaker"": ""B"", ""message"": ""Makes sense""}, {""speaker"": ""A"", ""message"": ""Nice""}]",330.4,9,8,4,6.9,19,healthy
C0482,U038,U173,"[{""speaker"": ""A"", ""message"": ""Have you been exploring spirituality for a while?""}, {""speaker"": ""B"", ""message"": ""I got into meditation after feeling pretty burned out last year.""}, {""speaker"": ""A"", ""message"": ""I got into meditation after feeling pretty burned out last year.""}, {""speaker"": ""B"", ""message"": ""Haha same""}, {""speaker"": ""A"", ""message"": ""Totally""}, {""speaker"": ""B"", ""message"": ""For sure""}, {""speaker"": ""A"", ""message"": ""I feel like I\u2019ve been searching for deeper connection.""}, {""speaker"": ""B"", ""message"": ""Yeah, I\u2019ve been wanting something that feels more intentional than just another meetup.""}, {""speaker"": ""A"", ""message"": ""Same. I think finding aligned community is the hardest part.""}, {""speaker"": ""B"", ""message"": ""Nice""}, {""speaker"": ""A"", ""message"": ""I\u2019ve been wanting to meet people who care about inner growth.""}, {""speaker"": ""B"", ""message"": ""For sure""}, {""speaker"": ""A"", ""message"": ""Love that""}, {""speaker"": ""B"", ""message"": ""Makes sense""}, {""speaker"": ""A"", ""message"": ""Nice""}, {""speaker"": ""B"", ""message"": ""Totally""}, {""speaker"": ""A"", ""message"": ""I relate to that. It\u2019s easy to practice alone, but harder to stay consistent without support.""}, {""speaker"": ""B"", ""message"": ""I\u2019m trying to spend less time online and more time in real community.""}]",281.1,9,9,12,6.4,11,ready_for_event
C0483,U005,U167,"[{""speaker"": ""A"", ""message"": ""What brought you to Sangha?""}, {""speaker"": ""B"", ""message"": ""Honestly I\u2019ve been craving more grounded community lately.""}, {""speaker"": ""A"", ""message"": ""Yeah, I\u2019ve been wanting something that feels more intentional than just another meetup.""}, {""speaker"": ""B"", ""message"": ""Yeah I\u2019ve been feeling that too. It would be nice to meet people in person.""}, {""speaker"": ""A"", ""message"": ""I saw a breathwork class nearby that feels pretty aligned.""}, {""speaker"": ""B"", ""message"": ""Wait that actually sounds amazing.""}, {""speaker"": ""A"", ""message"": ""You should come if you\u2019re free.""}, {""speaker"": ""B"", ""message"": ""I\u2019d definitely be down.""}, {""speaker"": ""A"", ""message"": ""Amazing, I\u2019ll send you the details \ud83d\ude4f""}, {""speaker"": ""B"", ""message"": ""Perfect, thank you :)""}, {""speaker"": ""A"", ""message"": ""I think it could be a nice low-pressure way to meet.""}, {""speaker"": ""B"", ""message"": ""Agreed. I like that it\u2019s centered around practice, not just chatting.""}]",119.0,6,6,10,8.2,10,ready_for_event
C0484,U029,U173,"[{""speaker"": ""A"", ""message"": ""Do you usually go to wellness events?""}, {""speaker"": ""B"", ""message"": ""Trying to get back into meditation.""}, {""speaker"": ""A"", ""message"": ""I\u2019ve had a busy week.""}, {""speaker"": ""B"", ""message"": ""That makes sense.""}, {""speaker"": ""A"", ""message"": ""That makes sense.""}, {""speaker"": ""B"", ""message"": ""What kind of practices are you into?""}, {""speaker"": ""A"", ""message"": ""I\u2019ve had a busy week.""}]",5292.6,4,3,5,5.1,151,stalled
C0485,U198,U038,"[{""speaker"": ""B"", ""message"": ""Have you been exploring spirituality for a while?""}, {""speaker"": ""A"", ""message"": ""Just exploring a bit.""}, {""speaker"": ""B"", ""message"": ""That makes sense. A lot of social spaces feel pretty surface-level.""}, {""speaker"": ""B"", ""message"": ""Mostly journaling, breathwork, and trying to be more present.""}, {""speaker"": ""B"", ""message"": ""I\u2019ve been wanting to meet people who care about inner growth.""}, {""speaker"": ""B"", ""message"": ""Same. I think finding aligned community is the hardest part.""}, {""speaker"": ""B"", ""message"": ""Most of my friends aren\u2019t really into this kind of stuff.""}, {""speaker"": ""B"", ""message"": ""I relate to that. It\u2019s easy to practice alone, but harder to stay consistent without support.""}, {""speaker"": ""B"", ""message"": ""I\u2019m trying to spend less time online and more time in real community.""}, {""speaker"": ""B"", ""message"": ""Honestly I\u2019ve been craving more grounded community lately.""}]",322.8,1,9,1,10.1,25,one_sided
C0486,U071,U011,"[{""speaker"": ""B"", ""message"": ""Are you looking more for events, community, or personal practice right now?""}, {""speaker"": ""A"", ""message"": ""Just exploring a bit.""}, {""speaker"": ""B"", ""message"": ""Most of my friends aren\u2019t really into this kind of stuff.""}, {""speaker"": ""B"", ""message"": ""Do you usually go to things like this?""}, {""speaker"": ""B"", ""message"": ""I\u2019ve been wanting to meet people who care about inner growth.""}, {""speaker"": ""B"", ""message"": ""I relate to that. It\u2019s easy to practice alone, but harder to stay consistent without support.""}, {""speaker"": ""B"", ""message"": ""That makes sense. A lot of social spaces feel pretty surface-level.""}, {""speaker"": ""A"", ""message"": ""Makes sense""}, {""speaker"": ""B"", ""message"": ""I relate to that. It\u2019s easy to practice alone, but harder to stay consistent without support.""}, {""speaker"": ""B"", ""message"": ""I\u2019ve been wanting to meet more intentional people honestly.""}, {""speaker"": ""B"", ""message"": ""I feel like I\u2019ve been searching for deeper connection.""}, {""speaker"": ""B"", ""message"": ""I\u2019ve been wanting to meet people who care about inner growth.""}, {""speaker"": ""B"", ""message"": ""Yeah, I\u2019ve been wanting something that feels more intentional than just another meetup.""}, {""speaker"": ""B"", ""message"": ""I got into meditation after feeling pretty burned out last year.""}, {""speaker"": ""B"", ""message"": ""That makes sense. A lot of social spaces feel pretty surface-level.""}]",355.3,2,13,9,10.3,8,one_sided
C0487,U177,U044,"[{""speaker"": ""A"", ""message"": ""Do you usually go to wellness events?""}, {""speaker"": ""B"", ""message"": ""Mostly journaling, breathwork, and trying to be more present.""}, {""speaker"": ""A"", ""message"": ""I relate to that. It\u2019s easy to practice alone, but harder to stay consistent without support.""}, {""speaker"": ""B"", ""message"": ""I relate to that. It\u2019s easy to practice alone, but harder to stay consistent without support.""}, {""speaker"": ""A"", ""message"": ""Makes sense""}, {""speaker"": ""B"", ""message"": ""Nice""}, {""speaker"": ""A"", ""message"": ""Mostly journaling, breathwork, and trying to be more present.""}, {""speaker"": ""B"", ""message"": ""Mostly journaling, breathwork, and trying to be more present.""}]",187.4,4,4,11,8.6,18,ready_for_event
C0488,U105,U186,"[{""speaker"": ""B"", ""message"": ""What kind of practices are helping you lately?""}, {""speaker"": ""A"", ""message"": ""Mostly curious.""}, {""speaker"": ""B"", ""message"": ""Do you usually go to things like this?""}, {""speaker"": ""A"", ""message"": ""Totally""}, {""speaker"": ""B"", ""message"": ""I think community makes practice feel more real.""}, {""speaker"": ""B"", ""message"": ""I\u2019m trying to spend less time online and more time in real community.""}, {""speaker"": ""B"", ""message"": ""I think community makes practice feel more real.""}, {""speaker"": ""B"", ""message"": ""I\u2019m trying to spend less time online and more time in real community.""}, {""speaker"": ""B"", ""message"": ""Honestly I\u2019ve been craving more grounded community lately.""}, {""speaker"": ""B"", ""message"": ""Yeah, I\u2019ve been wanting something that feels more intentional than just another meetup.""}, {""speaker"": ""A"", ""message"": ""Yeah""}, {""speaker"": ""B"", ""message"": ""That\u2019s beautiful. I\u2019ve been realizing how much environment affects my practice.""}, {""speaker"": ""B"", ""message"": ""That makes sense. A lot of social spaces feel pretty surface-level.""}, {""speaker"": ""B"", ""message"": ""I\u2019m trying to spend less time online and more time in real community.""}, {""speaker"": ""B"", ""message"": ""I got into meditation after feeling pretty burned out last year.""}]",950.1,3,12,12,8.6,22,one_sided
C0489,U065,U005,"[{""speaker"": ""A"", ""message"": ""Do you usually go to wellness events?""}, {""speaker"": ""B"", ""message"": ""I\u2019ve been wanting more community honestly.""}, {""speaker"": ""A"", ""message"": ""That makes sense.""}, {""speaker"": ""B"", ""message"": ""I\u2019ve had a busy week.""}, {""speaker"": ""A"", ""message"": ""That makes sense.""}, {""speaker"": ""B"", ""message"": ""What kind of practices are you into?""}, {""speaker"": ""A"", ""message"": ""Sorry just saw this.""}]",1553.6,4,3,4,5.0,140,stalled
C0490,U142,U075,"[{""speaker"": ""A"", ""message"": ""Pretty good""}, {""speaker"": ""B"", ""message"": ""Pretty good""}, {""speaker"": ""A"", ""message"": ""Hey haha""}, {""speaker"": ""B"", ""message"": ""Hey haha""}, {""speaker"": ""A"", ""message"": ""Love that""}, {""speaker"": ""B"", ""message"": ""Any plans this weekend?""}, {""speaker"": ""A"", ""message"": ""Not really haha""}]",1966.1,4,3,4,2.4,13,shallow
C0491,U166,U012,"[{""speaker"": ""A"", ""message"": ""Have you been exploring spirituality for a while?""}, {""speaker"": ""B"", ""message"": ""Yeah, still figuring it out.""}, {""speaker"": ""A"", ""message"": ""I\u2019m trying to spend less time online and more time in real community.""}, {""speaker"": ""A"", ""message"": ""Most of my friends aren\u2019t really into this kind of stuff.""}, {""speaker"": ""A"", ""message"": ""Do you usually go to things like this?""}, {""speaker"": ""A"", ""message"": ""Same. I think finding aligned community is the hardest part.""}, {""speaker"": ""A"", ""message"": ""I think community makes practice feel more real.""}, {""speaker"": ""A"", ""message"": ""That makes sense. A lot of social spaces feel pretty surface-level.""}, {""speaker"": ""A"", ""message"": ""That\u2019s beautiful. I\u2019ve been realizing how much environment affects my practice.""}]",39.7,8,1,13,9.4,8,one_sided
C0492,U173,U082,"[{""speaker"": ""A"", ""message"": ""Are you looking more for events, community, or personal practice right now?""}, {""speaker"": ""B"", ""message"": ""Honestly I\u2019ve been craving more grounded community lately.""}, {""speaker"": ""A"", ""message"": ""Mostly journaling, breathwork, and trying to be more present.""}, {""speaker"": ""B"", ""message"": ""That\u2019s beautiful. I\u2019ve been realizing how much environment affects my practice.""}, {""speaker"": ""A"", ""message"": ""I got into meditation after feeling pretty burned out last year.""}, {""speaker"": ""B"", ""message"": ""For sure""}, {""speaker"": ""A"", ""message"": ""For sure""}, {""speaker"": ""B"", ""message"": ""For sure""}, {""speaker"": ""A"", ""message"": ""Nice""}, {""speaker"": ""B"", ""message"": ""Makes sense""}, {""speaker"": ""A"", ""message"": ""Yeah""}, {""speaker"": ""B"", ""message"": ""Mostly journaling, breathwork, and trying to be more present.""}, {""speaker"": ""A"", ""message"": ""Cool""}, {""speaker"": ""B"", ""message"": ""That makes sense. A lot of social spaces feel pretty surface-level.""}, {""speaker"": ""A"", ""message"": ""Haha same""}, {""speaker"": ""B"", ""message"": ""I\u2019ve been wanting to meet people who care about inner growth.""}, {""speaker"": ""A"", ""message"": ""Honestly I\u2019ve been craving more grounded community lately.""}, {""speaker"": ""B"", ""message"": ""I relate to that. It\u2019s easy to practice alone, but harder to stay consistent without support.""}]",360.9,9,9,11,6.6,11,ready_for_event
C0493,U179,U099,"[{""speaker"": ""B"", ""message"": ""What kind of practices are helping you lately?""}, {""speaker"": ""A"", ""message"": ""Yeah, still figuring it out.""}, {""speaker"": ""B"", ""message"": ""I think community makes practice feel more real.""}, {""speaker"": ""B"", ""message"": ""Yeah, I\u2019ve been wanting something that feels more intentional than just another meetup.""}, {""speaker"": ""B"", ""message"": ""Mostly journaling, breathwork, and trying to be more present.""}, {""speaker"": ""B"", ""message"": ""Most of my friends aren\u2019t really into this kind of stuff.""}, {""speaker"": ""A"", ""message"": ""Yeah""}, {""speaker"": ""B"", ""message"": ""I\u2019m trying to spend less time online and more time in real community.""}, {""speaker"": ""B"", ""message"": ""I relate to that. It\u2019s easy to practice alone, but harder to stay consistent without support.""}, {""speaker"": ""B"", ""message"": ""I\u2019ve been wanting to meet people who care about inner growth.""}, {""speaker"": ""B"", ""message"": ""That makes sense. A lot of social spaces feel pretty surface-level.""}, {""speaker"": ""B"", ""message"": ""That makes sense. A lot of social spaces feel pretty surface-level.""}, {""speaker"": ""B"", ""message"": ""Yeah, I\u2019ve been wanting something that feels more intentional than just another meetup.""}, {""speaker"": ""B"", ""message"": ""Do you usually go to things like this?""}, {""speaker"": ""B"", ""message"": ""Same. I think finding aligned community is the hardest part.""}, {""speaker"": ""B"", ""message"": ""I relate to that. It\u2019s easy to practice alone, but harder to stay consistent without support.""}]",508.6,2,14,2,10.2,11,one_sided
C0494,U075,U114,"[{""speaker"": ""A"", ""message"": ""What kind of practices are helping you lately?""}, {""speaker"": ""B"", ""message"": ""Mostly just exploring right now.""}, {""speaker"": ""A"", ""message"": ""What kind of practices are you into?""}, {""speaker"": ""B"", ""message"": ""What kind of practices are you into?""}, {""speaker"": ""A"", ""message"": ""Yeah I relate to that.""}]",1323.3,3,2,3,6.4,33,stalled
C0495,U120,U118,"[{""speaker"": ""A"", ""message"": ""Are you looking more for events, community, or personal practice right now?""}, {""speaker"": ""B"", ""message"": ""I feel like I\u2019ve been searching for deeper connection.""}, {""speaker"": ""A"", ""message"": ""I feel like I\u2019ve been searching for deeper connection.""}, {""speaker"": ""B"", ""message"": ""Cool""}, {""speaker"": ""A"", ""message"": ""Mostly journaling, breathwork, and trying to be more present.""}, {""speaker"": ""B"", ""message"": ""Same. I think finding aligned community is the hardest part.""}, {""speaker"": ""A"", ""message"": ""I feel like I\u2019ve been searching for deeper connection.""}, {""speaker"": ""B"", ""message"": ""For sure""}, {""speaker"": ""A"", ""message"": ""For sure""}, {""speaker"": ""B"", ""message"": ""I relate to that. It\u2019s easy to practice alone, but harder to stay consistent without support.""}, {""speaker"": ""A"", ""message"": ""That\u2019s beautiful. I\u2019ve been realizing how much environment affects my practice.""}, {""speaker"": ""B"", ""message"": ""That\u2019s beautiful. I\u2019ve been realizing how much environment affects my practice.""}, {""speaker"": ""A"", ""message"": ""I feel like I\u2019ve been searching for deeper connection.""}, {""speaker"": ""B"", ""message"": ""I relate to that. It\u2019s easy to practice alone, but harder to stay consistent without support.""}, {""speaker"": ""A"", ""message"": ""I\u2019ve been wanting to meet people who care about inner growth.""}, {""speaker"": ""B"", ""message"": ""Yeah""}]",447.9,8,8,10,8.6,3,ready_for_event
C0496,U112,U022,"[{""speaker"": ""A"", ""message"": ""What brought you to Sangha?""}, {""speaker"": ""B"", ""message"": ""Trying to get back into meditation.""}, {""speaker"": ""A"", ""message"": ""Sorry just saw this.""}, {""speaker"": ""B"", ""message"": ""That makes sense.""}, {""speaker"": ""A"", ""message"": ""Sorry just saw this.""}]",2275.9,3,2,9,4.4,71,stalled
C0497,U200,U023,"[{""speaker"": ""A"", ""message"": ""Do you usually go to wellness events?""}, {""speaker"": ""B"", ""message"": ""I\u2019ve been wanting more community honestly.""}, {""speaker"": ""A"", ""message"": ""That makes sense.""}, {""speaker"": ""B"", ""message"": ""That makes sense.""}, {""speaker"": ""A"", ""message"": ""I\u2019ve had a busy week.""}]",5110.0,3,2,8,4.8,160,stalled
C0498,U040,U010,"[{""speaker"": ""A"", ""message"": ""Are you looking more for events, community, or personal practice right now?""}, {""speaker"": ""B"", ""message"": ""Mostly curious.""}, {""speaker"": ""A"", ""message"": ""I relate to that. It\u2019s easy to practice alone, but harder to stay consistent without support.""}, {""speaker"": ""A"", ""message"": ""I feel like I\u2019ve been searching for deeper connection.""}, {""speaker"": ""A"", ""message"": ""I think community makes practice feel more real.""}, {""speaker"": ""A"", ""message"": ""That\u2019s beautiful. I\u2019ve been realizing how much environment affects my practice.""}, {""speaker"": ""A"", ""message"": ""I feel like I\u2019ve been searching for deeper connection.""}, {""speaker"": ""A"", ""message"": ""That makes sense. A lot of social spaces feel pretty surface-level.""}, {""speaker"": ""A"", ""message"": ""Same. I think finding aligned community is the hardest part.""}, {""speaker"": ""A"", ""message"": ""Honestly I\u2019ve been craving more grounded community lately.""}, {""speaker"": ""A"", ""message"": ""Most of my friends aren\u2019t really into this kind of stuff.""}, {""speaker"": ""A"", ""message"": ""Honestly I\u2019ve been craving more grounded community lately.""}]",881.3,11,1,3,9.6,18,one_sided
C0499,U137,U053,"[{""speaker"": ""B"", ""message"": ""Do you usually go to wellness events?""}, {""speaker"": ""A"", ""message"": ""Yeah, still figuring it out.""}, {""speaker"": ""B"", ""message"": ""Yeah, I\u2019ve been wanting something that feels more intentional than just another meetup.""}, {""speaker"": ""B"", ""message"": ""That\u2019s beautiful. I\u2019ve been realizing how much environment affects my practice.""}, {""speaker"": ""B"", ""message"": ""That\u2019s beautiful. I\u2019ve been realizing how much environment affects my practice.""}, {""speaker"": ""B"", ""message"": ""I feel like I\u2019ve been searching for deeper connection.""}, {""speaker"": ""A"", ""message"": ""Makes sense""}, {""speaker"": ""B"", ""message"": ""Mostly journaling, breathwork, and trying to be more present.""}, {""speaker"": ""A"", ""message"": ""Yeah""}, {""speaker"": ""B"", ""message"": ""Same. I think finding aligned community is the hardest part.""}, {""speaker"": ""B"", ""message"": ""I think community makes practice feel more real.""}, {""speaker"": ""B"", ""message"": ""Do you usually go to things like this?""}, {""speaker"": ""B"", ""message"": ""Yeah, I\u2019ve been wanting something that feels more intentional than just another meetup.""}, {""speaker"": ""B"", ""message"": ""Most of my friends aren\u2019t really into this kind of stuff.""}, {""speaker"": ""B"", ""message"": ""Do you usually go to things like this?""}, {""speaker"": ""B"", ""message"": ""Mostly journaling, breathwork, and trying to be more present.""}]",487.9,3,13,2,8.4,3,one_sided
C0500,U151,U194,"[{""speaker"": ""A"", ""message"": ""Hey haha""}, {""speaker"": ""B"", ""message"": ""Hey!""}, {""speaker"": ""A"", ""message"": ""Hey haha""}, {""speaker"": ""B"", ""message"": ""Hey!""}, {""speaker"": ""A"", ""message"": ""Not really haha""}, {""speaker"": ""B"", ""message"": ""Not really haha""}]",1877.4,3,3,5,2.0,17,shallow
